### job=612037 nodes=2 ntasks=40 nodelist=kura-2a.cnca,kura-2b.cnca start=2026-09-07T15:48:59-06:00
fbcdc31afbcbb4cc6416c3ad4328460d  pic
b0fc67b1e38cf1a1d5386bff0b5ad736  pic-lto
992efe734e123a6eed588bad792abc6b  pic-mpi
70194c16ec1d18309d77821b760ea7b8  pic-mpi-lto
564c0f68a93fb6ed53d368280dac4445  bs-solctra-multinode
22016471f0492d168d143c53f72ecd31  bs-solctra-multinode-lto
fd401c5c8e8f461cf2e0ca665e5a026f  bs-solctra-rs
a64c85102b6c093b813a1b7b5c9a709e  bs-solctra-rs-lto
### code=pic lang=c lto=0 scaling=strong style=GEOMETRIC rep=0
Parallel Research Kernels version 2.17
MPI Particle-in-Cell execution on 2D grid
Number of ranks                    = 40
Load balancing                     = None
Grid size                          = 1000
Tiles in x/y-direction             = 5/8
Number of particles requested      = 1228800
Number of time steps               = 100
Initialization mode                = GEOMETRIC
  Attenuation factor               = 0.990000
Particle charge semi-increment (k) = 1
Vertical velocity              (m) = 2
Rank search mode used              = simple
Number of particles placed         = 1226576
Solution validates
Rate (Mparticles_moved/s): 122.748616
### code=pic lang=c lto=1 scaling=strong style=GEOMETRIC rep=0
Parallel Research Kernels version 2.17
MPI Particle-in-Cell execution on 2D grid
Number of ranks                    = 40
Load balancing                     = None
Grid size                          = 1000
Tiles in x/y-direction             = 5/8
Number of particles requested      = 1228800
Number of time steps               = 100
Initialization mode                = GEOMETRIC
  Attenuation factor               = 0.990000
Particle charge semi-increment (k) = 1
Vertical velocity              (m) = 2
Rank search mode used              = simple
Number of particles placed         = 1226576
Solution validates
Rate (Mparticles_moved/s): 123.520206
### code=pic lang=rust lto=0 scaling=strong style=GEOMETRIC rep=0
Parallel Research Kernels
MPI Particle-in-Cell execution on 2D grid
Number of ranks                    = 40
Load balancing                     = None
Grid size                          = 1000
Tiles in x/y-direction             = 5/8
Number of particles requested      = 1228800
Number of time steps               = 100
Initialization mode            = GEOMETRIC
  Attenuation factor           = 0.990000
Particle charge semi-increment (k) = 1
Vertical velocity              (m) = 2
Rank search mode used              = simple
Number of particles placed         = 1226576
total time: 1.040511214
Solution validates
Rate (Mparticles_moved/s): 118.095796
### code=pic lang=rust lto=1 scaling=strong style=GEOMETRIC rep=0
Parallel Research Kernels
MPI Particle-in-Cell execution on 2D grid
Number of ranks                    = 40
Load balancing                     = None
Grid size                          = 1000
Tiles in x/y-direction             = 5/8
Number of particles requested      = 1228800
Number of time steps               = 100
Initialization mode            = GEOMETRIC
  Attenuation factor           = 0.990000
Particle charge semi-increment (k) = 1
Vertical velocity              (m) = 2
Rank search mode used              = simple
Number of particles placed         = 1226576
total time: 1.01005629
Solution validates
Rate (Mparticles_moved/s): 121.656586
### code=pic lang=c lto=0 scaling=strong style=SINUSOIDAL rep=0
Parallel Research Kernels version 2.17
MPI Particle-in-Cell execution on 2D grid
Number of ranks                    = 40
Load balancing                     = None
Grid size                          = 1000
Tiles in x/y-direction             = 5/8
Number of particles requested      = 1228800
Number of time steps               = 100
Initialization mode                = SINUSOIDAL
Particle charge semi-increment (k) = 0
Vertical velocity              (m) = 1
Rank search mode used              = simple
Number of particles placed         = 1218658
Solution validates
Rate (Mparticles_moved/s): 220.445630
### code=pic lang=c lto=1 scaling=strong style=SINUSOIDAL rep=0
Parallel Research Kernels version 2.17
MPI Particle-in-Cell execution on 2D grid
Number of ranks                    = 40
Load balancing                     = None
Grid size                          = 1000
Tiles in x/y-direction             = 5/8
Number of particles requested      = 1228800
Number of time steps               = 100
Initialization mode                = SINUSOIDAL
Particle charge semi-increment (k) = 0
Vertical velocity              (m) = 1
Rank search mode used              = simple
Number of particles placed         = 1218658
Solution validates
Rate (Mparticles_moved/s): 242.514605
### code=pic lang=rust lto=0 scaling=strong style=SINUSOIDAL rep=0
Parallel Research Kernels
MPI Particle-in-Cell execution on 2D grid
Number of ranks                    = 40
Load balancing                     = None
Grid size                          = 1000
Tiles in x/y-direction             = 5/8
Number of particles requested      = 1228800
Number of time steps               = 100
Initialization mode                = SINUSOIDAL
Particle charge semi-increment (k) = 0
Vertical velocity              (m) = 1
Rank search mode used              = simple
Number of particles placed         = 1218658
total time: 0.59434977
Solution validates
Rate (Mparticles_moved/s): 206.746946
### code=pic lang=rust lto=1 scaling=strong style=SINUSOIDAL rep=0
Parallel Research Kernels
MPI Particle-in-Cell execution on 2D grid
Number of ranks                    = 40
Load balancing                     = None
Grid size                          = 1000
Tiles in x/y-direction             = 5/8
Number of particles requested      = 1228800
Number of time steps               = 100
Initialization mode                = SINUSOIDAL
Particle charge semi-increment (k) = 0
Vertical velocity              (m) = 1
Rank search mode used              = simple
Number of particles placed         = 1218658
total time: 0.716830804
Solution validates
Rate (Mparticles_moved/s): 171.421205
### code=pic lang=c lto=0 scaling=strong style=LINEAR rep=0
Parallel Research Kernels version 2.17
MPI Particle-in-Cell execution on 2D grid
Number of ranks                    = 40
Load balancing                     = None
Grid size                          = 1000
Tiles in x/y-direction             = 5/8
Number of particles requested      = 1228800
Number of time steps               = 100
Initialization mode                = LINEAR
  Negative slope                   = 1.000000
  Offset                           = 3.000000
Particle charge semi-increment (k) = 1
Vertical velocity              (m) = 0
Rank search mode used              = simple
Number of particles placed         = 1129164
Solution validates
Rate (Mparticles_moved/s): 341.713763
### code=pic lang=c lto=1 scaling=strong style=LINEAR rep=0
Parallel Research Kernels version 2.17
MPI Particle-in-Cell execution on 2D grid
Number of ranks                    = 40
Load balancing                     = None
Grid size                          = 1000
Tiles in x/y-direction             = 5/8
Number of particles requested      = 1228800
Number of time steps               = 100
Initialization mode                = LINEAR
  Negative slope                   = 1.000000
  Offset                           = 3.000000
Particle charge semi-increment (k) = 1
Vertical velocity              (m) = 0
Rank search mode used              = simple
Number of particles placed         = 1129164
Solution validates
Rate (Mparticles_moved/s): 382.584619
### code=pic lang=rust lto=0 scaling=strong style=LINEAR rep=0
Parallel Research Kernels
MPI Particle-in-Cell execution on 2D grid
Number of ranks                    = 40
Load balancing                     = None
Grid size                          = 1000
Tiles in x/y-direction             = 5/8
Number of particles requested      = 1228800
Number of time steps               = 100
Initialization mode            = LINEAR
  Negative slope               = 1.000000
  Offset                       = 3.000000
Particle charge semi-increment (k) = 1
Vertical velocity              (m) = 0
Rank search mode used              = simple
Number of particles placed         = 1129164
total time: 0.444535364
Solution validates
Rate (Mparticles_moved/s): 276.423452
### code=pic lang=rust lto=1 scaling=strong style=LINEAR rep=0
Parallel Research Kernels
MPI Particle-in-Cell execution on 2D grid
Number of ranks                    = 40
Load balancing                     = None
Grid size                          = 1000
Tiles in x/y-direction             = 5/8
Number of particles requested      = 1228800
Number of time steps               = 100
Initialization mode            = LINEAR
  Negative slope               = 1.000000
  Offset                       = 3.000000
Particle charge semi-increment (k) = 1
Vertical velocity              (m) = 0
Rank search mode used              = simple
Number of particles placed         = 1129164
total time: 0.428173605
Solution validates
Rate (Mparticles_moved/s): 286.986397
### code=pic lang=c lto=0 scaling=strong style=PATCH rep=0
Parallel Research Kernels version 2.17
MPI Particle-in-Cell execution on 2D grid
Number of ranks                    = 40
Load balancing                     = None
Grid size                          = 1000
Tiles in x/y-direction             = 5/8
Number of particles requested      = 1228800
Number of time steps               = 100
Initialization mode                = PATCH
  Bounding box                     = 0, 200, 100, 200
Particle charge semi-increment (k) = 1
Vertical velocity              (m) = 0
Rank search mode used              = simple
Number of particles placed         = 1227313
Solution validates
Rate (Mparticles_moved/s): 20.804887
### code=pic lang=c lto=1 scaling=strong style=PATCH rep=0
Parallel Research Kernels version 2.17
MPI Particle-in-Cell execution on 2D grid
Number of ranks                    = 40
Load balancing                     = None
Grid size                          = 1000
Tiles in x/y-direction             = 5/8
Number of particles requested      = 1228800
Number of time steps               = 100
Initialization mode                = PATCH
  Bounding box                     = 0, 200, 100, 200
Particle charge semi-increment (k) = 1
Vertical velocity              (m) = 0
Rank search mode used              = simple
Number of particles placed         = 1227313
Solution validates
Rate (Mparticles_moved/s): 21.673678
### code=pic lang=rust lto=0 scaling=strong style=PATCH rep=0
Parallel Research Kernels
MPI Particle-in-Cell execution on 2D grid
Number of ranks                    = 40
Load balancing                     = None
Grid size                          = 1000
Tiles in x/y-direction             = 5/8
Number of particles requested      = 1228800
Number of time steps               = 100
Initialization mode            = PATCH
  Bounding box                 = 0, 200, 100, 200
Particle charge semi-increment (k) = 1
Vertical velocity              (m) = 0
Rank search mode used              = simple
Number of particles placed         = 1227313
total time: 5.402387327
Solution validates
Rate (Mparticles_moved/s): 22.745500
### code=pic lang=rust lto=1 scaling=strong style=PATCH rep=0
Parallel Research Kernels
MPI Particle-in-Cell execution on 2D grid
Number of ranks                    = 40
Load balancing                     = None
Grid size                          = 1000
Tiles in x/y-direction             = 5/8
Number of particles requested      = 1228800
Number of time steps               = 100
Initialization mode            = PATCH
  Bounding box                 = 0, 200, 100, 200
Particle charge semi-increment (k) = 1
Vertical velocity              (m) = 0
Rank search mode used              = simple
Number of particles placed         = 1227313
total time: 5.38405333
Solution validates
Rate (Mparticles_moved/s): 22.822954
### code=pic lang=c lto=0 scaling=strong style=GEOMETRIC rep=1
Parallel Research Kernels version 2.17
MPI Particle-in-Cell execution on 2D grid
Number of ranks                    = 40
Load balancing                     = None
Grid size                          = 1000
Tiles in x/y-direction             = 5/8
Number of particles requested      = 1228800
Number of time steps               = 100
Initialization mode                = GEOMETRIC
  Attenuation factor               = 0.990000
Particle charge semi-increment (k) = 1
Vertical velocity              (m) = 2
Rank search mode used              = simple
Number of particles placed         = 1226576
Solution validates
Rate (Mparticles_moved/s): 122.791390
### code=pic lang=c lto=1 scaling=strong style=GEOMETRIC rep=1
Parallel Research Kernels version 2.17
MPI Particle-in-Cell execution on 2D grid
Number of ranks                    = 40
Load balancing                     = None
Grid size                          = 1000
Tiles in x/y-direction             = 5/8
Number of particles requested      = 1228800
Number of time steps               = 100
Initialization mode                = GEOMETRIC
  Attenuation factor               = 0.990000
Particle charge semi-increment (k) = 1
Vertical velocity              (m) = 2
Rank search mode used              = simple
Number of particles placed         = 1226576
Solution validates
Rate (Mparticles_moved/s): 123.256382
### code=pic lang=rust lto=0 scaling=strong style=GEOMETRIC rep=1
Parallel Research Kernels
MPI Particle-in-Cell execution on 2D grid
Number of ranks                    = 40
Load balancing                     = None
Grid size                          = 1000
Tiles in x/y-direction             = 5/8
Number of particles requested      = 1228800
Number of time steps               = 100
Initialization mode            = GEOMETRIC
  Attenuation factor           = 0.990000
Particle charge semi-increment (k) = 1
Vertical velocity              (m) = 2
Rank search mode used              = simple
Number of particles placed         = 1226576
total time: 1.051191151
Solution validates
Rate (Mparticles_moved/s): 116.895961
### code=pic lang=rust lto=1 scaling=strong style=GEOMETRIC rep=1
Parallel Research Kernels
MPI Particle-in-Cell execution on 2D grid
Number of ranks                    = 40
Load balancing                     = None
Grid size                          = 1000
Tiles in x/y-direction             = 5/8
Number of particles requested      = 1228800
Number of time steps               = 100
Initialization mode            = GEOMETRIC
  Attenuation factor           = 0.990000
Particle charge semi-increment (k) = 1
Vertical velocity              (m) = 2
Rank search mode used              = simple
Number of particles placed         = 1226576
total time: 1.090536269
Solution validates
Rate (Mparticles_moved/s): 112.678508
### code=pic lang=c lto=0 scaling=strong style=SINUSOIDAL rep=1
Parallel Research Kernels version 2.17
MPI Particle-in-Cell execution on 2D grid
Number of ranks                    = 40
Load balancing                     = None
Grid size                          = 1000
Tiles in x/y-direction             = 5/8
Number of particles requested      = 1228800
Number of time steps               = 100
Initialization mode                = SINUSOIDAL
Particle charge semi-increment (k) = 0
Vertical velocity              (m) = 1
Rank search mode used              = simple
Number of particles placed         = 1218658
Solution validates
Rate (Mparticles_moved/s): 231.325844
### code=pic lang=c lto=1 scaling=strong style=SINUSOIDAL rep=1
Parallel Research Kernels version 2.17
MPI Particle-in-Cell execution on 2D grid
Number of ranks                    = 40
Load balancing                     = None
Grid size                          = 1000
Tiles in x/y-direction             = 5/8
Number of particles requested      = 1228800
Number of time steps               = 100
Initialization mode                = SINUSOIDAL
Particle charge semi-increment (k) = 0
Vertical velocity              (m) = 1
Rank search mode used              = simple
Number of particles placed         = 1218658
Solution validates
Rate (Mparticles_moved/s): 259.228825
### code=pic lang=rust lto=0 scaling=strong style=SINUSOIDAL rep=1
Parallel Research Kernels
MPI Particle-in-Cell execution on 2D grid
Number of ranks                    = 40
Load balancing                     = None
Grid size                          = 1000
Tiles in x/y-direction             = 5/8
Number of particles requested      = 1228800
Number of time steps               = 100
Initialization mode                = SINUSOIDAL
Particle charge semi-increment (k) = 0
Vertical velocity              (m) = 1
Rank search mode used              = simple
Number of particles placed         = 1218658
total time: 0.687217177
Solution validates
Rate (Mparticles_moved/s): 178.808103
### code=pic lang=rust lto=1 scaling=strong style=SINUSOIDAL rep=1
Parallel Research Kernels
MPI Particle-in-Cell execution on 2D grid
Number of ranks                    = 40
Load balancing                     = None
Grid size                          = 1000
Tiles in x/y-direction             = 5/8
Number of particles requested      = 1228800
Number of time steps               = 100
Initialization mode                = SINUSOIDAL
Particle charge semi-increment (k) = 0
Vertical velocity              (m) = 1
Rank search mode used              = simple
Number of particles placed         = 1218658
total time: 0.616801923
Solution validates
Rate (Mparticles_moved/s): 199.221169
### code=pic lang=c lto=0 scaling=strong style=LINEAR rep=1
Parallel Research Kernels version 2.17
MPI Particle-in-Cell execution on 2D grid
Number of ranks                    = 40
Load balancing                     = None
Grid size                          = 1000
Tiles in x/y-direction             = 5/8
Number of particles requested      = 1228800
Number of time steps               = 100
Initialization mode                = LINEAR
  Negative slope                   = 1.000000
  Offset                           = 3.000000
Particle charge semi-increment (k) = 1
Vertical velocity              (m) = 0
Rank search mode used              = simple
Number of particles placed         = 1129164
Solution validates
Rate (Mparticles_moved/s): 358.706331
### code=pic lang=c lto=1 scaling=strong style=LINEAR rep=1
Parallel Research Kernels version 2.17
MPI Particle-in-Cell execution on 2D grid
Number of ranks                    = 40
Load balancing                     = None
Grid size                          = 1000
Tiles in x/y-direction             = 5/8
Number of particles requested      = 1228800
Number of time steps               = 100
Initialization mode                = LINEAR
  Negative slope                   = 1.000000
  Offset                           = 3.000000
Particle charge semi-increment (k) = 1
Vertical velocity              (m) = 0
Rank search mode used              = simple
Number of particles placed         = 1129164
Solution validates
Rate (Mparticles_moved/s): 383.013142
### code=pic lang=rust lto=0 scaling=strong style=LINEAR rep=1
Parallel Research Kernels
MPI Particle-in-Cell execution on 2D grid
Number of ranks                    = 40
Load balancing                     = None
Grid size                          = 1000
Tiles in x/y-direction             = 5/8
Number of particles requested      = 1228800
Number of time steps               = 100
Initialization mode            = LINEAR
  Negative slope               = 1.000000
  Offset                       = 3.000000
Particle charge semi-increment (k) = 1
Vertical velocity              (m) = 0
Rank search mode used              = simple
Number of particles placed         = 1129164
total time: 0.453287653
Solution validates
Rate (Mparticles_moved/s): 271.086140
### code=pic lang=rust lto=1 scaling=strong style=LINEAR rep=1
Parallel Research Kernels
MPI Particle-in-Cell execution on 2D grid
Number of ranks                    = 40
Load balancing                     = None
Grid size                          = 1000
Tiles in x/y-direction             = 5/8
Number of particles requested      = 1228800
Number of time steps               = 100
Initialization mode            = LINEAR
  Negative slope               = 1.000000
  Offset                       = 3.000000
Particle charge semi-increment (k) = 1
Vertical velocity              (m) = 0
Rank search mode used              = simple
Number of particles placed         = 1129164
total time: 0.43840356
Solution validates
Rate (Mparticles_moved/s): 280.289695
### code=pic lang=c lto=0 scaling=strong style=PATCH rep=1
Parallel Research Kernels version 2.17
MPI Particle-in-Cell execution on 2D grid
Number of ranks                    = 40
Load balancing                     = None
Grid size                          = 1000
Tiles in x/y-direction             = 5/8
Number of particles requested      = 1228800
Number of time steps               = 100
Initialization mode                = PATCH
  Bounding box                     = 0, 200, 100, 200
Particle charge semi-increment (k) = 1
Vertical velocity              (m) = 0
Rank search mode used              = simple
Number of particles placed         = 1227313
Solution validates
Rate (Mparticles_moved/s): 20.751197
### code=pic lang=c lto=1 scaling=strong style=PATCH rep=1
Parallel Research Kernels version 2.17
MPI Particle-in-Cell execution on 2D grid
Number of ranks                    = 40
Load balancing                     = None
Grid size                          = 1000
Tiles in x/y-direction             = 5/8
Number of particles requested      = 1228800
Number of time steps               = 100
Initialization mode                = PATCH
  Bounding box                     = 0, 200, 100, 200
Particle charge semi-increment (k) = 1
Vertical velocity              (m) = 0
Rank search mode used              = simple
Number of particles placed         = 1227313
Solution validates
Rate (Mparticles_moved/s): 21.611793
### code=pic lang=rust lto=0 scaling=strong style=PATCH rep=1
Parallel Research Kernels
MPI Particle-in-Cell execution on 2D grid
Number of ranks                    = 40
Load balancing                     = None
Grid size                          = 1000
Tiles in x/y-direction             = 5/8
Number of particles requested      = 1228800
Number of time steps               = 100
Initialization mode            = PATCH
  Bounding box                 = 0, 200, 100, 200
Particle charge semi-increment (k) = 1
Vertical velocity              (m) = 0
Rank search mode used              = simple
Number of particles placed         = 1227313
total time: 5.396382092
Solution validates
Rate (Mparticles_moved/s): 22.770812
### code=pic lang=rust lto=1 scaling=strong style=PATCH rep=1
Parallel Research Kernels
MPI Particle-in-Cell execution on 2D grid
Number of ranks                    = 40
Load balancing                     = None
Grid size                          = 1000
Tiles in x/y-direction             = 5/8
Number of particles requested      = 1228800
Number of time steps               = 100
Initialization mode            = PATCH
  Bounding box                 = 0, 200, 100, 200
Particle charge semi-increment (k) = 1
Vertical velocity              (m) = 0
Rank search mode used              = simple
Number of particles placed         = 1227313
total time: 5.490750737
Solution validates
Rate (Mparticles_moved/s): 22.379453
### code=pic lang=c lto=0 scaling=strong style=GEOMETRIC rep=2
Parallel Research Kernels version 2.17
MPI Particle-in-Cell execution on 2D grid
Number of ranks                    = 40
Load balancing                     = None
Grid size                          = 1000
Tiles in x/y-direction             = 5/8
Number of particles requested      = 1228800
Number of time steps               = 100
Initialization mode                = GEOMETRIC
  Attenuation factor               = 0.990000
Particle charge semi-increment (k) = 1
Vertical velocity              (m) = 2
Rank search mode used              = simple
Number of particles placed         = 1226576
Solution validates
Rate (Mparticles_moved/s): 122.717696
### code=pic lang=c lto=1 scaling=strong style=GEOMETRIC rep=2
Parallel Research Kernels version 2.17
MPI Particle-in-Cell execution on 2D grid
Number of ranks                    = 40
Load balancing                     = None
Grid size                          = 1000
Tiles in x/y-direction             = 5/8
Number of particles requested      = 1228800
Number of time steps               = 100
Initialization mode                = GEOMETRIC
  Attenuation factor               = 0.990000
Particle charge semi-increment (k) = 1
Vertical velocity              (m) = 2
Rank search mode used              = simple
Number of particles placed         = 1226576
Solution validates
Rate (Mparticles_moved/s): 124.541985
### code=pic lang=rust lto=0 scaling=strong style=GEOMETRIC rep=2
Parallel Research Kernels
MPI Particle-in-Cell execution on 2D grid
Number of ranks                    = 40
Load balancing                     = None
Grid size                          = 1000
Tiles in x/y-direction             = 5/8
Number of particles requested      = 1228800
Number of time steps               = 100
Initialization mode            = GEOMETRIC
  Attenuation factor           = 0.990000
Particle charge semi-increment (k) = 1
Vertical velocity              (m) = 2
Rank search mode used              = simple
Number of particles placed         = 1226576
total time: 1.062844223
Solution validates
Rate (Mparticles_moved/s): 115.614309
### code=pic lang=rust lto=1 scaling=strong style=GEOMETRIC rep=2
Parallel Research Kernels
MPI Particle-in-Cell execution on 2D grid
Number of ranks                    = 40
Load balancing                     = None
Grid size                          = 1000
Tiles in x/y-direction             = 5/8
Number of particles requested      = 1228800
Number of time steps               = 100
Initialization mode            = GEOMETRIC
  Attenuation factor           = 0.990000
Particle charge semi-increment (k) = 1
Vertical velocity              (m) = 2
Rank search mode used              = simple
Number of particles placed         = 1226576
total time: 0.988777164
Solution validates
Rate (Mparticles_moved/s): 124.274715
### code=pic lang=c lto=0 scaling=strong style=SINUSOIDAL rep=2
Parallel Research Kernels version 2.17
MPI Particle-in-Cell execution on 2D grid
Number of ranks                    = 40
Load balancing                     = None
Grid size                          = 1000
Tiles in x/y-direction             = 5/8
Number of particles requested      = 1228800
Number of time steps               = 100
Initialization mode                = SINUSOIDAL
Particle charge semi-increment (k) = 0
Vertical velocity              (m) = 1
Rank search mode used              = simple
Number of particles placed         = 1218658
Solution validates
Rate (Mparticles_moved/s): 248.065271
### code=pic lang=c lto=1 scaling=strong style=SINUSOIDAL rep=2
Parallel Research Kernels version 2.17
MPI Particle-in-Cell execution on 2D grid
Number of ranks                    = 40
Load balancing                     = None
Grid size                          = 1000
Tiles in x/y-direction             = 5/8
Number of particles requested      = 1228800
Number of time steps               = 100
Initialization mode                = SINUSOIDAL
Particle charge semi-increment (k) = 0
Vertical velocity              (m) = 1
Rank search mode used              = simple
Number of particles placed         = 1218658
Solution validates
Rate (Mparticles_moved/s): 257.794194
### code=pic lang=rust lto=0 scaling=strong style=SINUSOIDAL rep=2
Parallel Research Kernels
MPI Particle-in-Cell execution on 2D grid
Number of ranks                    = 40
Load balancing                     = None
Grid size                          = 1000
Tiles in x/y-direction             = 5/8
Number of particles requested      = 1228800
Number of time steps               = 100
Initialization mode                = SINUSOIDAL
Particle charge semi-increment (k) = 0
Vertical velocity              (m) = 1
Rank search mode used              = simple
Number of particles placed         = 1218658
total time: 0.650760846
Solution validates
Rate (Mparticles_moved/s): 188.825128
### code=pic lang=rust lto=1 scaling=strong style=SINUSOIDAL rep=2
Parallel Research Kernels
MPI Particle-in-Cell execution on 2D grid
Number of ranks                    = 40
Load balancing                     = None
Grid size                          = 1000
Tiles in x/y-direction             = 5/8
Number of particles requested      = 1228800
Number of time steps               = 100
Initialization mode                = SINUSOIDAL
Particle charge semi-increment (k) = 0
Vertical velocity              (m) = 1
Rank search mode used              = simple
Number of particles placed         = 1218658
total time: 0.692308378
Solution validates
Rate (Mparticles_moved/s): 177.493158
### code=pic lang=c lto=0 scaling=strong style=LINEAR rep=2
Parallel Research Kernels version 2.17
MPI Particle-in-Cell execution on 2D grid
Number of ranks                    = 40
Load balancing                     = None
Grid size                          = 1000
Tiles in x/y-direction             = 5/8
Number of particles requested      = 1228800
Number of time steps               = 100
Initialization mode                = LINEAR
  Negative slope                   = 1.000000
  Offset                           = 3.000000
Particle charge semi-increment (k) = 1
Vertical velocity              (m) = 0
Rank search mode used              = simple
Number of particles placed         = 1129164
Solution validates
Rate (Mparticles_moved/s): 334.938730
### code=pic lang=c lto=1 scaling=strong style=LINEAR rep=2
Parallel Research Kernels version 2.17
MPI Particle-in-Cell execution on 2D grid
Number of ranks                    = 40
Load balancing                     = None
Grid size                          = 1000
Tiles in x/y-direction             = 5/8
Number of particles requested      = 1228800
Number of time steps               = 100
Initialization mode                = LINEAR
  Negative slope                   = 1.000000
  Offset                           = 3.000000
Particle charge semi-increment (k) = 1
Vertical velocity              (m) = 0
Rank search mode used              = simple
Number of particles placed         = 1129164
Solution validates
Rate (Mparticles_moved/s): 365.791569
### code=pic lang=rust lto=0 scaling=strong style=LINEAR rep=2
Parallel Research Kernels
MPI Particle-in-Cell execution on 2D grid
Number of ranks                    = 40
Load balancing                     = None
Grid size                          = 1000
Tiles in x/y-direction             = 5/8
Number of particles requested      = 1228800
Number of time steps               = 100
Initialization mode            = LINEAR
  Negative slope               = 1.000000
  Offset                       = 3.000000
Particle charge semi-increment (k) = 1
Vertical velocity              (m) = 0
Rank search mode used              = simple
Number of particles placed         = 1129164
total time: 0.386090477
Solution validates
Rate (Mparticles_moved/s): 318.267368
### code=pic lang=rust lto=1 scaling=strong style=LINEAR rep=2
Parallel Research Kernels
MPI Particle-in-Cell execution on 2D grid
Number of ranks                    = 40
Load balancing                     = None
Grid size                          = 1000
Tiles in x/y-direction             = 5/8
Number of particles requested      = 1228800
Number of time steps               = 100
Initialization mode            = LINEAR
  Negative slope               = 1.000000
  Offset                       = 3.000000
Particle charge semi-increment (k) = 1
Vertical velocity              (m) = 0
Rank search mode used              = simple
Number of particles placed         = 1129164
total time: 0.406898354
Solution validates
Rate (Mparticles_moved/s): 301.991883
### code=pic lang=c lto=0 scaling=strong style=PATCH rep=2
Parallel Research Kernels version 2.17
MPI Particle-in-Cell execution on 2D grid
Number of ranks                    = 40
Load balancing                     = None
Grid size                          = 1000
Tiles in x/y-direction             = 5/8
Number of particles requested      = 1228800
Number of time steps               = 100
Initialization mode                = PATCH
  Bounding box                     = 0, 200, 100, 200
Particle charge semi-increment (k) = 1
Vertical velocity              (m) = 0
Rank search mode used              = simple
Number of particles placed         = 1227313
Solution validates
Rate (Mparticles_moved/s): 20.780164
### code=pic lang=c lto=1 scaling=strong style=PATCH rep=2
Parallel Research Kernels version 2.17
MPI Particle-in-Cell execution on 2D grid
Number of ranks                    = 40
Load balancing                     = None
Grid size                          = 1000
Tiles in x/y-direction             = 5/8
Number of particles requested      = 1228800
Number of time steps               = 100
Initialization mode                = PATCH
  Bounding box                     = 0, 200, 100, 200
Particle charge semi-increment (k) = 1
Vertical velocity              (m) = 0
Rank search mode used              = simple
Number of particles placed         = 1227313
Solution validates
Rate (Mparticles_moved/s): 21.688517
### code=pic lang=rust lto=0 scaling=strong style=PATCH rep=2
Parallel Research Kernels
MPI Particle-in-Cell execution on 2D grid
Number of ranks                    = 40
Load balancing                     = None
Grid size                          = 1000
Tiles in x/y-direction             = 5/8
Number of particles requested      = 1228800
Number of time steps               = 100
Initialization mode            = PATCH
  Bounding box                 = 0, 200, 100, 200
Particle charge semi-increment (k) = 1
Vertical velocity              (m) = 0
Rank search mode used              = simple
Number of particles placed         = 1227313
total time: 5.436528344
Solution validates
Rate (Mparticles_moved/s): 22.602660
### code=pic lang=rust lto=1 scaling=strong style=PATCH rep=2
Parallel Research Kernels
MPI Particle-in-Cell execution on 2D grid
Number of ranks                    = 40
Load balancing                     = None
Grid size                          = 1000
Tiles in x/y-direction             = 5/8
Number of particles requested      = 1228800
Number of time steps               = 100
Initialization mode            = PATCH
  Bounding box                 = 0, 200, 100, 200
Particle charge semi-increment (k) = 1
Vertical velocity              (m) = 0
Rank search mode used              = simple
Number of particles placed         = 1227313
total time: 5.376740914
Solution validates
Rate (Mparticles_moved/s): 22.853993
### code=pic lang=c lto=0 scaling=strong style=GEOMETRIC rep=3
Parallel Research Kernels version 2.17
MPI Particle-in-Cell execution on 2D grid
Number of ranks                    = 40
Load balancing                     = None
Grid size                          = 1000
Tiles in x/y-direction             = 5/8
Number of particles requested      = 1228800
Number of time steps               = 100
Initialization mode                = GEOMETRIC
  Attenuation factor               = 0.990000
Particle charge semi-increment (k) = 1
Vertical velocity              (m) = 2
Rank search mode used              = simple
Number of particles placed         = 1226576
Solution validates
Rate (Mparticles_moved/s): 122.662542
### code=pic lang=c lto=1 scaling=strong style=GEOMETRIC rep=3
Parallel Research Kernels version 2.17
MPI Particle-in-Cell execution on 2D grid
Number of ranks                    = 40
Load balancing                     = None
Grid size                          = 1000
Tiles in x/y-direction             = 5/8
Number of particles requested      = 1228800
Number of time steps               = 100
Initialization mode                = GEOMETRIC
  Attenuation factor               = 0.990000
Particle charge semi-increment (k) = 1
Vertical velocity              (m) = 2
Rank search mode used              = simple
Number of particles placed         = 1226576
Solution validates
Rate (Mparticles_moved/s): 113.912477
### code=pic lang=rust lto=0 scaling=strong style=GEOMETRIC rep=3
Parallel Research Kernels
MPI Particle-in-Cell execution on 2D grid
Number of ranks                    = 40
Load balancing                     = None
Grid size                          = 1000
Tiles in x/y-direction             = 5/8
Number of particles requested      = 1228800
Number of time steps               = 100
Initialization mode            = GEOMETRIC
  Attenuation factor           = 0.990000
Particle charge semi-increment (k) = 1
Vertical velocity              (m) = 2
Rank search mode used              = simple
Number of particles placed         = 1226576
total time: 1.019151169
Solution validates
Rate (Mparticles_moved/s): 120.570926
### code=pic lang=rust lto=1 scaling=strong style=GEOMETRIC rep=3
Parallel Research Kernels
MPI Particle-in-Cell execution on 2D grid
Number of ranks                    = 40
Load balancing                     = None
Grid size                          = 1000
Tiles in x/y-direction             = 5/8
Number of particles requested      = 1228800
Number of time steps               = 100
Initialization mode            = GEOMETRIC
  Attenuation factor           = 0.990000
Particle charge semi-increment (k) = 1
Vertical velocity              (m) = 2
Rank search mode used              = simple
Number of particles placed         = 1226576
total time: 0.99755887
Solution validates
Rate (Mparticles_moved/s): 123.180700
### code=pic lang=c lto=0 scaling=strong style=SINUSOIDAL rep=3
Parallel Research Kernels version 2.17
MPI Particle-in-Cell execution on 2D grid
Number of ranks                    = 40
Load balancing                     = None
Grid size                          = 1000
Tiles in x/y-direction             = 5/8
Number of particles requested      = 1228800
Number of time steps               = 100
Initialization mode                = SINUSOIDAL
Particle charge semi-increment (k) = 0
Vertical velocity              (m) = 1
Rank search mode used              = simple
Number of particles placed         = 1218658
Solution validates
Rate (Mparticles_moved/s): 224.878853
### code=pic lang=c lto=1 scaling=strong style=SINUSOIDAL rep=3
Parallel Research Kernels version 2.17
MPI Particle-in-Cell execution on 2D grid
Number of ranks                    = 40
Load balancing                     = None
Grid size                          = 1000
Tiles in x/y-direction             = 5/8
Number of particles requested      = 1228800
Number of time steps               = 100
Initialization mode                = SINUSOIDAL
Particle charge semi-increment (k) = 0
Vertical velocity              (m) = 1
Rank search mode used              = simple
Number of particles placed         = 1218658
Solution validates
Rate (Mparticles_moved/s): 256.369569
### code=pic lang=rust lto=0 scaling=strong style=SINUSOIDAL rep=3
Parallel Research Kernels
MPI Particle-in-Cell execution on 2D grid
Number of ranks                    = 40
Load balancing                     = None
Grid size                          = 1000
Tiles in x/y-direction             = 5/8
Number of particles requested      = 1228800
Number of time steps               = 100
Initialization mode                = SINUSOIDAL
Particle charge semi-increment (k) = 0
Vertical velocity              (m) = 1
Rank search mode used              = simple
Number of particles placed         = 1218658
total time: 0.660276973
Solution validates
Rate (Mparticles_moved/s): 186.103719
### code=pic lang=rust lto=1 scaling=strong style=SINUSOIDAL rep=3
Parallel Research Kernels
MPI Particle-in-Cell execution on 2D grid
Number of ranks                    = 40
Load balancing                     = None
Grid size                          = 1000
Tiles in x/y-direction             = 5/8
Number of particles requested      = 1228800
Number of time steps               = 100
Initialization mode                = SINUSOIDAL
Particle charge semi-increment (k) = 0
Vertical velocity              (m) = 1
Rank search mode used              = simple
Number of particles placed         = 1218658
total time: 0.64001094
Solution validates
Rate (Mparticles_moved/s): 191.996718
### code=pic lang=c lto=0 scaling=strong style=LINEAR rep=3
Parallel Research Kernels version 2.17
MPI Particle-in-Cell execution on 2D grid
Number of ranks                    = 40
Load balancing                     = None
Grid size                          = 1000
Tiles in x/y-direction             = 5/8
Number of particles requested      = 1228800
Number of time steps               = 100
Initialization mode                = LINEAR
  Negative slope                   = 1.000000
  Offset                           = 3.000000
Particle charge semi-increment (k) = 1
Vertical velocity              (m) = 0
Rank search mode used              = simple
Number of particles placed         = 1129164
Solution validates
Rate (Mparticles_moved/s): 340.772318
### code=pic lang=c lto=1 scaling=strong style=LINEAR rep=3
Parallel Research Kernels version 2.17
MPI Particle-in-Cell execution on 2D grid
Number of ranks                    = 40
Load balancing                     = None
Grid size                          = 1000
Tiles in x/y-direction             = 5/8
Number of particles requested      = 1228800
Number of time steps               = 100
Initialization mode                = LINEAR
  Negative slope                   = 1.000000
  Offset                           = 3.000000
Particle charge semi-increment (k) = 1
Vertical velocity              (m) = 0
Rank search mode used              = simple
Number of particles placed         = 1129164
Solution validates
Rate (Mparticles_moved/s): 340.360154
### code=pic lang=rust lto=0 scaling=strong style=LINEAR rep=3
Parallel Research Kernels
MPI Particle-in-Cell execution on 2D grid
Number of ranks                    = 40
Load balancing                     = None
Grid size                          = 1000
Tiles in x/y-direction             = 5/8
Number of particles requested      = 1228800
Number of time steps               = 100
Initialization mode            = LINEAR
  Negative slope               = 1.000000
  Offset                       = 3.000000
Particle charge semi-increment (k) = 1
Vertical velocity              (m) = 0
Rank search mode used              = simple
Number of particles placed         = 1129164
total time: 0.449167399
Solution validates
Rate (Mparticles_moved/s): 273.572838
### code=pic lang=rust lto=1 scaling=strong style=LINEAR rep=3
Parallel Research Kernels
MPI Particle-in-Cell execution on 2D grid
Number of ranks                    = 40
Load balancing                     = None
Grid size                          = 1000
Tiles in x/y-direction             = 5/8
Number of particles requested      = 1228800
Number of time steps               = 100
Initialization mode            = LINEAR
  Negative slope               = 1.000000
  Offset                       = 3.000000
Particle charge semi-increment (k) = 1
Vertical velocity              (m) = 0
Rank search mode used              = simple
Number of particles placed         = 1129164
total time: 0.387825612
Solution validates
Rate (Mparticles_moved/s): 316.843437
### code=pic lang=c lto=0 scaling=strong style=PATCH rep=3
Parallel Research Kernels version 2.17
MPI Particle-in-Cell execution on 2D grid
Number of ranks                    = 40
Load balancing                     = None
Grid size                          = 1000
Tiles in x/y-direction             = 5/8
Number of particles requested      = 1228800
Number of time steps               = 100
Initialization mode                = PATCH
  Bounding box                     = 0, 200, 100, 200
Particle charge semi-increment (k) = 1
Vertical velocity              (m) = 0
Rank search mode used              = simple
Number of particles placed         = 1227313
Solution validates
Rate (Mparticles_moved/s): 20.817539
### code=pic lang=c lto=1 scaling=strong style=PATCH rep=3
Parallel Research Kernels version 2.17
MPI Particle-in-Cell execution on 2D grid
Number of ranks                    = 40
Load balancing                     = None
Grid size                          = 1000
Tiles in x/y-direction             = 5/8
Number of particles requested      = 1228800
Number of time steps               = 100
Initialization mode                = PATCH
  Bounding box                     = 0, 200, 100, 200
Particle charge semi-increment (k) = 1
Vertical velocity              (m) = 0
Rank search mode used              = simple
Number of particles placed         = 1227313
Solution validates
Rate (Mparticles_moved/s): 21.643545
### code=pic lang=rust lto=0 scaling=strong style=PATCH rep=3
Parallel Research Kernels
MPI Particle-in-Cell execution on 2D grid
Number of ranks                    = 40
Load balancing                     = None
Grid size                          = 1000
Tiles in x/y-direction             = 5/8
Number of particles requested      = 1228800
Number of time steps               = 100
Initialization mode            = PATCH
  Bounding box                 = 0, 200, 100, 200
Particle charge semi-increment (k) = 1
Vertical velocity              (m) = 0
Rank search mode used              = simple
Number of particles placed         = 1227313
total time: 5.426461101
Solution validates
Rate (Mparticles_moved/s): 22.644592
### code=pic lang=rust lto=1 scaling=strong style=PATCH rep=3
Parallel Research Kernels
MPI Particle-in-Cell execution on 2D grid
Number of ranks                    = 40
Load balancing                     = None
Grid size                          = 1000
Tiles in x/y-direction             = 5/8
Number of particles requested      = 1228800
Number of time steps               = 100
Initialization mode            = PATCH
  Bounding box                 = 0, 200, 100, 200
Particle charge semi-increment (k) = 1
Vertical velocity              (m) = 0
Rank search mode used              = simple
Number of particles placed         = 1227313
total time: 5.35175008
Solution validates
Rate (Mparticles_moved/s): 22.960713
### code=pic lang=c lto=0 scaling=strong style=GEOMETRIC rep=4
Parallel Research Kernels version 2.17
MPI Particle-in-Cell execution on 2D grid
Number of ranks                    = 40
Load balancing                     = None
Grid size                          = 1000
Tiles in x/y-direction             = 5/8
Number of particles requested      = 1228800
Number of time steps               = 100
Initialization mode                = GEOMETRIC
  Attenuation factor               = 0.990000
Particle charge semi-increment (k) = 1
Vertical velocity              (m) = 2
Rank search mode used              = simple
Number of particles placed         = 1226576
Solution validates
Rate (Mparticles_moved/s): 122.536913
### code=pic lang=c lto=1 scaling=strong style=GEOMETRIC rep=4
Parallel Research Kernels version 2.17
MPI Particle-in-Cell execution on 2D grid
Number of ranks                    = 40
Load balancing                     = None
Grid size                          = 1000
Tiles in x/y-direction             = 5/8
Number of particles requested      = 1228800
Number of time steps               = 100
Initialization mode                = GEOMETRIC
  Attenuation factor               = 0.990000
Particle charge semi-increment (k) = 1
Vertical velocity              (m) = 2
Rank search mode used              = simple
Number of particles placed         = 1226576
Solution validates
Rate (Mparticles_moved/s): 126.160078
### code=pic lang=rust lto=0 scaling=strong style=GEOMETRIC rep=4
Parallel Research Kernels
MPI Particle-in-Cell execution on 2D grid
Number of ranks                    = 40
Load balancing                     = None
Grid size                          = 1000
Tiles in x/y-direction             = 5/8
Number of particles requested      = 1228800
Number of time steps               = 100
Initialization mode            = GEOMETRIC
  Attenuation factor           = 0.990000
Particle charge semi-increment (k) = 1
Vertical velocity              (m) = 2
Rank search mode used              = simple
Number of particles placed         = 1226576
total time: 0.992761058
Solution validates
Rate (Mparticles_moved/s): 123.776007
### code=pic lang=rust lto=1 scaling=strong style=GEOMETRIC rep=4
Parallel Research Kernels
MPI Particle-in-Cell execution on 2D grid
Number of ranks                    = 40
Load balancing                     = None
Grid size                          = 1000
Tiles in x/y-direction             = 5/8
Number of particles requested      = 1228800
Number of time steps               = 100
Initialization mode            = GEOMETRIC
  Attenuation factor           = 0.990000
Particle charge semi-increment (k) = 1
Vertical velocity              (m) = 2
Rank search mode used              = simple
Number of particles placed         = 1226576
total time: 1.000345941
Solution validates
Rate (Mparticles_moved/s): 122.837505
### code=pic lang=c lto=0 scaling=strong style=SINUSOIDAL rep=4
Parallel Research Kernels version 2.17
MPI Particle-in-Cell execution on 2D grid
Number of ranks                    = 40
Load balancing                     = None
Grid size                          = 1000
Tiles in x/y-direction             = 5/8
Number of particles requested      = 1228800
Number of time steps               = 100
Initialization mode                = SINUSOIDAL
Particle charge semi-increment (k) = 0
Vertical velocity              (m) = 1
Rank search mode used              = simple
Number of particles placed         = 1218658
Solution validates
Rate (Mparticles_moved/s): 243.438033
### code=pic lang=c lto=1 scaling=strong style=SINUSOIDAL rep=4
Parallel Research Kernels version 2.17
MPI Particle-in-Cell execution on 2D grid
Number of ranks                    = 40
Load balancing                     = None
Grid size                          = 1000
Tiles in x/y-direction             = 5/8
Number of particles requested      = 1228800
Number of time steps               = 100
Initialization mode                = SINUSOIDAL
Particle charge semi-increment (k) = 0
Vertical velocity              (m) = 1
Rank search mode used              = simple
Number of particles placed         = 1218658
Solution validates
Rate (Mparticles_moved/s): 252.557839
### code=pic lang=rust lto=0 scaling=strong style=SINUSOIDAL rep=4
Parallel Research Kernels
MPI Particle-in-Cell execution on 2D grid
Number of ranks                    = 40
Load balancing                     = None
Grid size                          = 1000
Tiles in x/y-direction             = 5/8
Number of particles requested      = 1228800
Number of time steps               = 100
Initialization mode                = SINUSOIDAL
Particle charge semi-increment (k) = 0
Vertical velocity              (m) = 1
Rank search mode used              = simple
Number of particles placed         = 1218658
total time: 0.621702366
Solution validates
Rate (Mparticles_moved/s): 197.650848
### code=pic lang=rust lto=1 scaling=strong style=SINUSOIDAL rep=4
Parallel Research Kernels
MPI Particle-in-Cell execution on 2D grid
Number of ranks                    = 40
Load balancing                     = None
Grid size                          = 1000
Tiles in x/y-direction             = 5/8
Number of particles requested      = 1228800
Number of time steps               = 100
Initialization mode                = SINUSOIDAL
Particle charge semi-increment (k) = 0
Vertical velocity              (m) = 1
Rank search mode used              = simple
Number of particles placed         = 1218658
total time: 0.643008452
Solution validates
Rate (Mparticles_moved/s): 191.101687
### code=pic lang=c lto=0 scaling=strong style=LINEAR rep=4
Parallel Research Kernels version 2.17
MPI Particle-in-Cell execution on 2D grid
Number of ranks                    = 40
Load balancing                     = None
Grid size                          = 1000
Tiles in x/y-direction             = 5/8
Number of particles requested      = 1228800
Number of time steps               = 100
Initialization mode                = LINEAR
  Negative slope                   = 1.000000
  Offset                           = 3.000000
Particle charge semi-increment (k) = 1
Vertical velocity              (m) = 0
Rank search mode used              = simple
Number of particles placed         = 1129164
Solution validates
Rate (Mparticles_moved/s): 333.678122
### code=pic lang=c lto=1 scaling=strong style=LINEAR rep=4
Parallel Research Kernels version 2.17
MPI Particle-in-Cell execution on 2D grid
Number of ranks                    = 40
Load balancing                     = None
Grid size                          = 1000
Tiles in x/y-direction             = 5/8
Number of particles requested      = 1228800
Number of time steps               = 100
Initialization mode                = LINEAR
  Negative slope                   = 1.000000
  Offset                           = 3.000000
Particle charge semi-increment (k) = 1
Vertical velocity              (m) = 0
Rank search mode used              = simple
Number of particles placed         = 1129164
Solution validates
Rate (Mparticles_moved/s): 381.356980
### code=pic lang=rust lto=0 scaling=strong style=LINEAR rep=4
Parallel Research Kernels
MPI Particle-in-Cell execution on 2D grid
Number of ranks                    = 40
Load balancing                     = None
Grid size                          = 1000
Tiles in x/y-direction             = 5/8
Number of particles requested      = 1228800
Number of time steps               = 100
Initialization mode            = LINEAR
  Negative slope               = 1.000000
  Offset                       = 3.000000
Particle charge semi-increment (k) = 1
Vertical velocity              (m) = 0
Rank search mode used              = simple
Number of particles placed         = 1129164
total time: 0.408137817
Solution validates
Rate (Mparticles_moved/s): 301.074772
### code=pic lang=rust lto=1 scaling=strong style=LINEAR rep=4
Parallel Research Kernels
MPI Particle-in-Cell execution on 2D grid
Number of ranks                    = 40
Load balancing                     = None
Grid size                          = 1000
Tiles in x/y-direction             = 5/8
Number of particles requested      = 1228800
Number of time steps               = 100
Initialization mode            = LINEAR
  Negative slope               = 1.000000
  Offset                       = 3.000000
Particle charge semi-increment (k) = 1
Vertical velocity              (m) = 0
Rank search mode used              = simple
Number of particles placed         = 1129164
total time: 0.396417666
Solution validates
Rate (Mparticles_moved/s): 309.976095
### code=pic lang=c lto=0 scaling=strong style=PATCH rep=4
Parallel Research Kernels version 2.17
MPI Particle-in-Cell execution on 2D grid
Number of ranks                    = 40
Load balancing                     = None
Grid size                          = 1000
Tiles in x/y-direction             = 5/8
Number of particles requested      = 1228800
Number of time steps               = 100
Initialization mode                = PATCH
  Bounding box                     = 0, 200, 100, 200
Particle charge semi-increment (k) = 1
Vertical velocity              (m) = 0
Rank search mode used              = simple
Number of particles placed         = 1227313
Solution validates
Rate (Mparticles_moved/s): 20.754357
### code=pic lang=c lto=1 scaling=strong style=PATCH rep=4
Parallel Research Kernels version 2.17
MPI Particle-in-Cell execution on 2D grid
Number of ranks                    = 40
Load balancing                     = None
Grid size                          = 1000
Tiles in x/y-direction             = 5/8
Number of particles requested      = 1228800
Number of time steps               = 100
Initialization mode                = PATCH
  Bounding box                     = 0, 200, 100, 200
Particle charge semi-increment (k) = 1
Vertical velocity              (m) = 0
Rank search mode used              = simple
Number of particles placed         = 1227313
Solution validates
Rate (Mparticles_moved/s): 21.654527
### code=pic lang=rust lto=0 scaling=strong style=PATCH rep=4
Parallel Research Kernels
MPI Particle-in-Cell execution on 2D grid
Number of ranks                    = 40
Load balancing                     = None
Grid size                          = 1000
Tiles in x/y-direction             = 5/8
Number of particles requested      = 1228800
Number of time steps               = 100
Initialization mode            = PATCH
  Bounding box                 = 0, 200, 100, 200
Particle charge semi-increment (k) = 1
Vertical velocity              (m) = 0
Rank search mode used              = simple
Number of particles placed         = 1227313
total time: 5.422116922
Solution validates
Rate (Mparticles_moved/s): 22.662735
### code=pic lang=rust lto=1 scaling=strong style=PATCH rep=4
Parallel Research Kernels
MPI Particle-in-Cell execution on 2D grid
Number of ranks                    = 40
Load balancing                     = None
Grid size                          = 1000
Tiles in x/y-direction             = 5/8
Number of particles requested      = 1228800
Number of time steps               = 100
Initialization mode            = PATCH
  Bounding box                 = 0, 200, 100, 200
Particle charge semi-increment (k) = 1
Vertical velocity              (m) = 0
Rank search mode used              = simple
Number of particles placed         = 1227313
total time: 5.36167004
Solution validates
Rate (Mparticles_moved/s): 22.918232
### code=pic lang=c lto=0 scaling=strong style=GEOMETRIC rep=5
Parallel Research Kernels version 2.17
MPI Particle-in-Cell execution on 2D grid
Number of ranks                    = 40
Load balancing                     = None
Grid size                          = 1000
Tiles in x/y-direction             = 5/8
Number of particles requested      = 1228800
Number of time steps               = 100
Initialization mode                = GEOMETRIC
  Attenuation factor               = 0.990000
Particle charge semi-increment (k) = 1
Vertical velocity              (m) = 2
Rank search mode used              = simple
Number of particles placed         = 1226576
Solution validates
Rate (Mparticles_moved/s): 117.269253
### code=pic lang=c lto=1 scaling=strong style=GEOMETRIC rep=5
Parallel Research Kernels version 2.17
MPI Particle-in-Cell execution on 2D grid
Number of ranks                    = 40
Load balancing                     = None
Grid size                          = 1000
Tiles in x/y-direction             = 5/8
Number of particles requested      = 1228800
Number of time steps               = 100
Initialization mode                = GEOMETRIC
  Attenuation factor               = 0.990000
Particle charge semi-increment (k) = 1
Vertical velocity              (m) = 2
Rank search mode used              = simple
Number of particles placed         = 1226576
Solution validates
Rate (Mparticles_moved/s): 126.952484
### code=pic lang=rust lto=0 scaling=strong style=GEOMETRIC rep=5
Parallel Research Kernels
MPI Particle-in-Cell execution on 2D grid
Number of ranks                    = 40
Load balancing                     = None
Grid size                          = 1000
Tiles in x/y-direction             = 5/8
Number of particles requested      = 1228800
Number of time steps               = 100
Initialization mode            = GEOMETRIC
  Attenuation factor           = 0.990000
Particle charge semi-increment (k) = 1
Vertical velocity              (m) = 2
Rank search mode used              = simple
Number of particles placed         = 1226576
total time: 1.096523152
Solution validates
Rate (Mparticles_moved/s): 112.063297
### code=pic lang=rust lto=1 scaling=strong style=GEOMETRIC rep=5
Parallel Research Kernels
MPI Particle-in-Cell execution on 2D grid
Number of ranks                    = 40
Load balancing                     = None
Grid size                          = 1000
Tiles in x/y-direction             = 5/8
Number of particles requested      = 1228800
Number of time steps               = 100
Initialization mode            = GEOMETRIC
  Attenuation factor           = 0.990000
Particle charge semi-increment (k) = 1
Vertical velocity              (m) = 2
Rank search mode used              = simple
Number of particles placed         = 1226576
total time: 0.990362319
Solution validates
Rate (Mparticles_moved/s): 124.075803
### code=pic lang=c lto=0 scaling=strong style=SINUSOIDAL rep=5
Parallel Research Kernels version 2.17
MPI Particle-in-Cell execution on 2D grid
Number of ranks                    = 40
Load balancing                     = None
Grid size                          = 1000
Tiles in x/y-direction             = 5/8
Number of particles requested      = 1228800
Number of time steps               = 100
Initialization mode                = SINUSOIDAL
Particle charge semi-increment (k) = 0
Vertical velocity              (m) = 1
Rank search mode used              = simple
Number of particles placed         = 1218658
Solution validates
Rate (Mparticles_moved/s): 223.962299
### code=pic lang=c lto=1 scaling=strong style=SINUSOIDAL rep=5
Parallel Research Kernels version 2.17
MPI Particle-in-Cell execution on 2D grid
Number of ranks                    = 40
Load balancing                     = None
Grid size                          = 1000
Tiles in x/y-direction             = 5/8
Number of particles requested      = 1228800
Number of time steps               = 100
Initialization mode                = SINUSOIDAL
Particle charge semi-increment (k) = 0
Vertical velocity              (m) = 1
Rank search mode used              = simple
Number of particles placed         = 1218658
Solution validates
Rate (Mparticles_moved/s): 256.476726
### code=pic lang=rust lto=0 scaling=strong style=SINUSOIDAL rep=5
Parallel Research Kernels
MPI Particle-in-Cell execution on 2D grid
Number of ranks                    = 40
Load balancing                     = None
Grid size                          = 1000
Tiles in x/y-direction             = 5/8
Number of particles requested      = 1228800
Number of time steps               = 100
Initialization mode                = SINUSOIDAL
Particle charge semi-increment (k) = 0
Vertical velocity              (m) = 1
Rank search mode used              = simple
Number of particles placed         = 1218658
total time: 0.736781031
Solution validates
Rate (Mparticles_moved/s): 166.779538
### code=pic lang=rust lto=1 scaling=strong style=SINUSOIDAL rep=5
Parallel Research Kernels
MPI Particle-in-Cell execution on 2D grid
Number of ranks                    = 40
Load balancing                     = None
Grid size                          = 1000
Tiles in x/y-direction             = 5/8
Number of particles requested      = 1228800
Number of time steps               = 100
Initialization mode                = SINUSOIDAL
Particle charge semi-increment (k) = 0
Vertical velocity              (m) = 1
Rank search mode used              = simple
Number of particles placed         = 1218658
total time: 0.651458268
Solution validates
Rate (Mparticles_moved/s): 188.622980
### code=pic lang=c lto=0 scaling=strong style=LINEAR rep=5
Parallel Research Kernels version 2.17
MPI Particle-in-Cell execution on 2D grid
Number of ranks                    = 40
Load balancing                     = None
Grid size                          = 1000
Tiles in x/y-direction             = 5/8
Number of particles requested      = 1228800
Number of time steps               = 100
Initialization mode                = LINEAR
  Negative slope                   = 1.000000
  Offset                           = 3.000000
Particle charge semi-increment (k) = 1
Vertical velocity              (m) = 0
Rank search mode used              = simple
Number of particles placed         = 1129164
Solution validates
Rate (Mparticles_moved/s): 334.835248
### code=pic lang=c lto=1 scaling=strong style=LINEAR rep=5
Parallel Research Kernels version 2.17
MPI Particle-in-Cell execution on 2D grid
Number of ranks                    = 40
Load balancing                     = None
Grid size                          = 1000
Tiles in x/y-direction             = 5/8
Number of particles requested      = 1228800
Number of time steps               = 100
Initialization mode                = LINEAR
  Negative slope                   = 1.000000
  Offset                           = 3.000000
Particle charge semi-increment (k) = 1
Vertical velocity              (m) = 0
Rank search mode used              = simple
Number of particles placed         = 1129164
Solution validates
Rate (Mparticles_moved/s): 343.654982
### code=pic lang=rust lto=0 scaling=strong style=LINEAR rep=5
Parallel Research Kernels
MPI Particle-in-Cell execution on 2D grid
Number of ranks                    = 40
Load balancing                     = None
Grid size                          = 1000
Tiles in x/y-direction             = 5/8
Number of particles requested      = 1228800
Number of time steps               = 100
Initialization mode            = LINEAR
  Negative slope               = 1.000000
  Offset                       = 3.000000
Particle charge semi-increment (k) = 1
Vertical velocity              (m) = 0
Rank search mode used              = simple
Number of particles placed         = 1129164
total time: 0.474642143
Solution validates
Rate (Mparticles_moved/s): 258.889780
### code=pic lang=rust lto=1 scaling=strong style=LINEAR rep=5
Parallel Research Kernels
MPI Particle-in-Cell execution on 2D grid
Number of ranks                    = 40
Load balancing                     = None
Grid size                          = 1000
Tiles in x/y-direction             = 5/8
Number of particles requested      = 1228800
Number of time steps               = 100
Initialization mode            = LINEAR
  Negative slope               = 1.000000
  Offset                       = 3.000000
Particle charge semi-increment (k) = 1
Vertical velocity              (m) = 0
Rank search mode used              = simple
Number of particles placed         = 1129164
total time: 0.431478282
Solution validates
Rate (Mparticles_moved/s): 284.788378
### code=pic lang=c lto=0 scaling=strong style=PATCH rep=5
Parallel Research Kernels version 2.17
MPI Particle-in-Cell execution on 2D grid
Number of ranks                    = 40
Load balancing                     = None
Grid size                          = 1000
Tiles in x/y-direction             = 5/8
Number of particles requested      = 1228800
Number of time steps               = 100
Initialization mode                = PATCH
  Bounding box                     = 0, 200, 100, 200
Particle charge semi-increment (k) = 1
Vertical velocity              (m) = 0
Rank search mode used              = simple
Number of particles placed         = 1227313
Solution validates
Rate (Mparticles_moved/s): 20.837247
### code=pic lang=c lto=1 scaling=strong style=PATCH rep=5
Parallel Research Kernels version 2.17
MPI Particle-in-Cell execution on 2D grid
Number of ranks                    = 40
Load balancing                     = None
Grid size                          = 1000
Tiles in x/y-direction             = 5/8
Number of particles requested      = 1228800
Number of time steps               = 100
Initialization mode                = PATCH
  Bounding box                     = 0, 200, 100, 200
Particle charge semi-increment (k) = 1
Vertical velocity              (m) = 0
Rank search mode used              = simple
Number of particles placed         = 1227313
Solution validates
Rate (Mparticles_moved/s): 21.656558
### code=pic lang=rust lto=0 scaling=strong style=PATCH rep=5
Parallel Research Kernels
MPI Particle-in-Cell execution on 2D grid
Number of ranks                    = 40
Load balancing                     = None
Grid size                          = 1000
Tiles in x/y-direction             = 5/8
Number of particles requested      = 1228800
Number of time steps               = 100
Initialization mode            = PATCH
  Bounding box                 = 0, 200, 100, 200
Particle charge semi-increment (k) = 1
Vertical velocity              (m) = 0
Rank search mode used              = simple
Number of particles placed         = 1227313
total time: 5.400675318
Solution validates
Rate (Mparticles_moved/s): 22.752710
### code=pic lang=rust lto=1 scaling=strong style=PATCH rep=5
Parallel Research Kernels
MPI Particle-in-Cell execution on 2D grid
Number of ranks                    = 40
Load balancing                     = None
Grid size                          = 1000
Tiles in x/y-direction             = 5/8
Number of particles requested      = 1228800
Number of time steps               = 100
Initialization mode            = PATCH
  Bounding box                 = 0, 200, 100, 200
Particle charge semi-increment (k) = 1
Vertical velocity              (m) = 0
Rank search mode used              = simple
Number of particles placed         = 1227313
total time: 5.357910512
Solution validates
Rate (Mparticles_moved/s): 22.934314
### code=pic lang=c lto=0 scaling=strong style=GEOMETRIC rep=6
Parallel Research Kernels version 2.17
MPI Particle-in-Cell execution on 2D grid
Number of ranks                    = 40
Load balancing                     = None
Grid size                          = 1000
Tiles in x/y-direction             = 5/8
Number of particles requested      = 1228800
Number of time steps               = 100
Initialization mode                = GEOMETRIC
  Attenuation factor               = 0.990000
Particle charge semi-increment (k) = 1
Vertical velocity              (m) = 2
Rank search mode used              = simple
Number of particles placed         = 1226576
Solution validates
Rate (Mparticles_moved/s): 122.655933
### code=pic lang=c lto=1 scaling=strong style=GEOMETRIC rep=6
Parallel Research Kernels version 2.17
MPI Particle-in-Cell execution on 2D grid
Number of ranks                    = 40
Load balancing                     = None
Grid size                          = 1000
Tiles in x/y-direction             = 5/8
Number of particles requested      = 1228800
Number of time steps               = 100
Initialization mode                = GEOMETRIC
  Attenuation factor               = 0.990000
Particle charge semi-increment (k) = 1
Vertical velocity              (m) = 2
Rank search mode used              = simple
Number of particles placed         = 1226576
Solution validates
Rate (Mparticles_moved/s): 126.379064
### code=pic lang=rust lto=0 scaling=strong style=GEOMETRIC rep=6
Parallel Research Kernels
MPI Particle-in-Cell execution on 2D grid
Number of ranks                    = 40
Load balancing                     = None
Grid size                          = 1000
Tiles in x/y-direction             = 5/8
Number of particles requested      = 1228800
Number of time steps               = 100
Initialization mode            = GEOMETRIC
  Attenuation factor           = 0.990000
Particle charge semi-increment (k) = 1
Vertical velocity              (m) = 2
Rank search mode used              = simple
Number of particles placed         = 1226576
total time: 1.03861433
Solution validates
Rate (Mparticles_moved/s): 118.311481
### code=pic lang=rust lto=1 scaling=strong style=GEOMETRIC rep=6
Parallel Research Kernels
MPI Particle-in-Cell execution on 2D grid
Number of ranks                    = 40
Load balancing                     = None
Grid size                          = 1000
Tiles in x/y-direction             = 5/8
Number of particles requested      = 1228800
Number of time steps               = 100
Initialization mode            = GEOMETRIC
  Attenuation factor           = 0.990000
Particle charge semi-increment (k) = 1
Vertical velocity              (m) = 2
Rank search mode used              = simple
Number of particles placed         = 1226576
total time: 1.001138492
Solution validates
Rate (Mparticles_moved/s): 122.740261
### code=pic lang=c lto=0 scaling=strong style=SINUSOIDAL rep=6
Parallel Research Kernels version 2.17
MPI Particle-in-Cell execution on 2D grid
Number of ranks                    = 40
Load balancing                     = None
Grid size                          = 1000
Tiles in x/y-direction             = 5/8
Number of particles requested      = 1228800
Number of time steps               = 100
Initialization mode                = SINUSOIDAL
Particle charge semi-increment (k) = 0
Vertical velocity              (m) = 1
Rank search mode used              = simple
Number of particles placed         = 1218658
Solution validates
Rate (Mparticles_moved/s): 231.375478
### code=pic lang=c lto=1 scaling=strong style=SINUSOIDAL rep=6
Parallel Research Kernels version 2.17
MPI Particle-in-Cell execution on 2D grid
Number of ranks                    = 40
Load balancing                     = None
Grid size                          = 1000
Tiles in x/y-direction             = 5/8
Number of particles requested      = 1228800
Number of time steps               = 100
Initialization mode                = SINUSOIDAL
Particle charge semi-increment (k) = 0
Vertical velocity              (m) = 1
Rank search mode used              = simple
Number of particles placed         = 1218658
Solution validates
Rate (Mparticles_moved/s): 237.667274
### code=pic lang=rust lto=0 scaling=strong style=SINUSOIDAL rep=6
Parallel Research Kernels
MPI Particle-in-Cell execution on 2D grid
Number of ranks                    = 40
Load balancing                     = None
Grid size                          = 1000
Tiles in x/y-direction             = 5/8
Number of particles requested      = 1228800
Number of time steps               = 100
Initialization mode                = SINUSOIDAL
Particle charge semi-increment (k) = 0
Vertical velocity              (m) = 1
Rank search mode used              = simple
Number of particles placed         = 1218658
total time: 0.599643372
Solution validates
Rate (Mparticles_moved/s): 204.921801
### code=pic lang=rust lto=1 scaling=strong style=SINUSOIDAL rep=6
Parallel Research Kernels
MPI Particle-in-Cell execution on 2D grid
Number of ranks                    = 40
Load balancing                     = None
Grid size                          = 1000
Tiles in x/y-direction             = 5/8
Number of particles requested      = 1228800
Number of time steps               = 100
Initialization mode                = SINUSOIDAL
Particle charge semi-increment (k) = 0
Vertical velocity              (m) = 1
Rank search mode used              = simple
Number of particles placed         = 1218658
total time: 0.622245237
Solution validates
Rate (Mparticles_moved/s): 197.478410
### code=pic lang=c lto=0 scaling=strong style=LINEAR rep=6
Parallel Research Kernels version 2.17
MPI Particle-in-Cell execution on 2D grid
Number of ranks                    = 40
Load balancing                     = None
Grid size                          = 1000
Tiles in x/y-direction             = 5/8
Number of particles requested      = 1228800
Number of time steps               = 100
Initialization mode                = LINEAR
  Negative slope                   = 1.000000
  Offset                           = 3.000000
Particle charge semi-increment (k) = 1
Vertical velocity              (m) = 0
Rank search mode used              = simple
Number of particles placed         = 1129164
Solution validates
Rate (Mparticles_moved/s): 383.983561
### code=pic lang=c lto=1 scaling=strong style=LINEAR rep=6
Parallel Research Kernels version 2.17
MPI Particle-in-Cell execution on 2D grid
Number of ranks                    = 40
Load balancing                     = None
Grid size                          = 1000
Tiles in x/y-direction             = 5/8
Number of particles requested      = 1228800
Number of time steps               = 100
Initialization mode                = LINEAR
  Negative slope                   = 1.000000
  Offset                           = 3.000000
Particle charge semi-increment (k) = 1
Vertical velocity              (m) = 0
Rank search mode used              = simple
Number of particles placed         = 1129164
Solution validates
Rate (Mparticles_moved/s): 341.760861
### code=pic lang=rust lto=0 scaling=strong style=LINEAR rep=6
Parallel Research Kernels
MPI Particle-in-Cell execution on 2D grid
Number of ranks                    = 40
Load balancing                     = None
Grid size                          = 1000
Tiles in x/y-direction             = 5/8
Number of particles requested      = 1228800
Number of time steps               = 100
Initialization mode            = LINEAR
  Negative slope               = 1.000000
  Offset                       = 3.000000
Particle charge semi-increment (k) = 1
Vertical velocity              (m) = 0
Rank search mode used              = simple
Number of particles placed         = 1129164
total time: 0.439288193
Solution validates
Rate (Mparticles_moved/s): 279.725251
### code=pic lang=rust lto=1 scaling=strong style=LINEAR rep=6
Parallel Research Kernels
MPI Particle-in-Cell execution on 2D grid
Number of ranks                    = 40
Load balancing                     = None
Grid size                          = 1000
Tiles in x/y-direction             = 5/8
Number of particles requested      = 1228800
Number of time steps               = 100
Initialization mode            = LINEAR
  Negative slope               = 1.000000
  Offset                       = 3.000000
Particle charge semi-increment (k) = 1
Vertical velocity              (m) = 0
Rank search mode used              = simple
Number of particles placed         = 1129164
total time: 0.458775213
Solution validates
Rate (Mparticles_moved/s): 267.843590
### code=pic lang=c lto=0 scaling=strong style=PATCH rep=6
Parallel Research Kernels version 2.17
MPI Particle-in-Cell execution on 2D grid
Number of ranks                    = 40
Load balancing                     = None
Grid size                          = 1000
Tiles in x/y-direction             = 5/8
Number of particles requested      = 1228800
Number of time steps               = 100
Initialization mode                = PATCH
  Bounding box                     = 0, 200, 100, 200
Particle charge semi-increment (k) = 1
Vertical velocity              (m) = 0
Rank search mode used              = simple
Number of particles placed         = 1227313
Solution validates
Rate (Mparticles_moved/s): 20.814259
### code=pic lang=c lto=1 scaling=strong style=PATCH rep=6
Parallel Research Kernels version 2.17
MPI Particle-in-Cell execution on 2D grid
Number of ranks                    = 40
Load balancing                     = None
Grid size                          = 1000
Tiles in x/y-direction             = 5/8
Number of particles requested      = 1228800
Number of time steps               = 100
Initialization mode                = PATCH
  Bounding box                     = 0, 200, 100, 200
Particle charge semi-increment (k) = 1
Vertical velocity              (m) = 0
Rank search mode used              = simple
Number of particles placed         = 1227313
Solution validates
Rate (Mparticles_moved/s): 21.564498
### code=pic lang=rust lto=0 scaling=strong style=PATCH rep=6
Parallel Research Kernels
MPI Particle-in-Cell execution on 2D grid
Number of ranks                    = 40
Load balancing                     = None
Grid size                          = 1000
Tiles in x/y-direction             = 5/8
Number of particles requested      = 1228800
Number of time steps               = 100
Initialization mode            = PATCH
  Bounding box                 = 0, 200, 100, 200
Particle charge semi-increment (k) = 1
Vertical velocity              (m) = 0
Rank search mode used              = simple
Number of particles placed         = 1227313
total time: 5.399346529
Solution validates
Rate (Mparticles_moved/s): 22.758310
### code=pic lang=rust lto=1 scaling=strong style=PATCH rep=6
Parallel Research Kernels
MPI Particle-in-Cell execution on 2D grid
Number of ranks                    = 40
Load balancing                     = None
Grid size                          = 1000
Tiles in x/y-direction             = 5/8
Number of particles requested      = 1228800
Number of time steps               = 100
Initialization mode            = PATCH
  Bounding box                 = 0, 200, 100, 200
Particle charge semi-increment (k) = 1
Vertical velocity              (m) = 0
Rank search mode used              = simple
Number of particles placed         = 1227313
total time: 5.360210091
Solution validates
Rate (Mparticles_moved/s): 22.924475
### code=pic lang=c lto=0 scaling=strong style=GEOMETRIC rep=7
Parallel Research Kernels version 2.17
MPI Particle-in-Cell execution on 2D grid
Number of ranks                    = 40
Load balancing                     = None
Grid size                          = 1000
Tiles in x/y-direction             = 5/8
Number of particles requested      = 1228800
Number of time steps               = 100
Initialization mode                = GEOMETRIC
  Attenuation factor               = 0.990000
Particle charge semi-increment (k) = 1
Vertical velocity              (m) = 2
Rank search mode used              = simple
Number of particles placed         = 1226576
Solution validates
Rate (Mparticles_moved/s): 122.270816
### code=pic lang=c lto=1 scaling=strong style=GEOMETRIC rep=7
Parallel Research Kernels version 2.17
MPI Particle-in-Cell execution on 2D grid
Number of ranks                    = 40
Load balancing                     = None
Grid size                          = 1000
Tiles in x/y-direction             = 5/8
Number of particles requested      = 1228800
Number of time steps               = 100
Initialization mode                = GEOMETRIC
  Attenuation factor               = 0.990000
Particle charge semi-increment (k) = 1
Vertical velocity              (m) = 2
Rank search mode used              = simple
Number of particles placed         = 1226576
Solution validates
Rate (Mparticles_moved/s): 114.420876
### code=pic lang=rust lto=0 scaling=strong style=GEOMETRIC rep=7
Parallel Research Kernels
MPI Particle-in-Cell execution on 2D grid
Number of ranks                    = 40
Load balancing                     = None
Grid size                          = 1000
Tiles in x/y-direction             = 5/8
Number of particles requested      = 1228800
Number of time steps               = 100
Initialization mode            = GEOMETRIC
  Attenuation factor           = 0.990000
Particle charge semi-increment (k) = 1
Vertical velocity              (m) = 2
Rank search mode used              = simple
Number of particles placed         = 1226576
total time: 1.014577083
Solution validates
Rate (Mparticles_moved/s): 121.114504
### code=pic lang=rust lto=1 scaling=strong style=GEOMETRIC rep=7
Parallel Research Kernels
MPI Particle-in-Cell execution on 2D grid
Number of ranks                    = 40
Load balancing                     = None
Grid size                          = 1000
Tiles in x/y-direction             = 5/8
Number of particles requested      = 1228800
Number of time steps               = 100
Initialization mode            = GEOMETRIC
  Attenuation factor           = 0.990000
Particle charge semi-increment (k) = 1
Vertical velocity              (m) = 2
Rank search mode used              = simple
Number of particles placed         = 1226576
total time: 1.001369036
Solution validates
Rate (Mparticles_moved/s): 122.712003
### code=pic lang=c lto=0 scaling=strong style=SINUSOIDAL rep=7
Parallel Research Kernels version 2.17
MPI Particle-in-Cell execution on 2D grid
Number of ranks                    = 40
Load balancing                     = None
Grid size                          = 1000
Tiles in x/y-direction             = 5/8
Number of particles requested      = 1228800
Number of time steps               = 100
Initialization mode                = SINUSOIDAL
Particle charge semi-increment (k) = 0
Vertical velocity              (m) = 1
Rank search mode used              = simple
Number of particles placed         = 1218658
Solution validates
Rate (Mparticles_moved/s): 247.615469
### code=pic lang=c lto=1 scaling=strong style=SINUSOIDAL rep=7
Parallel Research Kernels version 2.17
MPI Particle-in-Cell execution on 2D grid
Number of ranks                    = 40
Load balancing                     = None
Grid size                          = 1000
Tiles in x/y-direction             = 5/8
Number of particles requested      = 1228800
Number of time steps               = 100
Initialization mode                = SINUSOIDAL
Particle charge semi-increment (k) = 0
Vertical velocity              (m) = 1
Rank search mode used              = simple
Number of particles placed         = 1218658
Solution validates
Rate (Mparticles_moved/s): 239.679178
### code=pic lang=rust lto=0 scaling=strong style=SINUSOIDAL rep=7
Parallel Research Kernels
MPI Particle-in-Cell execution on 2D grid
Number of ranks                    = 40
Load balancing                     = None
Grid size                          = 1000
Tiles in x/y-direction             = 5/8
Number of particles requested      = 1228800
Number of time steps               = 100
Initialization mode                = SINUSOIDAL
Particle charge semi-increment (k) = 0
Vertical velocity              (m) = 1
Rank search mode used              = simple
Number of particles placed         = 1218658
total time: 0.634408141
Solution validates
Rate (Mparticles_moved/s): 193.692344
### code=pic lang=rust lto=1 scaling=strong style=SINUSOIDAL rep=7
Parallel Research Kernels
MPI Particle-in-Cell execution on 2D grid
Number of ranks                    = 40
Load balancing                     = None
Grid size                          = 1000
Tiles in x/y-direction             = 5/8
Number of particles requested      = 1228800
Number of time steps               = 100
Initialization mode                = SINUSOIDAL
Particle charge semi-increment (k) = 0
Vertical velocity              (m) = 1
Rank search mode used              = simple
Number of particles placed         = 1218658
total time: 0.638087466
Solution validates
Rate (Mparticles_moved/s): 192.575480
### code=pic lang=c lto=0 scaling=strong style=LINEAR rep=7
Parallel Research Kernels version 2.17
MPI Particle-in-Cell execution on 2D grid
Number of ranks                    = 40
Load balancing                     = None
Grid size                          = 1000
Tiles in x/y-direction             = 5/8
Number of particles requested      = 1228800
Number of time steps               = 100
Initialization mode                = LINEAR
  Negative slope                   = 1.000000
  Offset                           = 3.000000
Particle charge semi-increment (k) = 1
Vertical velocity              (m) = 0
Rank search mode used              = simple
Number of particles placed         = 1129164
Solution validates
Rate (Mparticles_moved/s): 336.757066
### code=pic lang=c lto=1 scaling=strong style=LINEAR rep=7
Parallel Research Kernels version 2.17
MPI Particle-in-Cell execution on 2D grid
Number of ranks                    = 40
Load balancing                     = None
Grid size                          = 1000
Tiles in x/y-direction             = 5/8
Number of particles requested      = 1228800
Number of time steps               = 100
Initialization mode                = LINEAR
  Negative slope                   = 1.000000
  Offset                           = 3.000000
Particle charge semi-increment (k) = 1
Vertical velocity              (m) = 0
Rank search mode used              = simple
Number of particles placed         = 1129164
Solution validates
Rate (Mparticles_moved/s): 350.441864
### code=pic lang=rust lto=0 scaling=strong style=LINEAR rep=7
Parallel Research Kernels
MPI Particle-in-Cell execution on 2D grid
Number of ranks                    = 40
Load balancing                     = None
Grid size                          = 1000
Tiles in x/y-direction             = 5/8
Number of particles requested      = 1228800
Number of time steps               = 100
Initialization mode            = LINEAR
  Negative slope               = 1.000000
  Offset                       = 3.000000
Particle charge semi-increment (k) = 1
Vertical velocity              (m) = 0
Rank search mode used              = simple
Number of particles placed         = 1129164
total time: 0.451716585
Solution validates
Rate (Mparticles_moved/s): 272.028976
### code=pic lang=rust lto=1 scaling=strong style=LINEAR rep=7
Parallel Research Kernels
MPI Particle-in-Cell execution on 2D grid
Number of ranks                    = 40
Load balancing                     = None
Grid size                          = 1000
Tiles in x/y-direction             = 5/8
Number of particles requested      = 1228800
Number of time steps               = 100
Initialization mode            = LINEAR
  Negative slope               = 1.000000
  Offset                       = 3.000000
Particle charge semi-increment (k) = 1
Vertical velocity              (m) = 0
Rank search mode used              = simple
Number of particles placed         = 1129164
total time: 0.502713798
Solution validates
Rate (Mparticles_moved/s): 244.433315
### code=pic lang=c lto=0 scaling=strong style=PATCH rep=7
Parallel Research Kernels version 2.17
MPI Particle-in-Cell execution on 2D grid
Number of ranks                    = 40
Load balancing                     = None
Grid size                          = 1000
Tiles in x/y-direction             = 5/8
Number of particles requested      = 1228800
Number of time steps               = 100
Initialization mode                = PATCH
  Bounding box                     = 0, 200, 100, 200
Particle charge semi-increment (k) = 1
Vertical velocity              (m) = 0
Rank search mode used              = simple
Number of particles placed         = 1227313
Solution validates
Rate (Mparticles_moved/s): 20.803414
### code=pic lang=c lto=1 scaling=strong style=PATCH rep=7
Parallel Research Kernels version 2.17
MPI Particle-in-Cell execution on 2D grid
Number of ranks                    = 40
Load balancing                     = None
Grid size                          = 1000
Tiles in x/y-direction             = 5/8
Number of particles requested      = 1228800
Number of time steps               = 100
Initialization mode                = PATCH
  Bounding box                     = 0, 200, 100, 200
Particle charge semi-increment (k) = 1
Vertical velocity              (m) = 0
Rank search mode used              = simple
Number of particles placed         = 1227313
Solution validates
Rate (Mparticles_moved/s): 21.642060
### code=pic lang=rust lto=0 scaling=strong style=PATCH rep=7
Parallel Research Kernels
MPI Particle-in-Cell execution on 2D grid
Number of ranks                    = 40
Load balancing                     = None
Grid size                          = 1000
Tiles in x/y-direction             = 5/8
Number of particles requested      = 1228800
Number of time steps               = 100
Initialization mode            = PATCH
  Bounding box                 = 0, 200, 100, 200
Particle charge semi-increment (k) = 1
Vertical velocity              (m) = 0
Rank search mode used              = simple
Number of particles placed         = 1227313
total time: 5.3923589960000005
Solution validates
Rate (Mparticles_moved/s): 22.787800
### code=pic lang=rust lto=1 scaling=strong style=PATCH rep=7
Parallel Research Kernels
MPI Particle-in-Cell execution on 2D grid
Number of ranks                    = 40
Load balancing                     = None
Grid size                          = 1000
Tiles in x/y-direction             = 5/8
Number of particles requested      = 1228800
Number of time steps               = 100
Initialization mode            = PATCH
  Bounding box                 = 0, 200, 100, 200
Particle charge semi-increment (k) = 1
Vertical velocity              (m) = 0
Rank search mode used              = simple
Number of particles placed         = 1227313
total time: 5.352836724
Solution validates
Rate (Mparticles_moved/s): 22.956052
### code=pic lang=c lto=0 scaling=strong style=GEOMETRIC rep=8
Parallel Research Kernels version 2.17
MPI Particle-in-Cell execution on 2D grid
Number of ranks                    = 40
Load balancing                     = None
Grid size                          = 1000
Tiles in x/y-direction             = 5/8
Number of particles requested      = 1228800
Number of time steps               = 100
Initialization mode                = GEOMETRIC
  Attenuation factor               = 0.990000
Particle charge semi-increment (k) = 1
Vertical velocity              (m) = 2
Rank search mode used              = simple
Number of particles placed         = 1226576
Solution validates
Rate (Mparticles_moved/s): 117.350946
### code=pic lang=c lto=1 scaling=strong style=GEOMETRIC rep=8
Parallel Research Kernels version 2.17
MPI Particle-in-Cell execution on 2D grid
Number of ranks                    = 40
Load balancing                     = None
Grid size                          = 1000
Tiles in x/y-direction             = 5/8
Number of particles requested      = 1228800
Number of time steps               = 100
Initialization mode                = GEOMETRIC
  Attenuation factor               = 0.990000
Particle charge semi-increment (k) = 1
Vertical velocity              (m) = 2
Rank search mode used              = simple
Number of particles placed         = 1226576
Solution validates
Rate (Mparticles_moved/s): 113.449866
### code=pic lang=rust lto=0 scaling=strong style=GEOMETRIC rep=8
Parallel Research Kernels
MPI Particle-in-Cell execution on 2D grid
Number of ranks                    = 40
Load balancing                     = None
Grid size                          = 1000
Tiles in x/y-direction             = 5/8
Number of particles requested      = 1228800
Number of time steps               = 100
Initialization mode            = GEOMETRIC
  Attenuation factor           = 0.990000
Particle charge semi-increment (k) = 1
Vertical velocity              (m) = 2
Rank search mode used              = simple
Number of particles placed         = 1226576
total time: 1.013432862
Solution validates
Rate (Mparticles_moved/s): 121.251249
### code=pic lang=rust lto=1 scaling=strong style=GEOMETRIC rep=8
Parallel Research Kernels
MPI Particle-in-Cell execution on 2D grid
Number of ranks                    = 40
Load balancing                     = None
Grid size                          = 1000
Tiles in x/y-direction             = 5/8
Number of particles requested      = 1228800
Number of time steps               = 100
Initialization mode            = GEOMETRIC
  Attenuation factor           = 0.990000
Particle charge semi-increment (k) = 1
Vertical velocity              (m) = 2
Rank search mode used              = simple
Number of particles placed         = 1226576
total time: 1.044719943
Solution validates
Rate (Mparticles_moved/s): 117.620039
### code=pic lang=c lto=0 scaling=strong style=SINUSOIDAL rep=8
Parallel Research Kernels version 2.17
MPI Particle-in-Cell execution on 2D grid
Number of ranks                    = 40
Load balancing                     = None
Grid size                          = 1000
Tiles in x/y-direction             = 5/8
Number of particles requested      = 1228800
Number of time steps               = 100
Initialization mode                = SINUSOIDAL
Particle charge semi-increment (k) = 0
Vertical velocity              (m) = 1
Rank search mode used              = simple
Number of particles placed         = 1218658
Solution validates
Rate (Mparticles_moved/s): 235.481584
### code=pic lang=c lto=1 scaling=strong style=SINUSOIDAL rep=8
Parallel Research Kernels version 2.17
MPI Particle-in-Cell execution on 2D grid
Number of ranks                    = 40
Load balancing                     = None
Grid size                          = 1000
Tiles in x/y-direction             = 5/8
Number of particles requested      = 1228800
Number of time steps               = 100
Initialization mode                = SINUSOIDAL
Particle charge semi-increment (k) = 0
Vertical velocity              (m) = 1
Rank search mode used              = simple
Number of particles placed         = 1218658
Solution validates
Rate (Mparticles_moved/s): 237.791883
### code=pic lang=rust lto=0 scaling=strong style=SINUSOIDAL rep=8
Parallel Research Kernels
MPI Particle-in-Cell execution on 2D grid
Number of ranks                    = 40
Load balancing                     = None
Grid size                          = 1000
Tiles in x/y-direction             = 5/8
Number of particles requested      = 1228800
Number of time steps               = 100
Initialization mode                = SINUSOIDAL
Particle charge semi-increment (k) = 0
Vertical velocity              (m) = 1
Rank search mode used              = simple
Number of particles placed         = 1218658
total time: 0.600694094
Solution validates
Rate (Mparticles_moved/s): 204.563356
### code=pic lang=rust lto=1 scaling=strong style=SINUSOIDAL rep=8
Parallel Research Kernels
MPI Particle-in-Cell execution on 2D grid
Number of ranks                    = 40
Load balancing                     = None
Grid size                          = 1000
Tiles in x/y-direction             = 5/8
Number of particles requested      = 1228800
Number of time steps               = 100
Initialization mode                = SINUSOIDAL
Particle charge semi-increment (k) = 0
Vertical velocity              (m) = 1
Rank search mode used              = simple
Number of particles placed         = 1218658
total time: 0.648374022
Solution validates
Rate (Mparticles_moved/s): 189.520240
### code=pic lang=c lto=0 scaling=strong style=LINEAR rep=8
Parallel Research Kernels version 2.17
MPI Particle-in-Cell execution on 2D grid
Number of ranks                    = 40
Load balancing                     = None
Grid size                          = 1000
Tiles in x/y-direction             = 5/8
Number of particles requested      = 1228800
Number of time steps               = 100
Initialization mode                = LINEAR
  Negative slope                   = 1.000000
  Offset                           = 3.000000
Particle charge semi-increment (k) = 1
Vertical velocity              (m) = 0
Rank search mode used              = simple
Number of particles placed         = 1129164
Solution validates
Rate (Mparticles_moved/s): 384.264578
### code=pic lang=c lto=1 scaling=strong style=LINEAR rep=8
Parallel Research Kernels version 2.17
MPI Particle-in-Cell execution on 2D grid
Number of ranks                    = 40
Load balancing                     = None
Grid size                          = 1000
Tiles in x/y-direction             = 5/8
Number of particles requested      = 1228800
Number of time steps               = 100
Initialization mode                = LINEAR
  Negative slope                   = 1.000000
  Offset                           = 3.000000
Particle charge semi-increment (k) = 1
Vertical velocity              (m) = 0
Rank search mode used              = simple
Number of particles placed         = 1129164
Solution validates
Rate (Mparticles_moved/s): 348.848437
### code=pic lang=rust lto=0 scaling=strong style=LINEAR rep=8
Parallel Research Kernels
MPI Particle-in-Cell execution on 2D grid
Number of ranks                    = 40
Load balancing                     = None
Grid size                          = 1000
Tiles in x/y-direction             = 5/8
Number of particles requested      = 1228800
Number of time steps               = 100
Initialization mode            = LINEAR
  Negative slope               = 1.000000
  Offset                       = 3.000000
Particle charge semi-increment (k) = 1
Vertical velocity              (m) = 0
Rank search mode used              = simple
Number of particles placed         = 1129164
total time: 0.435368883
Solution validates
Rate (Mparticles_moved/s): 282.243414
### code=pic lang=rust lto=1 scaling=strong style=LINEAR rep=8
Parallel Research Kernels
MPI Particle-in-Cell execution on 2D grid
Number of ranks                    = 40
Load balancing                     = None
Grid size                          = 1000
Tiles in x/y-direction             = 5/8
Number of particles requested      = 1228800
Number of time steps               = 100
Initialization mode            = LINEAR
  Negative slope               = 1.000000
  Offset                       = 3.000000
Particle charge semi-increment (k) = 1
Vertical velocity              (m) = 0
Rank search mode used              = simple
Number of particles placed         = 1129164
total time: 0.431474577
Solution validates
Rate (Mparticles_moved/s): 284.790823
### code=pic lang=c lto=0 scaling=strong style=PATCH rep=8
Parallel Research Kernels version 2.17
MPI Particle-in-Cell execution on 2D grid
Number of ranks                    = 40
Load balancing                     = None
Grid size                          = 1000
Tiles in x/y-direction             = 5/8
Number of particles requested      = 1228800
Number of time steps               = 100
Initialization mode                = PATCH
  Bounding box                     = 0, 200, 100, 200
Particle charge semi-increment (k) = 1
Vertical velocity              (m) = 0
Rank search mode used              = simple
Number of particles placed         = 1227313
Solution validates
Rate (Mparticles_moved/s): 20.804450
### code=pic lang=c lto=1 scaling=strong style=PATCH rep=8
Parallel Research Kernels version 2.17
MPI Particle-in-Cell execution on 2D grid
Number of ranks                    = 40
Load balancing                     = None
Grid size                          = 1000
Tiles in x/y-direction             = 5/8
Number of particles requested      = 1228800
Number of time steps               = 100
Initialization mode                = PATCH
  Bounding box                     = 0, 200, 100, 200
Particle charge semi-increment (k) = 1
Vertical velocity              (m) = 0
Rank search mode used              = simple
Number of particles placed         = 1227313
Solution validates
Rate (Mparticles_moved/s): 21.672832
### code=pic lang=rust lto=0 scaling=strong style=PATCH rep=8
Parallel Research Kernels
MPI Particle-in-Cell execution on 2D grid
Number of ranks                    = 40
Load balancing                     = None
Grid size                          = 1000
Tiles in x/y-direction             = 5/8
Number of particles requested      = 1228800
Number of time steps               = 100
Initialization mode            = PATCH
  Bounding box                 = 0, 200, 100, 200
Particle charge semi-increment (k) = 1
Vertical velocity              (m) = 0
Rank search mode used              = simple
Number of particles placed         = 1227313
total time: 5.404420271
Solution validates
Rate (Mparticles_moved/s): 22.736944
### code=pic lang=rust lto=1 scaling=strong style=PATCH rep=8
Parallel Research Kernels
MPI Particle-in-Cell execution on 2D grid
Number of ranks                    = 40
Load balancing                     = None
Grid size                          = 1000
Tiles in x/y-direction             = 5/8
Number of particles requested      = 1228800
Number of time steps               = 100
Initialization mode            = PATCH
  Bounding box                 = 0, 200, 100, 200
Particle charge semi-increment (k) = 1
Vertical velocity              (m) = 0
Rank search mode used              = simple
Number of particles placed         = 1227313
total time: 5.374447665
Solution validates
Rate (Mparticles_moved/s): 22.863745
### code=pic lang=c lto=0 scaling=strong style=GEOMETRIC rep=9
Parallel Research Kernels version 2.17
MPI Particle-in-Cell execution on 2D grid
Number of ranks                    = 40
Load balancing                     = None
Grid size                          = 1000
Tiles in x/y-direction             = 5/8
Number of particles requested      = 1228800
Number of time steps               = 100
Initialization mode                = GEOMETRIC
  Attenuation factor               = 0.990000
Particle charge semi-increment (k) = 1
Vertical velocity              (m) = 2
Rank search mode used              = simple
Number of particles placed         = 1226576
Solution validates
Rate (Mparticles_moved/s): 122.707510
### code=pic lang=c lto=1 scaling=strong style=GEOMETRIC rep=9
Parallel Research Kernels version 2.17
MPI Particle-in-Cell execution on 2D grid
Number of ranks                    = 40
Load balancing                     = None
Grid size                          = 1000
Tiles in x/y-direction             = 5/8
Number of particles requested      = 1228800
Number of time steps               = 100
Initialization mode                = GEOMETRIC
  Attenuation factor               = 0.990000
Particle charge semi-increment (k) = 1
Vertical velocity              (m) = 2
Rank search mode used              = simple
Number of particles placed         = 1226576
Solution validates
Rate (Mparticles_moved/s): 126.713622
### code=pic lang=rust lto=0 scaling=strong style=GEOMETRIC rep=9
Parallel Research Kernels
MPI Particle-in-Cell execution on 2D grid
Number of ranks                    = 40
Load balancing                     = None
Grid size                          = 1000
Tiles in x/y-direction             = 5/8
Number of particles requested      = 1228800
Number of time steps               = 100
Initialization mode            = GEOMETRIC
  Attenuation factor           = 0.990000
Particle charge semi-increment (k) = 1
Vertical velocity              (m) = 2
Rank search mode used              = simple
Number of particles placed         = 1226576
total time: 1.114839181
Solution validates
Rate (Mparticles_moved/s): 110.222176
### code=pic lang=rust lto=1 scaling=strong style=GEOMETRIC rep=9
Parallel Research Kernels
MPI Particle-in-Cell execution on 2D grid
Number of ranks                    = 40
Load balancing                     = None
Grid size                          = 1000
Tiles in x/y-direction             = 5/8
Number of particles requested      = 1228800
Number of time steps               = 100
Initialization mode            = GEOMETRIC
  Attenuation factor           = 0.990000
Particle charge semi-increment (k) = 1
Vertical velocity              (m) = 2
Rank search mode used              = simple
Number of particles placed         = 1226576
total time: 1.016556597
Solution validates
Rate (Mparticles_moved/s): 120.878661
### code=pic lang=c lto=0 scaling=strong style=SINUSOIDAL rep=9
Parallel Research Kernels version 2.17
MPI Particle-in-Cell execution on 2D grid
Number of ranks                    = 40
Load balancing                     = None
Grid size                          = 1000
Tiles in x/y-direction             = 5/8
Number of particles requested      = 1228800
Number of time steps               = 100
Initialization mode                = SINUSOIDAL
Particle charge semi-increment (k) = 0
Vertical velocity              (m) = 1
Rank search mode used              = simple
Number of particles placed         = 1218658
Solution validates
Rate (Mparticles_moved/s): 248.728220
### code=pic lang=c lto=1 scaling=strong style=SINUSOIDAL rep=9
Parallel Research Kernels version 2.17
MPI Particle-in-Cell execution on 2D grid
Number of ranks                    = 40
Load balancing                     = None
Grid size                          = 1000
Tiles in x/y-direction             = 5/8
Number of particles requested      = 1228800
Number of time steps               = 100
Initialization mode                = SINUSOIDAL
Particle charge semi-increment (k) = 0
Vertical velocity              (m) = 1
Rank search mode used              = simple
Number of particles placed         = 1218658
Solution validates
Rate (Mparticles_moved/s): 257.061808
### code=pic lang=rust lto=0 scaling=strong style=SINUSOIDAL rep=9
Parallel Research Kernels
MPI Particle-in-Cell execution on 2D grid
Number of ranks                    = 40
Load balancing                     = None
Grid size                          = 1000
Tiles in x/y-direction             = 5/8
Number of particles requested      = 1228800
Number of time steps               = 100
Initialization mode                = SINUSOIDAL
Particle charge semi-increment (k) = 0
Vertical velocity              (m) = 1
Rank search mode used              = simple
Number of particles placed         = 1218658
total time: 0.607239068
Solution validates
Rate (Mparticles_moved/s): 202.358522
### code=pic lang=rust lto=1 scaling=strong style=SINUSOIDAL rep=9
Parallel Research Kernels
MPI Particle-in-Cell execution on 2D grid
Number of ranks                    = 40
Load balancing                     = None
Grid size                          = 1000
Tiles in x/y-direction             = 5/8
Number of particles requested      = 1228800
Number of time steps               = 100
Initialization mode                = SINUSOIDAL
Particle charge semi-increment (k) = 0
Vertical velocity              (m) = 1
Rank search mode used              = simple
Number of particles placed         = 1218658
total time: 0.635214085
Solution validates
Rate (Mparticles_moved/s): 193.446592
### code=pic lang=c lto=0 scaling=strong style=LINEAR rep=9
Parallel Research Kernels version 2.17
MPI Particle-in-Cell execution on 2D grid
Number of ranks                    = 40
Load balancing                     = None
Grid size                          = 1000
Tiles in x/y-direction             = 5/8
Number of particles requested      = 1228800
Number of time steps               = 100
Initialization mode                = LINEAR
  Negative slope                   = 1.000000
  Offset                           = 3.000000
Particle charge semi-increment (k) = 1
Vertical velocity              (m) = 0
Rank search mode used              = simple
Number of particles placed         = 1129164
Solution validates
Rate (Mparticles_moved/s): 331.826522
### code=pic lang=c lto=1 scaling=strong style=LINEAR rep=9
Parallel Research Kernels version 2.17
MPI Particle-in-Cell execution on 2D grid
Number of ranks                    = 40
Load balancing                     = None
Grid size                          = 1000
Tiles in x/y-direction             = 5/8
Number of particles requested      = 1228800
Number of time steps               = 100
Initialization mode                = LINEAR
  Negative slope                   = 1.000000
  Offset                           = 3.000000
Particle charge semi-increment (k) = 1
Vertical velocity              (m) = 0
Rank search mode used              = simple
Number of particles placed         = 1129164
Solution validates
Rate (Mparticles_moved/s): 376.030943
### code=pic lang=rust lto=0 scaling=strong style=LINEAR rep=9
Parallel Research Kernels
MPI Particle-in-Cell execution on 2D grid
Number of ranks                    = 40
Load balancing                     = None
Grid size                          = 1000
Tiles in x/y-direction             = 5/8
Number of particles requested      = 1228800
Number of time steps               = 100
Initialization mode            = LINEAR
  Negative slope               = 1.000000
  Offset                       = 3.000000
Particle charge semi-increment (k) = 1
Vertical velocity              (m) = 0
Rank search mode used              = simple
Number of particles placed         = 1129164
total time: 1.002335455
Solution validates
Rate (Mparticles_moved/s): 122.593688
### code=pic lang=rust lto=1 scaling=strong style=LINEAR rep=9
Parallel Research Kernels
MPI Particle-in-Cell execution on 2D grid
Number of ranks                    = 40
Load balancing                     = None
Grid size                          = 1000
Tiles in x/y-direction             = 5/8
Number of particles requested      = 1228800
Number of time steps               = 100
Initialization mode            = LINEAR
  Negative slope               = 1.000000
  Offset                       = 3.000000
Particle charge semi-increment (k) = 1
Vertical velocity              (m) = 0
Rank search mode used              = simple
Number of particles placed         = 1129164
total time: 0.59560601
Solution validates
Rate (Mparticles_moved/s): 206.310880
### code=pic lang=c lto=0 scaling=strong style=PATCH rep=9
Parallel Research Kernels version 2.17
MPI Particle-in-Cell execution on 2D grid
Number of ranks                    = 40
Load balancing                     = None
Grid size                          = 1000
Tiles in x/y-direction             = 5/8
Number of particles requested      = 1228800
Number of time steps               = 100
Initialization mode                = PATCH
  Bounding box                     = 0, 200, 100, 200
Particle charge semi-increment (k) = 1
Vertical velocity              (m) = 0
Rank search mode used              = simple
Number of particles placed         = 1227313
Solution validates
Rate (Mparticles_moved/s): 20.806763
### code=pic lang=c lto=1 scaling=strong style=PATCH rep=9
Parallel Research Kernels version 2.17
MPI Particle-in-Cell execution on 2D grid
Number of ranks                    = 40
Load balancing                     = None
Grid size                          = 1000
Tiles in x/y-direction             = 5/8
Number of particles requested      = 1228800
Number of time steps               = 100
Initialization mode                = PATCH
  Bounding box                     = 0, 200, 100, 200
Particle charge semi-increment (k) = 1
Vertical velocity              (m) = 0
Rank search mode used              = simple
Number of particles placed         = 1227313
Solution validates
Rate (Mparticles_moved/s): 21.628822
### code=pic lang=rust lto=0 scaling=strong style=PATCH rep=9
Parallel Research Kernels
MPI Particle-in-Cell execution on 2D grid
Number of ranks                    = 40
Load balancing                     = None
Grid size                          = 1000
Tiles in x/y-direction             = 5/8
Number of particles requested      = 1228800
Number of time steps               = 100
Initialization mode            = PATCH
  Bounding box                 = 0, 200, 100, 200
Particle charge semi-increment (k) = 1
Vertical velocity              (m) = 0
Rank search mode used              = simple
Number of particles placed         = 1227313
total time: 5.416429679
Solution validates
Rate (Mparticles_moved/s): 22.686531
### code=pic lang=rust lto=1 scaling=strong style=PATCH rep=9
Parallel Research Kernels
MPI Particle-in-Cell execution on 2D grid
Number of ranks                    = 40
Load balancing                     = None
Grid size                          = 1000
Tiles in x/y-direction             = 5/8
Number of particles requested      = 1228800
Number of time steps               = 100
Initialization mode            = PATCH
  Bounding box                 = 0, 200, 100, 200
Particle charge semi-increment (k) = 1
Vertical velocity              (m) = 0
Rank search mode used              = simple
Number of particles placed         = 1227313
total time: 5.363733033
Solution validates
Rate (Mparticles_moved/s): 22.909418
### code=pic lang=c lto=0 scaling=weak style=GEOMETRIC rep=0
Parallel Research Kernels version 2.17
MPI Particle-in-Cell execution on 2D grid
Number of ranks                    = 40
Load balancing                     = None
Grid size                          = 1000
Tiles in x/y-direction             = 5/8
Number of particles requested      = 4096000
Number of time steps               = 100
Initialization mode                = GEOMETRIC
  Attenuation factor               = 0.990000
Particle charge semi-increment (k) = 1
Vertical velocity              (m) = 2
Rank search mode used              = simple
Number of particles placed         = 4093716
Solution validates
Rate (Mparticles_moved/s): 122.542243
### code=pic lang=c lto=1 scaling=weak style=GEOMETRIC rep=0
Parallel Research Kernels version 2.17
MPI Particle-in-Cell execution on 2D grid
Number of ranks                    = 40
Load balancing                     = None
Grid size                          = 1000
Tiles in x/y-direction             = 5/8
Number of particles requested      = 4096000
Number of time steps               = 100
Initialization mode                = GEOMETRIC
  Attenuation factor               = 0.990000
Particle charge semi-increment (k) = 1
Vertical velocity              (m) = 2
Rank search mode used              = simple
Number of particles placed         = 4093716
Solution validates
Rate (Mparticles_moved/s): 127.764702
### code=pic lang=rust lto=0 scaling=weak style=GEOMETRIC rep=0
Parallel Research Kernels
MPI Particle-in-Cell execution on 2D grid
Number of ranks                    = 40
Load balancing                     = None
Grid size                          = 1000
Tiles in x/y-direction             = 5/8
Number of particles requested      = 4096000
Number of time steps               = 100
Initialization mode            = GEOMETRIC
  Attenuation factor           = 0.990000
Particle charge semi-increment (k) = 1
Vertical velocity              (m) = 2
Rank search mode used              = simple
Number of particles placed         = 4093716
total time: 3.312396399
Solution validates
Rate (Mparticles_moved/s): 123.656698
### code=pic lang=rust lto=1 scaling=weak style=GEOMETRIC rep=0
Parallel Research Kernels
MPI Particle-in-Cell execution on 2D grid
Number of ranks                    = 40
Load balancing                     = None
Grid size                          = 1000
Tiles in x/y-direction             = 5/8
Number of particles requested      = 4096000
Number of time steps               = 100
Initialization mode            = GEOMETRIC
  Attenuation factor           = 0.990000
Particle charge semi-increment (k) = 1
Vertical velocity              (m) = 2
Rank search mode used              = simple
Number of particles placed         = 4093716
total time: 3.292407654
Solution validates
Rate (Mparticles_moved/s): 124.407438
### code=pic lang=c lto=0 scaling=weak style=SINUSOIDAL rep=0
Parallel Research Kernels version 2.17
MPI Particle-in-Cell execution on 2D grid
Number of ranks                    = 40
Load balancing                     = None
Grid size                          = 1000
Tiles in x/y-direction             = 5/8
Number of particles requested      = 4096000
Number of time steps               = 100
Initialization mode                = SINUSOIDAL
Particle charge semi-increment (k) = 0
Vertical velocity              (m) = 1
Rank search mode used              = simple
Number of particles placed         = 4092390
Solution validates
Rate (Mparticles_moved/s): 239.175320
### code=pic lang=c lto=1 scaling=weak style=SINUSOIDAL rep=0
Parallel Research Kernels version 2.17
MPI Particle-in-Cell execution on 2D grid
Number of ranks                    = 40
Load balancing                     = None
Grid size                          = 1000
Tiles in x/y-direction             = 5/8
Number of particles requested      = 4096000
Number of time steps               = 100
Initialization mode                = SINUSOIDAL
Particle charge semi-increment (k) = 0
Vertical velocity              (m) = 1
Rank search mode used              = simple
Number of particles placed         = 4092390
Solution validates
Rate (Mparticles_moved/s): 249.979760
### code=pic lang=rust lto=0 scaling=weak style=SINUSOIDAL rep=0
Parallel Research Kernels
MPI Particle-in-Cell execution on 2D grid
Number of ranks                    = 40
Load balancing                     = None
Grid size                          = 1000
Tiles in x/y-direction             = 5/8
Number of particles requested      = 4096000
Number of time steps               = 100
Initialization mode                = SINUSOIDAL
Particle charge semi-increment (k) = 0
Vertical velocity              (m) = 1
Rank search mode used              = simple
Number of particles placed         = 4092390
total time: 2.06805987
Solution validates
Rate (Mparticles_moved/s): 198.060030
### code=pic lang=rust lto=1 scaling=weak style=SINUSOIDAL rep=0
Parallel Research Kernels
MPI Particle-in-Cell execution on 2D grid
Number of ranks                    = 40
Load balancing                     = None
Grid size                          = 1000
Tiles in x/y-direction             = 5/8
Number of particles requested      = 4096000
Number of time steps               = 100
Initialization mode                = SINUSOIDAL
Particle charge semi-increment (k) = 0
Vertical velocity              (m) = 1
Rank search mode used              = simple
Number of particles placed         = 4092390
total time: 2.028744583
Solution validates
Rate (Mparticles_moved/s): 201.898259
### code=pic lang=c lto=0 scaling=weak style=LINEAR rep=0
Parallel Research Kernels version 2.17
MPI Particle-in-Cell execution on 2D grid
Number of ranks                    = 40
Load balancing                     = None
Grid size                          = 1000
Tiles in x/y-direction             = 5/8
Number of particles requested      = 4096000
Number of time steps               = 100
Initialization mode                = LINEAR
  Negative slope                   = 1.000000
  Offset                           = 3.000000
Particle charge semi-increment (k) = 1
Vertical velocity              (m) = 0
Rank search mode used              = simple
Number of particles placed         = 4094688
Solution validates
Rate (Mparticles_moved/s): 391.776524
### code=pic lang=c lto=1 scaling=weak style=LINEAR rep=0
Parallel Research Kernels version 2.17
MPI Particle-in-Cell execution on 2D grid
Number of ranks                    = 40
Load balancing                     = None
Grid size                          = 1000
Tiles in x/y-direction             = 5/8
Number of particles requested      = 4096000
Number of time steps               = 100
Initialization mode                = LINEAR
  Negative slope                   = 1.000000
  Offset                           = 3.000000
Particle charge semi-increment (k) = 1
Vertical velocity              (m) = 0
Rank search mode used              = simple
Number of particles placed         = 4094688
Solution validates
Rate (Mparticles_moved/s): 400.530288
### code=pic lang=rust lto=0 scaling=weak style=LINEAR rep=0
Parallel Research Kernels
MPI Particle-in-Cell execution on 2D grid
Number of ranks                    = 40
Load balancing                     = None
Grid size                          = 1000
Tiles in x/y-direction             = 5/8
Number of particles requested      = 4096000
Number of time steps               = 100
Initialization mode            = LINEAR
  Negative slope               = 1.000000
  Offset                       = 3.000000
Particle charge semi-increment (k) = 1
Vertical velocity              (m) = 0
Rank search mode used              = simple
Number of particles placed         = 4094688
total time: 1.599943892
Solution validates
Rate (Mparticles_moved/s): 256.008978
### code=pic lang=rust lto=1 scaling=weak style=LINEAR rep=0
Parallel Research Kernels
MPI Particle-in-Cell execution on 2D grid
Number of ranks                    = 40
Load balancing                     = None
Grid size                          = 1000
Tiles in x/y-direction             = 5/8
Number of particles requested      = 4096000
Number of time steps               = 100
Initialization mode            = LINEAR
  Negative slope               = 1.000000
  Offset                       = 3.000000
Particle charge semi-increment (k) = 1
Vertical velocity              (m) = 0
Rank search mode used              = simple
Number of particles placed         = 4094688
total time: 1.590272036
Solution validates
Rate (Mparticles_moved/s): 257.565995
### code=pic lang=c lto=0 scaling=weak style=PATCH rep=0
Parallel Research Kernels version 2.17
MPI Particle-in-Cell execution on 2D grid
Number of ranks                    = 40
Load balancing                     = None
Grid size                          = 1000
Tiles in x/y-direction             = 5/8
Number of particles requested      = 4096000
Number of time steps               = 100
Initialization mode                = PATCH
  Bounding box                     = 0, 200, 100, 200
Particle charge semi-increment (k) = 1
Vertical velocity              (m) = 0
Rank search mode used              = simple
Number of particles placed         = 4090865
Solution validates
Rate (Mparticles_moved/s): 20.851938
### code=pic lang=c lto=1 scaling=weak style=PATCH rep=0
Parallel Research Kernels version 2.17
MPI Particle-in-Cell execution on 2D grid
Number of ranks                    = 40
Load balancing                     = None
Grid size                          = 1000
Tiles in x/y-direction             = 5/8
Number of particles requested      = 4096000
Number of time steps               = 100
Initialization mode                = PATCH
  Bounding box                     = 0, 200, 100, 200
Particle charge semi-increment (k) = 1
Vertical velocity              (m) = 0
Rank search mode used              = simple
Number of particles placed         = 4090865
Solution validates
Rate (Mparticles_moved/s): 21.673235
### code=pic lang=rust lto=0 scaling=weak style=PATCH rep=0
Parallel Research Kernels
MPI Particle-in-Cell execution on 2D grid
Number of ranks                    = 40
Load balancing                     = None
Grid size                          = 1000
Tiles in x/y-direction             = 5/8
Number of particles requested      = 4096000
Number of time steps               = 100
Initialization mode            = PATCH
  Bounding box                 = 0, 200, 100, 200
Particle charge semi-increment (k) = 1
Vertical velocity              (m) = 0
Rank search mode used              = simple
Number of particles placed         = 4090865
total time: 17.890671713
Solution validates
Rate (Mparticles_moved/s): 22.894613
### code=pic lang=rust lto=1 scaling=weak style=PATCH rep=0
Parallel Research Kernels
MPI Particle-in-Cell execution on 2D grid
Number of ranks                    = 40
Load balancing                     = None
Grid size                          = 1000
Tiles in x/y-direction             = 5/8
Number of particles requested      = 4096000
Number of time steps               = 100
Initialization mode            = PATCH
  Bounding box                 = 0, 200, 100, 200
Particle charge semi-increment (k) = 1
Vertical velocity              (m) = 0
Rank search mode used              = simple
Number of particles placed         = 4090865
total time: 17.699827808
Solution validates
Rate (Mparticles_moved/s): 23.141468
### code=pic lang=c lto=0 scaling=weak style=GEOMETRIC rep=1
Parallel Research Kernels version 2.17
MPI Particle-in-Cell execution on 2D grid
Number of ranks                    = 40
Load balancing                     = None
Grid size                          = 1000
Tiles in x/y-direction             = 5/8
Number of particles requested      = 4096000
Number of time steps               = 100
Initialization mode                = GEOMETRIC
  Attenuation factor               = 0.990000
Particle charge semi-increment (k) = 1
Vertical velocity              (m) = 2
Rank search mode used              = simple
Number of particles placed         = 4093716
Solution validates
Rate (Mparticles_moved/s): 119.813141
### code=pic lang=c lto=1 scaling=weak style=GEOMETRIC rep=1
Parallel Research Kernels version 2.17
MPI Particle-in-Cell execution on 2D grid
Number of ranks                    = 40
Load balancing                     = None
Grid size                          = 1000
Tiles in x/y-direction             = 5/8
Number of particles requested      = 4096000
Number of time steps               = 100
Initialization mode                = GEOMETRIC
  Attenuation factor               = 0.990000
Particle charge semi-increment (k) = 1
Vertical velocity              (m) = 2
Rank search mode used              = simple
Number of particles placed         = 4093716
Solution validates
Rate (Mparticles_moved/s): 127.737043
### code=pic lang=rust lto=0 scaling=weak style=GEOMETRIC rep=1
Parallel Research Kernels
MPI Particle-in-Cell execution on 2D grid
Number of ranks                    = 40
Load balancing                     = None
Grid size                          = 1000
Tiles in x/y-direction             = 5/8
Number of particles requested      = 4096000
Number of time steps               = 100
Initialization mode            = GEOMETRIC
  Attenuation factor           = 0.990000
Particle charge semi-increment (k) = 1
Vertical velocity              (m) = 2
Rank search mode used              = simple
Number of particles placed         = 4093716
total time: 3.3091555919999998
Solution validates
Rate (Mparticles_moved/s): 123.777800
### code=pic lang=rust lto=1 scaling=weak style=GEOMETRIC rep=1
Parallel Research Kernels
MPI Particle-in-Cell execution on 2D grid
Number of ranks                    = 40
Load balancing                     = None
Grid size                          = 1000
Tiles in x/y-direction             = 5/8
Number of particles requested      = 4096000
Number of time steps               = 100
Initialization mode            = GEOMETRIC
  Attenuation factor           = 0.990000
Particle charge semi-increment (k) = 1
Vertical velocity              (m) = 2
Rank search mode used              = simple
Number of particles placed         = 4093716
total time: 3.241331679
Solution validates
Rate (Mparticles_moved/s): 126.367814
### code=pic lang=c lto=0 scaling=weak style=SINUSOIDAL rep=1
Parallel Research Kernels version 2.17
MPI Particle-in-Cell execution on 2D grid
Number of ranks                    = 40
Load balancing                     = None
Grid size                          = 1000
Tiles in x/y-direction             = 5/8
Number of particles requested      = 4096000
Number of time steps               = 100
Initialization mode                = SINUSOIDAL
Particle charge semi-increment (k) = 0
Vertical velocity              (m) = 1
Rank search mode used              = simple
Number of particles placed         = 4092390
Solution validates
Rate (Mparticles_moved/s): 246.335021
### code=pic lang=c lto=1 scaling=weak style=SINUSOIDAL rep=1
Parallel Research Kernels version 2.17
MPI Particle-in-Cell execution on 2D grid
Number of ranks                    = 40
Load balancing                     = None
Grid size                          = 1000
Tiles in x/y-direction             = 5/8
Number of particles requested      = 4096000
Number of time steps               = 100
Initialization mode                = SINUSOIDAL
Particle charge semi-increment (k) = 0
Vertical velocity              (m) = 1
Rank search mode used              = simple
Number of particles placed         = 4092390
Solution validates
Rate (Mparticles_moved/s): 247.294096
### code=pic lang=rust lto=0 scaling=weak style=SINUSOIDAL rep=1
Parallel Research Kernels
MPI Particle-in-Cell execution on 2D grid
Number of ranks                    = 40
Load balancing                     = None
Grid size                          = 1000
Tiles in x/y-direction             = 5/8
Number of particles requested      = 4096000
Number of time steps               = 100
Initialization mode                = SINUSOIDAL
Particle charge semi-increment (k) = 0
Vertical velocity              (m) = 1
Rank search mode used              = simple
Number of particles placed         = 4092390
total time: 2.090855569
Solution validates
Rate (Mparticles_moved/s): 195.900667
### code=pic lang=rust lto=1 scaling=weak style=SINUSOIDAL rep=1
Parallel Research Kernels
MPI Particle-in-Cell execution on 2D grid
Number of ranks                    = 40
Load balancing                     = None
Grid size                          = 1000
Tiles in x/y-direction             = 5/8
Number of particles requested      = 4096000
Number of time steps               = 100
Initialization mode                = SINUSOIDAL
Particle charge semi-increment (k) = 0
Vertical velocity              (m) = 1
Rank search mode used              = simple
Number of particles placed         = 4092390
total time: 2.053476235
Solution validates
Rate (Mparticles_moved/s): 199.466638
### code=pic lang=c lto=0 scaling=weak style=LINEAR rep=1
Parallel Research Kernels version 2.17
MPI Particle-in-Cell execution on 2D grid
Number of ranks                    = 40
Load balancing                     = None
Grid size                          = 1000
Tiles in x/y-direction             = 5/8
Number of particles requested      = 4096000
Number of time steps               = 100
Initialization mode                = LINEAR
  Negative slope                   = 1.000000
  Offset                           = 3.000000
Particle charge semi-increment (k) = 1
Vertical velocity              (m) = 0
Rank search mode used              = simple
Number of particles placed         = 4094688
Solution validates
Rate (Mparticles_moved/s): 386.395807
### code=pic lang=c lto=1 scaling=weak style=LINEAR rep=1
Parallel Research Kernels version 2.17
MPI Particle-in-Cell execution on 2D grid
Number of ranks                    = 40
Load balancing                     = None
Grid size                          = 1000
Tiles in x/y-direction             = 5/8
Number of particles requested      = 4096000
Number of time steps               = 100
Initialization mode                = LINEAR
  Negative slope                   = 1.000000
  Offset                           = 3.000000
Particle charge semi-increment (k) = 1
Vertical velocity              (m) = 0
Rank search mode used              = simple
Number of particles placed         = 4094688
Solution validates
Rate (Mparticles_moved/s): 401.499601
### code=pic lang=rust lto=0 scaling=weak style=LINEAR rep=1
Parallel Research Kernels
MPI Particle-in-Cell execution on 2D grid
Number of ranks                    = 40
Load balancing                     = None
Grid size                          = 1000
Tiles in x/y-direction             = 5/8
Number of particles requested      = 4096000
Number of time steps               = 100
Initialization mode            = LINEAR
  Negative slope               = 1.000000
  Offset                       = 3.000000
Particle charge semi-increment (k) = 1
Vertical velocity              (m) = 0
Rank search mode used              = simple
Number of particles placed         = 4094688
total time: 1.598435724
Solution validates
Rate (Mparticles_moved/s): 256.250529
### code=pic lang=rust lto=1 scaling=weak style=LINEAR rep=1
Parallel Research Kernels
MPI Particle-in-Cell execution on 2D grid
Number of ranks                    = 40
Load balancing                     = None
Grid size                          = 1000
Tiles in x/y-direction             = 5/8
Number of particles requested      = 4096000
Number of time steps               = 100
Initialization mode            = LINEAR
  Negative slope               = 1.000000
  Offset                       = 3.000000
Particle charge semi-increment (k) = 1
Vertical velocity              (m) = 0
Rank search mode used              = simple
Number of particles placed         = 4094688
total time: 1.589963681
Solution validates
Rate (Mparticles_moved/s): 257.615947
### code=pic lang=c lto=0 scaling=weak style=PATCH rep=1
Parallel Research Kernels version 2.17
MPI Particle-in-Cell execution on 2D grid
Number of ranks                    = 40
Load balancing                     = None
Grid size                          = 1000
Tiles in x/y-direction             = 5/8
Number of particles requested      = 4096000
Number of time steps               = 100
Initialization mode                = PATCH
  Bounding box                     = 0, 200, 100, 200
Particle charge semi-increment (k) = 1
Vertical velocity              (m) = 0
Rank search mode used              = simple
Number of particles placed         = 4090865
Solution validates
Rate (Mparticles_moved/s): 20.862750
### code=pic lang=c lto=1 scaling=weak style=PATCH rep=1
Parallel Research Kernels version 2.17
MPI Particle-in-Cell execution on 2D grid
Number of ranks                    = 40
Load balancing                     = None
Grid size                          = 1000
Tiles in x/y-direction             = 5/8
Number of particles requested      = 4096000
Number of time steps               = 100
Initialization mode                = PATCH
  Bounding box                     = 0, 200, 100, 200
Particle charge semi-increment (k) = 1
Vertical velocity              (m) = 0
Rank search mode used              = simple
Number of particles placed         = 4090865
Solution validates
Rate (Mparticles_moved/s): 21.640044
### code=pic lang=rust lto=0 scaling=weak style=PATCH rep=1
Parallel Research Kernels
MPI Particle-in-Cell execution on 2D grid
Number of ranks                    = 40
Load balancing                     = None
Grid size                          = 1000
Tiles in x/y-direction             = 5/8
Number of particles requested      = 4096000
Number of time steps               = 100
Initialization mode            = PATCH
  Bounding box                 = 0, 200, 100, 200
Particle charge semi-increment (k) = 1
Vertical velocity              (m) = 0
Rank search mode used              = simple
Number of particles placed         = 4090865
total time: 17.865908728
Solution validates
Rate (Mparticles_moved/s): 22.926346
### code=pic lang=rust lto=1 scaling=weak style=PATCH rep=1
Parallel Research Kernels
MPI Particle-in-Cell execution on 2D grid
Number of ranks                    = 40
Load balancing                     = None
Grid size                          = 1000
Tiles in x/y-direction             = 5/8
Number of particles requested      = 4096000
Number of time steps               = 100
Initialization mode            = PATCH
  Bounding box                 = 0, 200, 100, 200
Particle charge semi-increment (k) = 1
Vertical velocity              (m) = 0
Rank search mode used              = simple
Number of particles placed         = 4090865
total time: 17.869325378
Solution validates
Rate (Mparticles_moved/s): 22.921962
### code=pic lang=c lto=0 scaling=weak style=GEOMETRIC rep=2
Parallel Research Kernels version 2.17
MPI Particle-in-Cell execution on 2D grid
Number of ranks                    = 40
Load balancing                     = None
Grid size                          = 1000
Tiles in x/y-direction             = 5/8
Number of particles requested      = 4096000
Number of time steps               = 100
Initialization mode                = GEOMETRIC
  Attenuation factor               = 0.990000
Particle charge semi-increment (k) = 1
Vertical velocity              (m) = 2
Rank search mode used              = simple
Number of particles placed         = 4093716
Solution validates
Rate (Mparticles_moved/s): 123.592312
### code=pic lang=c lto=1 scaling=weak style=GEOMETRIC rep=2
Parallel Research Kernels version 2.17
MPI Particle-in-Cell execution on 2D grid
Number of ranks                    = 40
Load balancing                     = None
Grid size                          = 1000
Tiles in x/y-direction             = 5/8
Number of particles requested      = 4096000
Number of time steps               = 100
Initialization mode                = GEOMETRIC
  Attenuation factor               = 0.990000
Particle charge semi-increment (k) = 1
Vertical velocity              (m) = 2
Rank search mode used              = simple
Number of particles placed         = 4093716
Solution validates
Rate (Mparticles_moved/s): 127.894024
### code=pic lang=rust lto=0 scaling=weak style=GEOMETRIC rep=2
Parallel Research Kernels
MPI Particle-in-Cell execution on 2D grid
Number of ranks                    = 40
Load balancing                     = None
Grid size                          = 1000
Tiles in x/y-direction             = 5/8
Number of particles requested      = 4096000
Number of time steps               = 100
Initialization mode            = GEOMETRIC
  Attenuation factor           = 0.990000
Particle charge semi-increment (k) = 1
Vertical velocity              (m) = 2
Rank search mode used              = simple
Number of particles placed         = 4093716
total time: 3.322042829
Solution validates
Rate (Mparticles_moved/s): 123.297628
### code=pic lang=rust lto=1 scaling=weak style=GEOMETRIC rep=2
Parallel Research Kernels
MPI Particle-in-Cell execution on 2D grid
Number of ranks                    = 40
Load balancing                     = None
Grid size                          = 1000
Tiles in x/y-direction             = 5/8
Number of particles requested      = 4096000
Number of time steps               = 100
Initialization mode            = GEOMETRIC
  Attenuation factor           = 0.990000
Particle charge semi-increment (k) = 1
Vertical velocity              (m) = 2
Rank search mode used              = simple
Number of particles placed         = 4093716
total time: 3.23801328
Solution validates
Rate (Mparticles_moved/s): 126.497319
### code=pic lang=c lto=0 scaling=weak style=SINUSOIDAL rep=2
Parallel Research Kernels version 2.17
MPI Particle-in-Cell execution on 2D grid
Number of ranks                    = 40
Load balancing                     = None
Grid size                          = 1000
Tiles in x/y-direction             = 5/8
Number of particles requested      = 4096000
Number of time steps               = 100
Initialization mode                = SINUSOIDAL
Particle charge semi-increment (k) = 0
Vertical velocity              (m) = 1
Rank search mode used              = simple
Number of particles placed         = 4092390
Solution validates
Rate (Mparticles_moved/s): 239.177053
### code=pic lang=c lto=1 scaling=weak style=SINUSOIDAL rep=2
Parallel Research Kernels version 2.17
MPI Particle-in-Cell execution on 2D grid
Number of ranks                    = 40
Load balancing                     = None
Grid size                          = 1000
Tiles in x/y-direction             = 5/8
Number of particles requested      = 4096000
Number of time steps               = 100
Initialization mode                = SINUSOIDAL
Particle charge semi-increment (k) = 0
Vertical velocity              (m) = 1
Rank search mode used              = simple
Number of particles placed         = 4092390
Solution validates
Rate (Mparticles_moved/s): 252.881409
### code=pic lang=rust lto=0 scaling=weak style=SINUSOIDAL rep=2
Parallel Research Kernels
MPI Particle-in-Cell execution on 2D grid
Number of ranks                    = 40
Load balancing                     = None
Grid size                          = 1000
Tiles in x/y-direction             = 5/8
Number of particles requested      = 4096000
Number of time steps               = 100
Initialization mode                = SINUSOIDAL
Particle charge semi-increment (k) = 0
Vertical velocity              (m) = 1
Rank search mode used              = simple
Number of particles placed         = 4092390
total time: 2.039786497
Solution validates
Rate (Mparticles_moved/s): 200.805330
### code=pic lang=rust lto=1 scaling=weak style=SINUSOIDAL rep=2
Parallel Research Kernels
MPI Particle-in-Cell execution on 2D grid
Number of ranks                    = 40
Load balancing                     = None
Grid size                          = 1000
Tiles in x/y-direction             = 5/8
Number of particles requested      = 4096000
Number of time steps               = 100
Initialization mode                = SINUSOIDAL
Particle charge semi-increment (k) = 0
Vertical velocity              (m) = 1
Rank search mode used              = simple
Number of particles placed         = 4092390
total time: 2.0468829570000002
Solution validates
Rate (Mparticles_moved/s): 200.109146
### code=pic lang=c lto=0 scaling=weak style=LINEAR rep=2
Parallel Research Kernels version 2.17
MPI Particle-in-Cell execution on 2D grid
Number of ranks                    = 40
Load balancing                     = None
Grid size                          = 1000
Tiles in x/y-direction             = 5/8
Number of particles requested      = 4096000
Number of time steps               = 100
Initialization mode                = LINEAR
  Negative slope                   = 1.000000
  Offset                           = 3.000000
Particle charge semi-increment (k) = 1
Vertical velocity              (m) = 0
Rank search mode used              = simple
Number of particles placed         = 4094688
Solution validates
Rate (Mparticles_moved/s): 390.152356
### code=pic lang=c lto=1 scaling=weak style=LINEAR rep=2
Parallel Research Kernels version 2.17
MPI Particle-in-Cell execution on 2D grid
Number of ranks                    = 40
Load balancing                     = None
Grid size                          = 1000
Tiles in x/y-direction             = 5/8
Number of particles requested      = 4096000
Number of time steps               = 100
Initialization mode                = LINEAR
  Negative slope                   = 1.000000
  Offset                           = 3.000000
Particle charge semi-increment (k) = 1
Vertical velocity              (m) = 0
Rank search mode used              = simple
Number of particles placed         = 4094688
Solution validates
Rate (Mparticles_moved/s): 401.040204
### code=pic lang=rust lto=0 scaling=weak style=LINEAR rep=2
Parallel Research Kernels
MPI Particle-in-Cell execution on 2D grid
Number of ranks                    = 40
Load balancing                     = None
Grid size                          = 1000
Tiles in x/y-direction             = 5/8
Number of particles requested      = 4096000
Number of time steps               = 100
Initialization mode            = LINEAR
  Negative slope               = 1.000000
  Offset                       = 3.000000
Particle charge semi-increment (k) = 1
Vertical velocity              (m) = 0
Rank search mode used              = simple
Number of particles placed         = 4094688
total time: 1.5735062850000001
Solution validates
Rate (Mparticles_moved/s): 260.310368
### code=pic lang=rust lto=1 scaling=weak style=LINEAR rep=2
Parallel Research Kernels
MPI Particle-in-Cell execution on 2D grid
Number of ranks                    = 40
Load balancing                     = None
Grid size                          = 1000
Tiles in x/y-direction             = 5/8
Number of particles requested      = 4096000
Number of time steps               = 100
Initialization mode            = LINEAR
  Negative slope               = 1.000000
  Offset                       = 3.000000
Particle charge semi-increment (k) = 1
Vertical velocity              (m) = 0
Rank search mode used              = simple
Number of particles placed         = 4094688
total time: 1.567334508
Solution validates
Rate (Mparticles_moved/s): 261.335406
### code=pic lang=c lto=0 scaling=weak style=PATCH rep=2
Parallel Research Kernels version 2.17
MPI Particle-in-Cell execution on 2D grid
Number of ranks                    = 40
Load balancing                     = None
Grid size                          = 1000
Tiles in x/y-direction             = 5/8
Number of particles requested      = 4096000
Number of time steps               = 100
Initialization mode                = PATCH
  Bounding box                     = 0, 200, 100, 200
Particle charge semi-increment (k) = 1
Vertical velocity              (m) = 0
Rank search mode used              = simple
Number of particles placed         = 4090865
Solution validates
Rate (Mparticles_moved/s): 20.857148
### code=pic lang=c lto=1 scaling=weak style=PATCH rep=2
Parallel Research Kernels version 2.17
MPI Particle-in-Cell execution on 2D grid
Number of ranks                    = 40
Load balancing                     = None
Grid size                          = 1000
Tiles in x/y-direction             = 5/8
Number of particles requested      = 4096000
Number of time steps               = 100
Initialization mode                = PATCH
  Bounding box                     = 0, 200, 100, 200
Particle charge semi-increment (k) = 1
Vertical velocity              (m) = 0
Rank search mode used              = simple
Number of particles placed         = 4090865
Solution validates
Rate (Mparticles_moved/s): 21.715844
### code=pic lang=rust lto=0 scaling=weak style=PATCH rep=2
Parallel Research Kernels
MPI Particle-in-Cell execution on 2D grid
Number of ranks                    = 40
Load balancing                     = None
Grid size                          = 1000
Tiles in x/y-direction             = 5/8
Number of particles requested      = 4096000
Number of time steps               = 100
Initialization mode            = PATCH
  Bounding box                 = 0, 200, 100, 200
Particle charge semi-increment (k) = 1
Vertical velocity              (m) = 0
Rank search mode used              = simple
Number of particles placed         = 4090865
total time: 17.894664897
Solution validates
Rate (Mparticles_moved/s): 22.889504
### code=pic lang=rust lto=1 scaling=weak style=PATCH rep=2
Parallel Research Kernels
MPI Particle-in-Cell execution on 2D grid
Number of ranks                    = 40
Load balancing                     = None
Grid size                          = 1000
Tiles in x/y-direction             = 5/8
Number of particles requested      = 4096000
Number of time steps               = 100
Initialization mode            = PATCH
  Bounding box                 = 0, 200, 100, 200
Particle charge semi-increment (k) = 1
Vertical velocity              (m) = 0
Rank search mode used              = simple
Number of particles placed         = 4090865
total time: 17.715796642
Solution validates
Rate (Mparticles_moved/s): 23.120609
### code=pic lang=c lto=0 scaling=weak style=GEOMETRIC rep=3
Parallel Research Kernels version 2.17
MPI Particle-in-Cell execution on 2D grid
Number of ranks                    = 40
Load balancing                     = None
Grid size                          = 1000
Tiles in x/y-direction             = 5/8
Number of particles requested      = 4096000
Number of time steps               = 100
Initialization mode                = GEOMETRIC
  Attenuation factor               = 0.990000
Particle charge semi-increment (k) = 1
Vertical velocity              (m) = 2
Rank search mode used              = simple
Number of particles placed         = 4093716
Solution validates
Rate (Mparticles_moved/s): 123.528515
### code=pic lang=c lto=1 scaling=weak style=GEOMETRIC rep=3
Parallel Research Kernels version 2.17
MPI Particle-in-Cell execution on 2D grid
Number of ranks                    = 40
Load balancing                     = None
Grid size                          = 1000
Tiles in x/y-direction             = 5/8
Number of particles requested      = 4096000
Number of time steps               = 100
Initialization mode                = GEOMETRIC
  Attenuation factor               = 0.990000
Particle charge semi-increment (k) = 1
Vertical velocity              (m) = 2
Rank search mode used              = simple
Number of particles placed         = 4093716
Solution validates
Rate (Mparticles_moved/s): 126.623208
### code=pic lang=rust lto=0 scaling=weak style=GEOMETRIC rep=3
Parallel Research Kernels
MPI Particle-in-Cell execution on 2D grid
Number of ranks                    = 40
Load balancing                     = None
Grid size                          = 1000
Tiles in x/y-direction             = 5/8
Number of particles requested      = 4096000
Number of time steps               = 100
Initialization mode            = GEOMETRIC
  Attenuation factor           = 0.990000
Particle charge semi-increment (k) = 1
Vertical velocity              (m) = 2
Rank search mode used              = simple
Number of particles placed         = 4093716
total time: 3.441282063
Solution validates
Rate (Mparticles_moved/s): 119.025408
### code=pic lang=rust lto=1 scaling=weak style=GEOMETRIC rep=3
Parallel Research Kernels
MPI Particle-in-Cell execution on 2D grid
Number of ranks                    = 40
Load balancing                     = None
Grid size                          = 1000
Tiles in x/y-direction             = 5/8
Number of particles requested      = 4096000
Number of time steps               = 100
Initialization mode            = GEOMETRIC
  Attenuation factor           = 0.990000
Particle charge semi-increment (k) = 1
Vertical velocity              (m) = 2
Rank search mode used              = simple
Number of particles placed         = 4093716
total time: 3.240543613
Solution validates
Rate (Mparticles_moved/s): 126.398546
### code=pic lang=c lto=0 scaling=weak style=SINUSOIDAL rep=3
Parallel Research Kernels version 2.17
MPI Particle-in-Cell execution on 2D grid
Number of ranks                    = 40
Load balancing                     = None
Grid size                          = 1000
Tiles in x/y-direction             = 5/8
Number of particles requested      = 4096000
Number of time steps               = 100
Initialization mode                = SINUSOIDAL
Particle charge semi-increment (k) = 0
Vertical velocity              (m) = 1
Rank search mode used              = simple
Number of particles placed         = 4092390
Solution validates
Rate (Mparticles_moved/s): 240.482881
### code=pic lang=c lto=1 scaling=weak style=SINUSOIDAL rep=3
Parallel Research Kernels version 2.17
MPI Particle-in-Cell execution on 2D grid
Number of ranks                    = 40
Load balancing                     = None
Grid size                          = 1000
Tiles in x/y-direction             = 5/8
Number of particles requested      = 4096000
Number of time steps               = 100
Initialization mode                = SINUSOIDAL
Particle charge semi-increment (k) = 0
Vertical velocity              (m) = 1
Rank search mode used              = simple
Number of particles placed         = 4092390
Solution validates
Rate (Mparticles_moved/s): 249.011269
### code=pic lang=rust lto=0 scaling=weak style=SINUSOIDAL rep=3
Parallel Research Kernels
MPI Particle-in-Cell execution on 2D grid
Number of ranks                    = 40
Load balancing                     = None
Grid size                          = 1000
Tiles in x/y-direction             = 5/8
Number of particles requested      = 4096000
Number of time steps               = 100
Initialization mode                = SINUSOIDAL
Particle charge semi-increment (k) = 0
Vertical velocity              (m) = 1
Rank search mode used              = simple
Number of particles placed         = 4092390
total time: 2.1237206889999998
Solution validates
Rate (Mparticles_moved/s): 192.869054
### code=pic lang=rust lto=1 scaling=weak style=SINUSOIDAL rep=3
Parallel Research Kernels
MPI Particle-in-Cell execution on 2D grid
Number of ranks                    = 40
Load balancing                     = None
Grid size                          = 1000
Tiles in x/y-direction             = 5/8
Number of particles requested      = 4096000
Number of time steps               = 100
Initialization mode                = SINUSOIDAL
Particle charge semi-increment (k) = 0
Vertical velocity              (m) = 1
Rank search mode used              = simple
Number of particles placed         = 4092390
total time: 2.039926266
Solution validates
Rate (Mparticles_moved/s): 200.791571
### code=pic lang=c lto=0 scaling=weak style=LINEAR rep=3
Parallel Research Kernels version 2.17
MPI Particle-in-Cell execution on 2D grid
Number of ranks                    = 40
Load balancing                     = None
Grid size                          = 1000
Tiles in x/y-direction             = 5/8
Number of particles requested      = 4096000
Number of time steps               = 100
Initialization mode                = LINEAR
  Negative slope                   = 1.000000
  Offset                           = 3.000000
Particle charge semi-increment (k) = 1
Vertical velocity              (m) = 0
Rank search mode used              = simple
Number of particles placed         = 4094688
Solution validates
Rate (Mparticles_moved/s): 389.593450
### code=pic lang=c lto=1 scaling=weak style=LINEAR rep=3
Parallel Research Kernels version 2.17
MPI Particle-in-Cell execution on 2D grid
Number of ranks                    = 40
Load balancing                     = None
Grid size                          = 1000
Tiles in x/y-direction             = 5/8
Number of particles requested      = 4096000
Number of time steps               = 100
Initialization mode                = LINEAR
  Negative slope                   = 1.000000
  Offset                           = 3.000000
Particle charge semi-increment (k) = 1
Vertical velocity              (m) = 0
Rank search mode used              = simple
Number of particles placed         = 4094688
Solution validates
Rate (Mparticles_moved/s): 387.154479
### code=pic lang=rust lto=0 scaling=weak style=LINEAR rep=3
Parallel Research Kernels
MPI Particle-in-Cell execution on 2D grid
Number of ranks                    = 40
Load balancing                     = None
Grid size                          = 1000
Tiles in x/y-direction             = 5/8
Number of particles requested      = 4096000
Number of time steps               = 100
Initialization mode            = LINEAR
  Negative slope               = 1.000000
  Offset                       = 3.000000
Particle charge semi-increment (k) = 1
Vertical velocity              (m) = 0
Rank search mode used              = simple
Number of particles placed         = 4094688
total time: 1.586156693
Solution validates
Rate (Mparticles_moved/s): 258.234260
### code=pic lang=rust lto=1 scaling=weak style=LINEAR rep=3
Parallel Research Kernels
MPI Particle-in-Cell execution on 2D grid
Number of ranks                    = 40
Load balancing                     = None
Grid size                          = 1000
Tiles in x/y-direction             = 5/8
Number of particles requested      = 4096000
Number of time steps               = 100
Initialization mode            = LINEAR
  Negative slope               = 1.000000
  Offset                       = 3.000000
Particle charge semi-increment (k) = 1
Vertical velocity              (m) = 0
Rank search mode used              = simple
Number of particles placed         = 4094688
total time: 1.6086657020000001
Solution validates
Rate (Mparticles_moved/s): 254.620957
### code=pic lang=c lto=0 scaling=weak style=PATCH rep=3
Parallel Research Kernels version 2.17
MPI Particle-in-Cell execution on 2D grid
Number of ranks                    = 40
Load balancing                     = None
Grid size                          = 1000
Tiles in x/y-direction             = 5/8
Number of particles requested      = 4096000
Number of time steps               = 100
Initialization mode                = PATCH
  Bounding box                     = 0, 200, 100, 200
Particle charge semi-increment (k) = 1
Vertical velocity              (m) = 0
Rank search mode used              = simple
Number of particles placed         = 4090865
Solution validates
Rate (Mparticles_moved/s): 20.826789
### code=pic lang=c lto=1 scaling=weak style=PATCH rep=3
Parallel Research Kernels version 2.17
MPI Particle-in-Cell execution on 2D grid
Number of ranks                    = 40
Load balancing                     = None
Grid size                          = 1000
Tiles in x/y-direction             = 5/8
Number of particles requested      = 4096000
Number of time steps               = 100
Initialization mode                = PATCH
  Bounding box                     = 0, 200, 100, 200
Particle charge semi-increment (k) = 1
Vertical velocity              (m) = 0
Rank search mode used              = simple
Number of particles placed         = 4090865
Solution validates
Rate (Mparticles_moved/s): 21.714563
### code=pic lang=rust lto=0 scaling=weak style=PATCH rep=3
Parallel Research Kernels
MPI Particle-in-Cell execution on 2D grid
Number of ranks                    = 40
Load balancing                     = None
Grid size                          = 1000
Tiles in x/y-direction             = 5/8
Number of particles requested      = 4096000
Number of time steps               = 100
Initialization mode            = PATCH
  Bounding box                 = 0, 200, 100, 200
Particle charge semi-increment (k) = 1
Vertical velocity              (m) = 0
Rank search mode used              = simple
Number of particles placed         = 4090865
total time: 17.87616524
Solution validates
Rate (Mparticles_moved/s): 22.913192
### code=pic lang=rust lto=1 scaling=weak style=PATCH rep=3
Parallel Research Kernels
MPI Particle-in-Cell execution on 2D grid
Number of ranks                    = 40
Load balancing                     = None
Grid size                          = 1000
Tiles in x/y-direction             = 5/8
Number of particles requested      = 4096000
Number of time steps               = 100
Initialization mode            = PATCH
  Bounding box                 = 0, 200, 100, 200
Particle charge semi-increment (k) = 1
Vertical velocity              (m) = 0
Rank search mode used              = simple
Number of particles placed         = 4090865
total time: 17.732684385
Solution validates
Rate (Mparticles_moved/s): 23.098590
### code=pic lang=c lto=0 scaling=weak style=GEOMETRIC rep=4
Parallel Research Kernels version 2.17
MPI Particle-in-Cell execution on 2D grid
Number of ranks                    = 40
Load balancing                     = None
Grid size                          = 1000
Tiles in x/y-direction             = 5/8
Number of particles requested      = 4096000
Number of time steps               = 100
Initialization mode                = GEOMETRIC
  Attenuation factor               = 0.990000
Particle charge semi-increment (k) = 1
Vertical velocity              (m) = 2
Rank search mode used              = simple
Number of particles placed         = 4093716
Solution validates
Rate (Mparticles_moved/s): 123.251887
### code=pic lang=c lto=1 scaling=weak style=GEOMETRIC rep=4
Parallel Research Kernels version 2.17
MPI Particle-in-Cell execution on 2D grid
Number of ranks                    = 40
Load balancing                     = None
Grid size                          = 1000
Tiles in x/y-direction             = 5/8
Number of particles requested      = 4096000
Number of time steps               = 100
Initialization mode                = GEOMETRIC
  Attenuation factor               = 0.990000
Particle charge semi-increment (k) = 1
Vertical velocity              (m) = 2
Rank search mode used              = simple
Number of particles placed         = 4093716
Solution validates
Rate (Mparticles_moved/s): 124.883824
### code=pic lang=rust lto=0 scaling=weak style=GEOMETRIC rep=4
Parallel Research Kernels
MPI Particle-in-Cell execution on 2D grid
Number of ranks                    = 40
Load balancing                     = None
Grid size                          = 1000
Tiles in x/y-direction             = 5/8
Number of particles requested      = 4096000
Number of time steps               = 100
Initialization mode            = GEOMETRIC
  Attenuation factor           = 0.990000
Particle charge semi-increment (k) = 1
Vertical velocity              (m) = 2
Rank search mode used              = simple
Number of particles placed         = 4093716
total time: 3.36268731
Solution validates
Rate (Mparticles_moved/s): 121.807341
### code=pic lang=rust lto=1 scaling=weak style=GEOMETRIC rep=4
Parallel Research Kernels
MPI Particle-in-Cell execution on 2D grid
Number of ranks                    = 40
Load balancing                     = None
Grid size                          = 1000
Tiles in x/y-direction             = 5/8
Number of particles requested      = 4096000
Number of time steps               = 100
Initialization mode            = GEOMETRIC
  Attenuation factor           = 0.990000
Particle charge semi-increment (k) = 1
Vertical velocity              (m) = 2
Rank search mode used              = simple
Number of particles placed         = 4093716
total time: 3.234779277
Solution validates
Rate (Mparticles_moved/s): 126.623786
### code=pic lang=c lto=0 scaling=weak style=SINUSOIDAL rep=4
Parallel Research Kernels version 2.17
MPI Particle-in-Cell execution on 2D grid
Number of ranks                    = 40
Load balancing                     = None
Grid size                          = 1000
Tiles in x/y-direction             = 5/8
Number of particles requested      = 4096000
Number of time steps               = 100
Initialization mode                = SINUSOIDAL
Particle charge semi-increment (k) = 0
Vertical velocity              (m) = 1
Rank search mode used              = simple
Number of particles placed         = 4092390
Solution validates
Rate (Mparticles_moved/s): 241.243492
### code=pic lang=c lto=1 scaling=weak style=SINUSOIDAL rep=4
Parallel Research Kernels version 2.17
MPI Particle-in-Cell execution on 2D grid
Number of ranks                    = 40
Load balancing                     = None
Grid size                          = 1000
Tiles in x/y-direction             = 5/8
Number of particles requested      = 4096000
Number of time steps               = 100
Initialization mode                = SINUSOIDAL
Particle charge semi-increment (k) = 0
Vertical velocity              (m) = 1
Rank search mode used              = simple
Number of particles placed         = 4092390
Solution validates
Rate (Mparticles_moved/s): 248.536921
### code=pic lang=rust lto=0 scaling=weak style=SINUSOIDAL rep=4
Parallel Research Kernels
MPI Particle-in-Cell execution on 2D grid
Number of ranks                    = 40
Load balancing                     = None
Grid size                          = 1000
Tiles in x/y-direction             = 5/8
Number of particles requested      = 4096000
Number of time steps               = 100
Initialization mode                = SINUSOIDAL
Particle charge semi-increment (k) = 0
Vertical velocity              (m) = 1
Rank search mode used              = simple
Number of particles placed         = 4092390
total time: 2.059469504
Solution validates
Rate (Mparticles_moved/s): 198.886169
### code=pic lang=rust lto=1 scaling=weak style=SINUSOIDAL rep=4
Parallel Research Kernels
MPI Particle-in-Cell execution on 2D grid
Number of ranks                    = 40
Load balancing                     = None
Grid size                          = 1000
Tiles in x/y-direction             = 5/8
Number of particles requested      = 4096000
Number of time steps               = 100
Initialization mode                = SINUSOIDAL
Particle charge semi-increment (k) = 0
Vertical velocity              (m) = 1
Rank search mode used              = simple
Number of particles placed         = 4092390
total time: 2.036144294
Solution validates
Rate (Mparticles_moved/s): 201.164525
### code=pic lang=c lto=0 scaling=weak style=LINEAR rep=4
Parallel Research Kernels version 2.17
MPI Particle-in-Cell execution on 2D grid
Number of ranks                    = 40
Load balancing                     = None
Grid size                          = 1000
Tiles in x/y-direction             = 5/8
Number of particles requested      = 4096000
Number of time steps               = 100
Initialization mode                = LINEAR
  Negative slope                   = 1.000000
  Offset                           = 3.000000
Particle charge semi-increment (k) = 1
Vertical velocity              (m) = 0
Rank search mode used              = simple
Number of particles placed         = 4094688
Solution validates
Rate (Mparticles_moved/s): 386.939292
### code=pic lang=c lto=1 scaling=weak style=LINEAR rep=4
Parallel Research Kernels version 2.17
MPI Particle-in-Cell execution on 2D grid
Number of ranks                    = 40
Load balancing                     = None
Grid size                          = 1000
Tiles in x/y-direction             = 5/8
Number of particles requested      = 4096000
Number of time steps               = 100
Initialization mode                = LINEAR
  Negative slope                   = 1.000000
  Offset                           = 3.000000
Particle charge semi-increment (k) = 1
Vertical velocity              (m) = 0
Rank search mode used              = simple
Number of particles placed         = 4094688
Solution validates
Rate (Mparticles_moved/s): 407.056433
### code=pic lang=rust lto=0 scaling=weak style=LINEAR rep=4
Parallel Research Kernels
MPI Particle-in-Cell execution on 2D grid
Number of ranks                    = 40
Load balancing                     = None
Grid size                          = 1000
Tiles in x/y-direction             = 5/8
Number of particles requested      = 4096000
Number of time steps               = 100
Initialization mode            = LINEAR
  Negative slope               = 1.000000
  Offset                       = 3.000000
Particle charge semi-increment (k) = 1
Vertical velocity              (m) = 0
Rank search mode used              = simple
Number of particles placed         = 4094688
total time: 1.5985245259999998
Solution validates
Rate (Mparticles_moved/s): 256.236294
### code=pic lang=rust lto=1 scaling=weak style=LINEAR rep=4
Parallel Research Kernels
MPI Particle-in-Cell execution on 2D grid
Number of ranks                    = 40
Load balancing                     = None
Grid size                          = 1000
Tiles in x/y-direction             = 5/8
Number of particles requested      = 4096000
Number of time steps               = 100
Initialization mode            = LINEAR
  Negative slope               = 1.000000
  Offset                       = 3.000000
Particle charge semi-increment (k) = 1
Vertical velocity              (m) = 0
Rank search mode used              = simple
Number of particles placed         = 4094688
total time: 1.577381238
Solution validates
Rate (Mparticles_moved/s): 259.670896
### code=pic lang=c lto=0 scaling=weak style=PATCH rep=4
Parallel Research Kernels version 2.17
MPI Particle-in-Cell execution on 2D grid
Number of ranks                    = 40
Load balancing                     = None
Grid size                          = 1000
Tiles in x/y-direction             = 5/8
Number of particles requested      = 4096000
Number of time steps               = 100
Initialization mode                = PATCH
  Bounding box                     = 0, 200, 100, 200
Particle charge semi-increment (k) = 1
Vertical velocity              (m) = 0
Rank search mode used              = simple
Number of particles placed         = 4090865
Solution validates
Rate (Mparticles_moved/s): 20.829389
### code=pic lang=c lto=1 scaling=weak style=PATCH rep=4
Parallel Research Kernels version 2.17
MPI Particle-in-Cell execution on 2D grid
Number of ranks                    = 40
Load balancing                     = None
Grid size                          = 1000
Tiles in x/y-direction             = 5/8
Number of particles requested      = 4096000
Number of time steps               = 100
Initialization mode                = PATCH
  Bounding box                     = 0, 200, 100, 200
Particle charge semi-increment (k) = 1
Vertical velocity              (m) = 0
Rank search mode used              = simple
Number of particles placed         = 4090865
Solution validates
Rate (Mparticles_moved/s): 21.718207
### code=pic lang=rust lto=0 scaling=weak style=PATCH rep=4
Parallel Research Kernels
MPI Particle-in-Cell execution on 2D grid
Number of ranks                    = 40
Load balancing                     = None
Grid size                          = 1000
Tiles in x/y-direction             = 5/8
Number of particles requested      = 4096000
Number of time steps               = 100
Initialization mode            = PATCH
  Bounding box                 = 0, 200, 100, 200
Particle charge semi-increment (k) = 1
Vertical velocity              (m) = 0
Rank search mode used              = simple
Number of particles placed         = 4090865
total time: 17.867426451
Solution validates
Rate (Mparticles_moved/s): 22.924398
### code=pic lang=rust lto=1 scaling=weak style=PATCH rep=4
Parallel Research Kernels
MPI Particle-in-Cell execution on 2D grid
Number of ranks                    = 40
Load balancing                     = None
Grid size                          = 1000
Tiles in x/y-direction             = 5/8
Number of particles requested      = 4096000
Number of time steps               = 100
Initialization mode            = PATCH
  Bounding box                 = 0, 200, 100, 200
Particle charge semi-increment (k) = 1
Vertical velocity              (m) = 0
Rank search mode used              = simple
Number of particles placed         = 4090865
total time: 17.83634135
Solution validates
Rate (Mparticles_moved/s): 22.964351
### code=pic lang=c lto=0 scaling=weak style=GEOMETRIC rep=5
Parallel Research Kernels version 2.17
MPI Particle-in-Cell execution on 2D grid
Number of ranks                    = 40
Load balancing                     = None
Grid size                          = 1000
Tiles in x/y-direction             = 5/8
Number of particles requested      = 4096000
Number of time steps               = 100
Initialization mode                = GEOMETRIC
  Attenuation factor               = 0.990000
Particle charge semi-increment (k) = 1
Vertical velocity              (m) = 2
Rank search mode used              = simple
Number of particles placed         = 4093716
Solution validates
Rate (Mparticles_moved/s): 122.208744
### code=pic lang=c lto=1 scaling=weak style=GEOMETRIC rep=5
Parallel Research Kernels version 2.17
MPI Particle-in-Cell execution on 2D grid
Number of ranks                    = 40
Load balancing                     = None
Grid size                          = 1000
Tiles in x/y-direction             = 5/8
Number of particles requested      = 4096000
Number of time steps               = 100
Initialization mode                = GEOMETRIC
  Attenuation factor               = 0.990000
Particle charge semi-increment (k) = 1
Vertical velocity              (m) = 2
Rank search mode used              = simple
Number of particles placed         = 4093716
Solution validates
Rate (Mparticles_moved/s): 126.105086
### code=pic lang=rust lto=0 scaling=weak style=GEOMETRIC rep=5
Parallel Research Kernels
MPI Particle-in-Cell execution on 2D grid
Number of ranks                    = 40
Load balancing                     = None
Grid size                          = 1000
Tiles in x/y-direction             = 5/8
Number of particles requested      = 4096000
Number of time steps               = 100
Initialization mode            = GEOMETRIC
  Attenuation factor           = 0.990000
Particle charge semi-increment (k) = 1
Vertical velocity              (m) = 2
Rank search mode used              = simple
Number of particles placed         = 4093716
total time: 3.315227408
Solution validates
Rate (Mparticles_moved/s): 123.551102
### code=pic lang=rust lto=1 scaling=weak style=GEOMETRIC rep=5
Parallel Research Kernels
MPI Particle-in-Cell execution on 2D grid
Number of ranks                    = 40
Load balancing                     = None
Grid size                          = 1000
Tiles in x/y-direction             = 5/8
Number of particles requested      = 4096000
Number of time steps               = 100
Initialization mode            = GEOMETRIC
  Attenuation factor           = 0.990000
Particle charge semi-increment (k) = 1
Vertical velocity              (m) = 2
Rank search mode used              = simple
Number of particles placed         = 4093716
total time: 3.337641089
Solution validates
Rate (Mparticles_moved/s): 122.721404
### code=pic lang=c lto=0 scaling=weak style=SINUSOIDAL rep=5
Parallel Research Kernels version 2.17
MPI Particle-in-Cell execution on 2D grid
Number of ranks                    = 40
Load balancing                     = None
Grid size                          = 1000
Tiles in x/y-direction             = 5/8
Number of particles requested      = 4096000
Number of time steps               = 100
Initialization mode                = SINUSOIDAL
Particle charge semi-increment (k) = 0
Vertical velocity              (m) = 1
Rank search mode used              = simple
Number of particles placed         = 4092390
Solution validates
Rate (Mparticles_moved/s): 246.654807
### code=pic lang=c lto=1 scaling=weak style=SINUSOIDAL rep=5
Parallel Research Kernels version 2.17
MPI Particle-in-Cell execution on 2D grid
Number of ranks                    = 40
Load balancing                     = None
Grid size                          = 1000
Tiles in x/y-direction             = 5/8
Number of particles requested      = 4096000
Number of time steps               = 100
Initialization mode                = SINUSOIDAL
Particle charge semi-increment (k) = 0
Vertical velocity              (m) = 1
Rank search mode used              = simple
Number of particles placed         = 4092390
Solution validates
Rate (Mparticles_moved/s): 248.485830
### code=pic lang=rust lto=0 scaling=weak style=SINUSOIDAL rep=5
Parallel Research Kernels
MPI Particle-in-Cell execution on 2D grid
Number of ranks                    = 40
Load balancing                     = None
Grid size                          = 1000
Tiles in x/y-direction             = 5/8
Number of particles requested      = 4096000
Number of time steps               = 100
Initialization mode                = SINUSOIDAL
Particle charge semi-increment (k) = 0
Vertical velocity              (m) = 1
Rank search mode used              = simple
Number of particles placed         = 4092390
total time: 2.06862154
Solution validates
Rate (Mparticles_moved/s): 198.006253
### code=pic lang=rust lto=1 scaling=weak style=SINUSOIDAL rep=5
Parallel Research Kernels
MPI Particle-in-Cell execution on 2D grid
Number of ranks                    = 40
Load balancing                     = None
Grid size                          = 1000
Tiles in x/y-direction             = 5/8
Number of particles requested      = 4096000
Number of time steps               = 100
Initialization mode                = SINUSOIDAL
Particle charge semi-increment (k) = 0
Vertical velocity              (m) = 1
Rank search mode used              = simple
Number of particles placed         = 4092390
total time: 2.034690731
Solution validates
Rate (Mparticles_moved/s): 201.308235
### code=pic lang=c lto=0 scaling=weak style=LINEAR rep=5
Parallel Research Kernels version 2.17
MPI Particle-in-Cell execution on 2D grid
Number of ranks                    = 40
Load balancing                     = None
Grid size                          = 1000
Tiles in x/y-direction             = 5/8
Number of particles requested      = 4096000
Number of time steps               = 100
Initialization mode                = LINEAR
  Negative slope                   = 1.000000
  Offset                           = 3.000000
Particle charge semi-increment (k) = 1
Vertical velocity              (m) = 0
Rank search mode used              = simple
Number of particles placed         = 4094688
Solution validates
Rate (Mparticles_moved/s): 385.274247
### code=pic lang=c lto=1 scaling=weak style=LINEAR rep=5
Parallel Research Kernels version 2.17
MPI Particle-in-Cell execution on 2D grid
Number of ranks                    = 40
Load balancing                     = None
Grid size                          = 1000
Tiles in x/y-direction             = 5/8
Number of particles requested      = 4096000
Number of time steps               = 100
Initialization mode                = LINEAR
  Negative slope                   = 1.000000
  Offset                           = 3.000000
Particle charge semi-increment (k) = 1
Vertical velocity              (m) = 0
Rank search mode used              = simple
Number of particles placed         = 4094688
Solution validates
Rate (Mparticles_moved/s): 399.558765
### code=pic lang=rust lto=0 scaling=weak style=LINEAR rep=5
Parallel Research Kernels
MPI Particle-in-Cell execution on 2D grid
Number of ranks                    = 40
Load balancing                     = None
Grid size                          = 1000
Tiles in x/y-direction             = 5/8
Number of particles requested      = 4096000
Number of time steps               = 100
Initialization mode            = LINEAR
  Negative slope               = 1.000000
  Offset                       = 3.000000
Particle charge semi-increment (k) = 1
Vertical velocity              (m) = 0
Rank search mode used              = simple
Number of particles placed         = 4094688
total time: 1.604292521
Solution validates
Rate (Mparticles_moved/s): 255.315034
### code=pic lang=rust lto=1 scaling=weak style=LINEAR rep=5
Parallel Research Kernels
MPI Particle-in-Cell execution on 2D grid
Number of ranks                    = 40
Load balancing                     = None
Grid size                          = 1000
Tiles in x/y-direction             = 5/8
Number of particles requested      = 4096000
Number of time steps               = 100
Initialization mode            = LINEAR
  Negative slope               = 1.000000
  Offset                       = 3.000000
Particle charge semi-increment (k) = 1
Vertical velocity              (m) = 0
Rank search mode used              = simple
Number of particles placed         = 4094688
total time: 1.575597572
Solution validates
Rate (Mparticles_moved/s): 259.964859
### code=pic lang=c lto=0 scaling=weak style=PATCH rep=5
Parallel Research Kernels version 2.17
MPI Particle-in-Cell execution on 2D grid
Number of ranks                    = 40
Load balancing                     = None
Grid size                          = 1000
Tiles in x/y-direction             = 5/8
Number of particles requested      = 4096000
Number of time steps               = 100
Initialization mode                = PATCH
  Bounding box                     = 0, 200, 100, 200
Particle charge semi-increment (k) = 1
Vertical velocity              (m) = 0
Rank search mode used              = simple
Number of particles placed         = 4090865
Solution validates
Rate (Mparticles_moved/s): 20.852192
### code=pic lang=c lto=1 scaling=weak style=PATCH rep=5
Parallel Research Kernels version 2.17
MPI Particle-in-Cell execution on 2D grid
Number of ranks                    = 40
Load balancing                     = None
Grid size                          = 1000
Tiles in x/y-direction             = 5/8
Number of particles requested      = 4096000
Number of time steps               = 100
Initialization mode                = PATCH
  Bounding box                     = 0, 200, 100, 200
Particle charge semi-increment (k) = 1
Vertical velocity              (m) = 0
Rank search mode used              = simple
Number of particles placed         = 4090865
Solution validates
Rate (Mparticles_moved/s): 21.709148
### code=pic lang=rust lto=0 scaling=weak style=PATCH rep=5
Parallel Research Kernels
MPI Particle-in-Cell execution on 2D grid
Number of ranks                    = 40
Load balancing                     = None
Grid size                          = 1000
Tiles in x/y-direction             = 5/8
Number of particles requested      = 4096000
Number of time steps               = 100
Initialization mode            = PATCH
  Bounding box                 = 0, 200, 100, 200
Particle charge semi-increment (k) = 1
Vertical velocity              (m) = 0
Rank search mode used              = simple
Number of particles placed         = 4090865
total time: 17.894262547
Solution validates
Rate (Mparticles_moved/s): 22.890018
### code=pic lang=rust lto=1 scaling=weak style=PATCH rep=5
Parallel Research Kernels
MPI Particle-in-Cell execution on 2D grid
Number of ranks                    = 40
Load balancing                     = None
Grid size                          = 1000
Tiles in x/y-direction             = 5/8
Number of particles requested      = 4096000
Number of time steps               = 100
Initialization mode            = PATCH
  Bounding box                 = 0, 200, 100, 200
Particle charge semi-increment (k) = 1
Vertical velocity              (m) = 0
Rank search mode used              = simple
Number of particles placed         = 4090865
total time: 17.709632799
Solution validates
Rate (Mparticles_moved/s): 23.128656
### code=pic lang=c lto=0 scaling=weak style=GEOMETRIC rep=6
Parallel Research Kernels version 2.17
MPI Particle-in-Cell execution on 2D grid
Number of ranks                    = 40
Load balancing                     = None
Grid size                          = 1000
Tiles in x/y-direction             = 5/8
Number of particles requested      = 4096000
Number of time steps               = 100
Initialization mode                = GEOMETRIC
  Attenuation factor               = 0.990000
Particle charge semi-increment (k) = 1
Vertical velocity              (m) = 2
Rank search mode used              = simple
Number of particles placed         = 4093716
Solution validates
Rate (Mparticles_moved/s): 123.615473
### code=pic lang=c lto=1 scaling=weak style=GEOMETRIC rep=6
Parallel Research Kernels version 2.17
MPI Particle-in-Cell execution on 2D grid
Number of ranks                    = 40
Load balancing                     = None
Grid size                          = 1000
Tiles in x/y-direction             = 5/8
Number of particles requested      = 4096000
Number of time steps               = 100
Initialization mode                = GEOMETRIC
  Attenuation factor               = 0.990000
Particle charge semi-increment (k) = 1
Vertical velocity              (m) = 2
Rank search mode used              = simple
Number of particles placed         = 4093716
Solution validates
Rate (Mparticles_moved/s): 125.503178
### code=pic lang=rust lto=0 scaling=weak style=GEOMETRIC rep=6
Parallel Research Kernels
MPI Particle-in-Cell execution on 2D grid
Number of ranks                    = 40
Load balancing                     = None
Grid size                          = 1000
Tiles in x/y-direction             = 5/8
Number of particles requested      = 4096000
Number of time steps               = 100
Initialization mode            = GEOMETRIC
  Attenuation factor           = 0.990000
Particle charge semi-increment (k) = 1
Vertical velocity              (m) = 2
Rank search mode used              = simple
Number of particles placed         = 4093716
total time: 3.299691292
Solution validates
Rate (Mparticles_moved/s): 124.132824
### code=pic lang=rust lto=1 scaling=weak style=GEOMETRIC rep=6
Parallel Research Kernels
MPI Particle-in-Cell execution on 2D grid
Number of ranks                    = 40
Load balancing                     = None
Grid size                          = 1000
Tiles in x/y-direction             = 5/8
Number of particles requested      = 4096000
Number of time steps               = 100
Initialization mode            = GEOMETRIC
  Attenuation factor           = 0.990000
Particle charge semi-increment (k) = 1
Vertical velocity              (m) = 2
Rank search mode used              = simple
Number of particles placed         = 4093716
total time: 3.280290649
Solution validates
Rate (Mparticles_moved/s): 124.866984
### code=pic lang=c lto=0 scaling=weak style=SINUSOIDAL rep=6
Parallel Research Kernels version 2.17
MPI Particle-in-Cell execution on 2D grid
Number of ranks                    = 40
Load balancing                     = None
Grid size                          = 1000
Tiles in x/y-direction             = 5/8
Number of particles requested      = 4096000
Number of time steps               = 100
Initialization mode                = SINUSOIDAL
Particle charge semi-increment (k) = 0
Vertical velocity              (m) = 1
Rank search mode used              = simple
Number of particles placed         = 4092390
Solution validates
Rate (Mparticles_moved/s): 236.337900
### code=pic lang=c lto=1 scaling=weak style=SINUSOIDAL rep=6
Parallel Research Kernels version 2.17
MPI Particle-in-Cell execution on 2D grid
Number of ranks                    = 40
Load balancing                     = None
Grid size                          = 1000
Tiles in x/y-direction             = 5/8
Number of particles requested      = 4096000
Number of time steps               = 100
Initialization mode                = SINUSOIDAL
Particle charge semi-increment (k) = 0
Vertical velocity              (m) = 1
Rank search mode used              = simple
Number of particles placed         = 4092390
Solution validates
Rate (Mparticles_moved/s): 255.306719
### code=pic lang=rust lto=0 scaling=weak style=SINUSOIDAL rep=6
Parallel Research Kernels
MPI Particle-in-Cell execution on 2D grid
Number of ranks                    = 40
Load balancing                     = None
Grid size                          = 1000
Tiles in x/y-direction             = 5/8
Number of particles requested      = 4096000
Number of time steps               = 100
Initialization mode                = SINUSOIDAL
Particle charge semi-increment (k) = 0
Vertical velocity              (m) = 1
Rank search mode used              = simple
Number of particles placed         = 4092390
total time: 2.086985091
Solution validates
Rate (Mparticles_moved/s): 196.263980
### code=pic lang=rust lto=1 scaling=weak style=SINUSOIDAL rep=6
Parallel Research Kernels
MPI Particle-in-Cell execution on 2D grid
Number of ranks                    = 40
Load balancing                     = None
Grid size                          = 1000
Tiles in x/y-direction             = 5/8
Number of particles requested      = 4096000
Number of time steps               = 100
Initialization mode                = SINUSOIDAL
Particle charge semi-increment (k) = 0
Vertical velocity              (m) = 1
Rank search mode used              = simple
Number of particles placed         = 4092390
total time: 2.034416415
Solution validates
Rate (Mparticles_moved/s): 201.335379
### code=pic lang=c lto=0 scaling=weak style=LINEAR rep=6
Parallel Research Kernels version 2.17
MPI Particle-in-Cell execution on 2D grid
Number of ranks                    = 40
Load balancing                     = None
Grid size                          = 1000
Tiles in x/y-direction             = 5/8
Number of particles requested      = 4096000
Number of time steps               = 100
Initialization mode                = LINEAR
  Negative slope                   = 1.000000
  Offset                           = 3.000000
Particle charge semi-increment (k) = 1
Vertical velocity              (m) = 0
Rank search mode used              = simple
Number of particles placed         = 4094688
Solution validates
Rate (Mparticles_moved/s): 396.143330
### code=pic lang=c lto=1 scaling=weak style=LINEAR rep=6
Parallel Research Kernels version 2.17
MPI Particle-in-Cell execution on 2D grid
Number of ranks                    = 40
Load balancing                     = None
Grid size                          = 1000
Tiles in x/y-direction             = 5/8
Number of particles requested      = 4096000
Number of time steps               = 100
Initialization mode                = LINEAR
  Negative slope                   = 1.000000
  Offset                           = 3.000000
Particle charge semi-increment (k) = 1
Vertical velocity              (m) = 0
Rank search mode used              = simple
Number of particles placed         = 4094688
Solution validates
Rate (Mparticles_moved/s): 404.573945
### code=pic lang=rust lto=0 scaling=weak style=LINEAR rep=6
Parallel Research Kernels
MPI Particle-in-Cell execution on 2D grid
Number of ranks                    = 40
Load balancing                     = None
Grid size                          = 1000
Tiles in x/y-direction             = 5/8
Number of particles requested      = 4096000
Number of time steps               = 100
Initialization mode            = LINEAR
  Negative slope               = 1.000000
  Offset                       = 3.000000
Particle charge semi-increment (k) = 1
Vertical velocity              (m) = 0
Rank search mode used              = simple
Number of particles placed         = 4094688
total time: 1.732803485
Solution validates
Rate (Mparticles_moved/s): 236.379949
### code=pic lang=rust lto=1 scaling=weak style=LINEAR rep=6
Parallel Research Kernels
MPI Particle-in-Cell execution on 2D grid
Number of ranks                    = 40
Load balancing                     = None
Grid size                          = 1000
Tiles in x/y-direction             = 5/8
Number of particles requested      = 4096000
Number of time steps               = 100
Initialization mode            = LINEAR
  Negative slope               = 1.000000
  Offset                       = 3.000000
Particle charge semi-increment (k) = 1
Vertical velocity              (m) = 0
Rank search mode used              = simple
Number of particles placed         = 4094688
total time: 1.580079606
Solution validates
Rate (Mparticles_moved/s): 259.227446
### code=pic lang=c lto=0 scaling=weak style=PATCH rep=6
Parallel Research Kernels version 2.17
MPI Particle-in-Cell execution on 2D grid
Number of ranks                    = 40
Load balancing                     = None
Grid size                          = 1000
Tiles in x/y-direction             = 5/8
Number of particles requested      = 4096000
Number of time steps               = 100
Initialization mode                = PATCH
  Bounding box                     = 0, 200, 100, 200
Particle charge semi-increment (k) = 1
Vertical velocity              (m) = 0
Rank search mode used              = simple
Number of particles placed         = 4090865
Solution validates
Rate (Mparticles_moved/s): 20.853138
### code=pic lang=c lto=1 scaling=weak style=PATCH rep=6
Parallel Research Kernels version 2.17
MPI Particle-in-Cell execution on 2D grid
Number of ranks                    = 40
Load balancing                     = None
Grid size                          = 1000
Tiles in x/y-direction             = 5/8
Number of particles requested      = 4096000
Number of time steps               = 100
Initialization mode                = PATCH
  Bounding box                     = 0, 200, 100, 200
Particle charge semi-increment (k) = 1
Vertical velocity              (m) = 0
Rank search mode used              = simple
Number of particles placed         = 4090865
Solution validates
Rate (Mparticles_moved/s): 21.736001
### code=pic lang=rust lto=0 scaling=weak style=PATCH rep=6
Parallel Research Kernels
MPI Particle-in-Cell execution on 2D grid
Number of ranks                    = 40
Load balancing                     = None
Grid size                          = 1000
Tiles in x/y-direction             = 5/8
Number of particles requested      = 4096000
Number of time steps               = 100
Initialization mode            = PATCH
  Bounding box                 = 0, 200, 100, 200
Particle charge semi-increment (k) = 1
Vertical velocity              (m) = 0
Rank search mode used              = simple
Number of particles placed         = 4090865
total time: 17.931093629
Solution validates
Rate (Mparticles_moved/s): 22.843002
### code=pic lang=rust lto=1 scaling=weak style=PATCH rep=6
Parallel Research Kernels
MPI Particle-in-Cell execution on 2D grid
Number of ranks                    = 40
Load balancing                     = None
Grid size                          = 1000
Tiles in x/y-direction             = 5/8
Number of particles requested      = 4096000
Number of time steps               = 100
Initialization mode            = PATCH
  Bounding box                 = 0, 200, 100, 200
Particle charge semi-increment (k) = 1
Vertical velocity              (m) = 0
Rank search mode used              = simple
Number of particles placed         = 4090865
total time: 17.699012109
Solution validates
Rate (Mparticles_moved/s): 23.142535
### code=pic lang=c lto=0 scaling=weak style=GEOMETRIC rep=7
Parallel Research Kernels version 2.17
MPI Particle-in-Cell execution on 2D grid
Number of ranks                    = 40
Load balancing                     = None
Grid size                          = 1000
Tiles in x/y-direction             = 5/8
Number of particles requested      = 4096000
Number of time steps               = 100
Initialization mode                = GEOMETRIC
  Attenuation factor               = 0.990000
Particle charge semi-increment (k) = 1
Vertical velocity              (m) = 2
Rank search mode used              = simple
Number of particles placed         = 4093716
Solution validates
Rate (Mparticles_moved/s): 123.533465
### code=pic lang=c lto=1 scaling=weak style=GEOMETRIC rep=7
Parallel Research Kernels version 2.17
MPI Particle-in-Cell execution on 2D grid
Number of ranks                    = 40
Load balancing                     = None
Grid size                          = 1000
Tiles in x/y-direction             = 5/8
Number of particles requested      = 4096000
Number of time steps               = 100
Initialization mode                = GEOMETRIC
  Attenuation factor               = 0.990000
Particle charge semi-increment (k) = 1
Vertical velocity              (m) = 2
Rank search mode used              = simple
Number of particles placed         = 4093716
Solution validates
Rate (Mparticles_moved/s): 126.709512
### code=pic lang=rust lto=0 scaling=weak style=GEOMETRIC rep=7
Parallel Research Kernels
MPI Particle-in-Cell execution on 2D grid
Number of ranks                    = 40
Load balancing                     = None
Grid size                          = 1000
Tiles in x/y-direction             = 5/8
Number of particles requested      = 4096000
Number of time steps               = 100
Initialization mode            = GEOMETRIC
  Attenuation factor           = 0.990000
Particle charge semi-increment (k) = 1
Vertical velocity              (m) = 2
Rank search mode used              = simple
Number of particles placed         = 4093716
total time: 3.826284098
Solution validates
Rate (Mparticles_moved/s): 107.049030
### code=pic lang=rust lto=1 scaling=weak style=GEOMETRIC rep=7
Parallel Research Kernels
MPI Particle-in-Cell execution on 2D grid
Number of ranks                    = 40
Load balancing                     = None
Grid size                          = 1000
Tiles in x/y-direction             = 5/8
Number of particles requested      = 4096000
Number of time steps               = 100
Initialization mode            = GEOMETRIC
  Attenuation factor           = 0.990000
Particle charge semi-increment (k) = 1
Vertical velocity              (m) = 2
Rank search mode used              = simple
Number of particles placed         = 4093716
total time: 3.26843301
Solution validates
Rate (Mparticles_moved/s): 125.319992
### code=pic lang=c lto=0 scaling=weak style=SINUSOIDAL rep=7
Parallel Research Kernels version 2.17
MPI Particle-in-Cell execution on 2D grid
Number of ranks                    = 40
Load balancing                     = None
Grid size                          = 1000
Tiles in x/y-direction             = 5/8
Number of particles requested      = 4096000
Number of time steps               = 100
Initialization mode                = SINUSOIDAL
Particle charge semi-increment (k) = 0
Vertical velocity              (m) = 1
Rank search mode used              = simple
Number of particles placed         = 4092390
Solution validates
Rate (Mparticles_moved/s): 240.220771
### code=pic lang=c lto=1 scaling=weak style=SINUSOIDAL rep=7
Parallel Research Kernels version 2.17
MPI Particle-in-Cell execution on 2D grid
Number of ranks                    = 40
Load balancing                     = None
Grid size                          = 1000
Tiles in x/y-direction             = 5/8
Number of particles requested      = 4096000
Number of time steps               = 100
Initialization mode                = SINUSOIDAL
Particle charge semi-increment (k) = 0
Vertical velocity              (m) = 1
Rank search mode used              = simple
Number of particles placed         = 4092390
Solution validates
Rate (Mparticles_moved/s): 250.418054
### code=pic lang=rust lto=0 scaling=weak style=SINUSOIDAL rep=7
Parallel Research Kernels
MPI Particle-in-Cell execution on 2D grid
Number of ranks                    = 40
Load balancing                     = None
Grid size                          = 1000
Tiles in x/y-direction             = 5/8
Number of particles requested      = 4096000
Number of time steps               = 100
Initialization mode                = SINUSOIDAL
Particle charge semi-increment (k) = 0
Vertical velocity              (m) = 1
Rank search mode used              = simple
Number of particles placed         = 4092390
total time: 2.078339031
Solution validates
Rate (Mparticles_moved/s): 197.080454
### code=pic lang=rust lto=1 scaling=weak style=SINUSOIDAL rep=7
Parallel Research Kernels
MPI Particle-in-Cell execution on 2D grid
Number of ranks                    = 40
Load balancing                     = None
Grid size                          = 1000
Tiles in x/y-direction             = 5/8
Number of particles requested      = 4096000
Number of time steps               = 100
Initialization mode                = SINUSOIDAL
Particle charge semi-increment (k) = 0
Vertical velocity              (m) = 1
Rank search mode used              = simple
Number of particles placed         = 4092390
total time: 2.02940163
Solution validates
Rate (Mparticles_moved/s): 201.832892
### code=pic lang=c lto=0 scaling=weak style=LINEAR rep=7
Parallel Research Kernels version 2.17
MPI Particle-in-Cell execution on 2D grid
Number of ranks                    = 40
Load balancing                     = None
Grid size                          = 1000
Tiles in x/y-direction             = 5/8
Number of particles requested      = 4096000
Number of time steps               = 100
Initialization mode                = LINEAR
  Negative slope                   = 1.000000
  Offset                           = 3.000000
Particle charge semi-increment (k) = 1
Vertical velocity              (m) = 0
Rank search mode used              = simple
Number of particles placed         = 4094688
Solution validates
Rate (Mparticles_moved/s): 395.732846
### code=pic lang=c lto=1 scaling=weak style=LINEAR rep=7
Parallel Research Kernels version 2.17
MPI Particle-in-Cell execution on 2D grid
Number of ranks                    = 40
Load balancing                     = None
Grid size                          = 1000
Tiles in x/y-direction             = 5/8
Number of particles requested      = 4096000
Number of time steps               = 100
Initialization mode                = LINEAR
  Negative slope                   = 1.000000
  Offset                           = 3.000000
Particle charge semi-increment (k) = 1
Vertical velocity              (m) = 0
Rank search mode used              = simple
Number of particles placed         = 4094688
Solution validates
Rate (Mparticles_moved/s): 400.900437
### code=pic lang=rust lto=0 scaling=weak style=LINEAR rep=7
Parallel Research Kernels
MPI Particle-in-Cell execution on 2D grid
Number of ranks                    = 40
Load balancing                     = None
Grid size                          = 1000
Tiles in x/y-direction             = 5/8
Number of particles requested      = 4096000
Number of time steps               = 100
Initialization mode            = LINEAR
  Negative slope               = 1.000000
  Offset                       = 3.000000
Particle charge semi-increment (k) = 1
Vertical velocity              (m) = 0
Rank search mode used              = simple
Number of particles placed         = 4094688
total time: 1.605431254
Solution validates
Rate (Mparticles_moved/s): 255.133939
### code=pic lang=rust lto=1 scaling=weak style=LINEAR rep=7
Parallel Research Kernels
MPI Particle-in-Cell execution on 2D grid
Number of ranks                    = 40
Load balancing                     = None
Grid size                          = 1000
Tiles in x/y-direction             = 5/8
Number of particles requested      = 4096000
Number of time steps               = 100
Initialization mode            = LINEAR
  Negative slope               = 1.000000
  Offset                       = 3.000000
Particle charge semi-increment (k) = 1
Vertical velocity              (m) = 0
Rank search mode used              = simple
Number of particles placed         = 4094688
total time: 1.5997614470000001
Solution validates
Rate (Mparticles_moved/s): 256.038174
### code=pic lang=c lto=0 scaling=weak style=PATCH rep=7
Parallel Research Kernels version 2.17
MPI Particle-in-Cell execution on 2D grid
Number of ranks                    = 40
Load balancing                     = None
Grid size                          = 1000
Tiles in x/y-direction             = 5/8
Number of particles requested      = 4096000
Number of time steps               = 100
Initialization mode                = PATCH
  Bounding box                     = 0, 200, 100, 200
Particle charge semi-increment (k) = 1
Vertical velocity              (m) = 0
Rank search mode used              = simple
Number of particles placed         = 4090865
Solution validates
Rate (Mparticles_moved/s): 20.845638
### code=pic lang=c lto=1 scaling=weak style=PATCH rep=7
Parallel Research Kernels version 2.17
MPI Particle-in-Cell execution on 2D grid
Number of ranks                    = 40
Load balancing                     = None
Grid size                          = 1000
Tiles in x/y-direction             = 5/8
Number of particles requested      = 4096000
Number of time steps               = 100
Initialization mode                = PATCH
  Bounding box                     = 0, 200, 100, 200
Particle charge semi-increment (k) = 1
Vertical velocity              (m) = 0
Rank search mode used              = simple
Number of particles placed         = 4090865
Solution validates
Rate (Mparticles_moved/s): 21.694356
### code=pic lang=rust lto=0 scaling=weak style=PATCH rep=7
Parallel Research Kernels
MPI Particle-in-Cell execution on 2D grid
Number of ranks                    = 40
Load balancing                     = None
Grid size                          = 1000
Tiles in x/y-direction             = 5/8
Number of particles requested      = 4096000
Number of time steps               = 100
Initialization mode            = PATCH
  Bounding box                 = 0, 200, 100, 200
Particle charge semi-increment (k) = 1
Vertical velocity              (m) = 0
Rank search mode used              = simple
Number of particles placed         = 4090865
total time: 17.906236937
Solution validates
Rate (Mparticles_moved/s): 22.874711
### code=pic lang=rust lto=1 scaling=weak style=PATCH rep=7
Parallel Research Kernels
MPI Particle-in-Cell execution on 2D grid
Number of ranks                    = 40
Load balancing                     = None
Grid size                          = 1000
Tiles in x/y-direction             = 5/8
Number of particles requested      = 4096000
Number of time steps               = 100
Initialization mode            = PATCH
  Bounding box                 = 0, 200, 100, 200
Particle charge semi-increment (k) = 1
Vertical velocity              (m) = 0
Rank search mode used              = simple
Number of particles placed         = 4090865
total time: 17.744510730000002
Solution validates
Rate (Mparticles_moved/s): 23.083195
### code=pic lang=c lto=0 scaling=weak style=GEOMETRIC rep=8
Parallel Research Kernels version 2.17
MPI Particle-in-Cell execution on 2D grid
Number of ranks                    = 40
Load balancing                     = None
Grid size                          = 1000
Tiles in x/y-direction             = 5/8
Number of particles requested      = 4096000
Number of time steps               = 100
Initialization mode                = GEOMETRIC
  Attenuation factor               = 0.990000
Particle charge semi-increment (k) = 1
Vertical velocity              (m) = 2
Rank search mode used              = simple
Number of particles placed         = 4093716
Solution validates
Rate (Mparticles_moved/s): 123.514324
### code=pic lang=c lto=1 scaling=weak style=GEOMETRIC rep=8
Parallel Research Kernels version 2.17
MPI Particle-in-Cell execution on 2D grid
Number of ranks                    = 40
Load balancing                     = None
Grid size                          = 1000
Tiles in x/y-direction             = 5/8
Number of particles requested      = 4096000
Number of time steps               = 100
Initialization mode                = GEOMETRIC
  Attenuation factor               = 0.990000
Particle charge semi-increment (k) = 1
Vertical velocity              (m) = 2
Rank search mode used              = simple
Number of particles placed         = 4093716
Solution validates
Rate (Mparticles_moved/s): 127.734705
### code=pic lang=rust lto=0 scaling=weak style=GEOMETRIC rep=8
Parallel Research Kernels
MPI Particle-in-Cell execution on 2D grid
Number of ranks                    = 40
Load balancing                     = None
Grid size                          = 1000
Tiles in x/y-direction             = 5/8
Number of particles requested      = 4096000
Number of time steps               = 100
Initialization mode            = GEOMETRIC
  Attenuation factor           = 0.990000
Particle charge semi-increment (k) = 1
Vertical velocity              (m) = 2
Rank search mode used              = simple
Number of particles placed         = 4093716
total time: 3.304381275
Solution validates
Rate (Mparticles_moved/s): 123.956640
### code=pic lang=rust lto=1 scaling=weak style=GEOMETRIC rep=8
Parallel Research Kernels
MPI Particle-in-Cell execution on 2D grid
Number of ranks                    = 40
Load balancing                     = None
Grid size                          = 1000
Tiles in x/y-direction             = 5/8
Number of particles requested      = 4096000
Number of time steps               = 100
Initialization mode            = GEOMETRIC
  Attenuation factor           = 0.990000
Particle charge semi-increment (k) = 1
Vertical velocity              (m) = 2
Rank search mode used              = simple
Number of particles placed         = 4093716
total time: 3.303537875
Solution validates
Rate (Mparticles_moved/s): 123.988286
### code=pic lang=c lto=0 scaling=weak style=SINUSOIDAL rep=8
Parallel Research Kernels version 2.17
MPI Particle-in-Cell execution on 2D grid
Number of ranks                    = 40
Load balancing                     = None
Grid size                          = 1000
Tiles in x/y-direction             = 5/8
Number of particles requested      = 4096000
Number of time steps               = 100
Initialization mode                = SINUSOIDAL
Particle charge semi-increment (k) = 0
Vertical velocity              (m) = 1
Rank search mode used              = simple
Number of particles placed         = 4092390
Solution validates
Rate (Mparticles_moved/s): 239.662149
### code=pic lang=c lto=1 scaling=weak style=SINUSOIDAL rep=8
Parallel Research Kernels version 2.17
MPI Particle-in-Cell execution on 2D grid
Number of ranks                    = 40
Load balancing                     = None
Grid size                          = 1000
Tiles in x/y-direction             = 5/8
Number of particles requested      = 4096000
Number of time steps               = 100
Initialization mode                = SINUSOIDAL
Particle charge semi-increment (k) = 0
Vertical velocity              (m) = 1
Rank search mode used              = simple
Number of particles placed         = 4092390
Solution validates
Rate (Mparticles_moved/s): 213.054162
### code=pic lang=rust lto=0 scaling=weak style=SINUSOIDAL rep=8
Parallel Research Kernels
MPI Particle-in-Cell execution on 2D grid
Number of ranks                    = 40
Load balancing                     = None
Grid size                          = 1000
Tiles in x/y-direction             = 5/8
Number of particles requested      = 4096000
Number of time steps               = 100
Initialization mode                = SINUSOIDAL
Particle charge semi-increment (k) = 0
Vertical velocity              (m) = 1
Rank search mode used              = simple
Number of particles placed         = 4092390
total time: 2.0693990859999998
Solution validates
Rate (Mparticles_moved/s): 197.931855
### code=pic lang=rust lto=1 scaling=weak style=SINUSOIDAL rep=8
Parallel Research Kernels
MPI Particle-in-Cell execution on 2D grid
Number of ranks                    = 40
Load balancing                     = None
Grid size                          = 1000
Tiles in x/y-direction             = 5/8
Number of particles requested      = 4096000
Number of time steps               = 100
Initialization mode                = SINUSOIDAL
Particle charge semi-increment (k) = 0
Vertical velocity              (m) = 1
Rank search mode used              = simple
Number of particles placed         = 4092390
total time: 2.045304649
Solution validates
Rate (Mparticles_moved/s): 200.263565
### code=pic lang=c lto=0 scaling=weak style=LINEAR rep=8
Parallel Research Kernels version 2.17
MPI Particle-in-Cell execution on 2D grid
Number of ranks                    = 40
Load balancing                     = None
Grid size                          = 1000
Tiles in x/y-direction             = 5/8
Number of particles requested      = 4096000
Number of time steps               = 100
Initialization mode                = LINEAR
  Negative slope                   = 1.000000
  Offset                           = 3.000000
Particle charge semi-increment (k) = 1
Vertical velocity              (m) = 0
Rank search mode used              = simple
Number of particles placed         = 4094688
Solution validates
Rate (Mparticles_moved/s): 370.723890
### code=pic lang=c lto=1 scaling=weak style=LINEAR rep=8
Parallel Research Kernels version 2.17
MPI Particle-in-Cell execution on 2D grid
Number of ranks                    = 40
Load balancing                     = None
Grid size                          = 1000
Tiles in x/y-direction             = 5/8
Number of particles requested      = 4096000
Number of time steps               = 100
Initialization mode                = LINEAR
  Negative slope                   = 1.000000
  Offset                           = 3.000000
Particle charge semi-increment (k) = 1
Vertical velocity              (m) = 0
Rank search mode used              = simple
Number of particles placed         = 4094688
Solution validates
Rate (Mparticles_moved/s): 418.851431
### code=pic lang=rust lto=0 scaling=weak style=LINEAR rep=8
Parallel Research Kernels
MPI Particle-in-Cell execution on 2D grid
Number of ranks                    = 40
Load balancing                     = None
Grid size                          = 1000
Tiles in x/y-direction             = 5/8
Number of particles requested      = 4096000
Number of time steps               = 100
Initialization mode            = LINEAR
  Negative slope               = 1.000000
  Offset                       = 3.000000
Particle charge semi-increment (k) = 1
Vertical velocity              (m) = 0
Rank search mode used              = simple
Number of particles placed         = 4094688
total time: 1.6066609010000001
Solution validates
Rate (Mparticles_moved/s): 254.938674
### code=pic lang=rust lto=1 scaling=weak style=LINEAR rep=8
Parallel Research Kernels
MPI Particle-in-Cell execution on 2D grid
Number of ranks                    = 40
Load balancing                     = None
Grid size                          = 1000
Tiles in x/y-direction             = 5/8
Number of particles requested      = 4096000
Number of time steps               = 100
Initialization mode            = LINEAR
  Negative slope               = 1.000000
  Offset                       = 3.000000
Particle charge semi-increment (k) = 1
Vertical velocity              (m) = 0
Rank search mode used              = simple
Number of particles placed         = 4094688
total time: 1.57171137
Solution validates
Rate (Mparticles_moved/s): 260.607646
### code=pic lang=c lto=0 scaling=weak style=PATCH rep=8
Parallel Research Kernels version 2.17
MPI Particle-in-Cell execution on 2D grid
Number of ranks                    = 40
Load balancing                     = None
Grid size                          = 1000
Tiles in x/y-direction             = 5/8
Number of particles requested      = 4096000
Number of time steps               = 100
Initialization mode                = PATCH
  Bounding box                     = 0, 200, 100, 200
Particle charge semi-increment (k) = 1
Vertical velocity              (m) = 0
Rank search mode used              = simple
Number of particles placed         = 4090865
Solution validates
Rate (Mparticles_moved/s): 20.820607
### code=pic lang=c lto=1 scaling=weak style=PATCH rep=8
Parallel Research Kernels version 2.17
MPI Particle-in-Cell execution on 2D grid
Number of ranks                    = 40
Load balancing                     = None
Grid size                          = 1000
Tiles in x/y-direction             = 5/8
Number of particles requested      = 4096000
Number of time steps               = 100
Initialization mode                = PATCH
  Bounding box                     = 0, 200, 100, 200
Particle charge semi-increment (k) = 1
Vertical velocity              (m) = 0
Rank search mode used              = simple
Number of particles placed         = 4090865
Solution validates
Rate (Mparticles_moved/s): 21.744879
### code=pic lang=rust lto=0 scaling=weak style=PATCH rep=8
Parallel Research Kernels
MPI Particle-in-Cell execution on 2D grid
Number of ranks                    = 40
Load balancing                     = None
Grid size                          = 1000
Tiles in x/y-direction             = 5/8
Number of particles requested      = 4096000
Number of time steps               = 100
Initialization mode            = PATCH
  Bounding box                 = 0, 200, 100, 200
Particle charge semi-increment (k) = 1
Vertical velocity              (m) = 0
Rank search mode used              = simple
Number of particles placed         = 4090865
total time: 17.869427296
Solution validates
Rate (Mparticles_moved/s): 22.921831
### code=pic lang=rust lto=1 scaling=weak style=PATCH rep=8
Parallel Research Kernels
MPI Particle-in-Cell execution on 2D grid
Number of ranks                    = 40
Load balancing                     = None
Grid size                          = 1000
Tiles in x/y-direction             = 5/8
Number of particles requested      = 4096000
Number of time steps               = 100
Initialization mode            = PATCH
  Bounding box                 = 0, 200, 100, 200
Particle charge semi-increment (k) = 1
Vertical velocity              (m) = 0
Rank search mode used              = simple
Number of particles placed         = 4090865
total time: 17.711406401
Solution validates
Rate (Mparticles_moved/s): 23.126340
### code=pic lang=c lto=0 scaling=weak style=GEOMETRIC rep=9
Parallel Research Kernels version 2.17
MPI Particle-in-Cell execution on 2D grid
Number of ranks                    = 40
Load balancing                     = None
Grid size                          = 1000
Tiles in x/y-direction             = 5/8
Number of particles requested      = 4096000
Number of time steps               = 100
Initialization mode                = GEOMETRIC
  Attenuation factor               = 0.990000
Particle charge semi-increment (k) = 1
Vertical velocity              (m) = 2
Rank search mode used              = simple
Number of particles placed         = 4093716
Solution validates
Rate (Mparticles_moved/s): 123.502588
### code=pic lang=c lto=1 scaling=weak style=GEOMETRIC rep=9
Parallel Research Kernels version 2.17
MPI Particle-in-Cell execution on 2D grid
Number of ranks                    = 40
Load balancing                     = None
Grid size                          = 1000
Tiles in x/y-direction             = 5/8
Number of particles requested      = 4096000
Number of time steps               = 100
Initialization mode                = GEOMETRIC
  Attenuation factor               = 0.990000
Particle charge semi-increment (k) = 1
Vertical velocity              (m) = 2
Rank search mode used              = simple
Number of particles placed         = 4093716
Solution validates
Rate (Mparticles_moved/s): 127.965597
### code=pic lang=rust lto=0 scaling=weak style=GEOMETRIC rep=9
Parallel Research Kernels
MPI Particle-in-Cell execution on 2D grid
Number of ranks                    = 40
Load balancing                     = None
Grid size                          = 1000
Tiles in x/y-direction             = 5/8
Number of particles requested      = 4096000
Number of time steps               = 100
Initialization mode            = GEOMETRIC
  Attenuation factor           = 0.990000
Particle charge semi-increment (k) = 1
Vertical velocity              (m) = 2
Rank search mode used              = simple
Number of particles placed         = 4093716
total time: 3.339091684
Solution validates
Rate (Mparticles_moved/s): 122.668090
### code=pic lang=rust lto=1 scaling=weak style=GEOMETRIC rep=9
Parallel Research Kernels
MPI Particle-in-Cell execution on 2D grid
Number of ranks                    = 40
Load balancing                     = None
Grid size                          = 1000
Tiles in x/y-direction             = 5/8
Number of particles requested      = 4096000
Number of time steps               = 100
Initialization mode            = GEOMETRIC
  Attenuation factor           = 0.990000
Particle charge semi-increment (k) = 1
Vertical velocity              (m) = 2
Rank search mode used              = simple
Number of particles placed         = 4093716
total time: 3.232076223
Solution validates
Rate (Mparticles_moved/s): 126.729684
### code=pic lang=c lto=0 scaling=weak style=SINUSOIDAL rep=9
Parallel Research Kernels version 2.17
MPI Particle-in-Cell execution on 2D grid
Number of ranks                    = 40
Load balancing                     = None
Grid size                          = 1000
Tiles in x/y-direction             = 5/8
Number of particles requested      = 4096000
Number of time steps               = 100
Initialization mode                = SINUSOIDAL
Particle charge semi-increment (k) = 0
Vertical velocity              (m) = 1
Rank search mode used              = simple
Number of particles placed         = 4092390
Solution validates
Rate (Mparticles_moved/s): 247.162699
### code=pic lang=c lto=1 scaling=weak style=SINUSOIDAL rep=9
Parallel Research Kernels version 2.17
MPI Particle-in-Cell execution on 2D grid
Number of ranks                    = 40
Load balancing                     = None
Grid size                          = 1000
Tiles in x/y-direction             = 5/8
Number of particles requested      = 4096000
Number of time steps               = 100
Initialization mode                = SINUSOIDAL
Particle charge semi-increment (k) = 0
Vertical velocity              (m) = 1
Rank search mode used              = simple
Number of particles placed         = 4092390
Solution validates
Rate (Mparticles_moved/s): 252.520950
### code=pic lang=rust lto=0 scaling=weak style=SINUSOIDAL rep=9
Parallel Research Kernels
MPI Particle-in-Cell execution on 2D grid
Number of ranks                    = 40
Load balancing                     = None
Grid size                          = 1000
Tiles in x/y-direction             = 5/8
Number of particles requested      = 4096000
Number of time steps               = 100
Initialization mode                = SINUSOIDAL
Particle charge semi-increment (k) = 0
Vertical velocity              (m) = 1
Rank search mode used              = simple
Number of particles placed         = 4092390
total time: 2.340917143
Solution validates
Rate (Mparticles_moved/s): 174.974155
### code=pic lang=rust lto=1 scaling=weak style=SINUSOIDAL rep=9
Parallel Research Kernels
MPI Particle-in-Cell execution on 2D grid
Number of ranks                    = 40
Load balancing                     = None
Grid size                          = 1000
Tiles in x/y-direction             = 5/8
Number of particles requested      = 4096000
Number of time steps               = 100
Initialization mode                = SINUSOIDAL
Particle charge semi-increment (k) = 0
Vertical velocity              (m) = 1
Rank search mode used              = simple
Number of particles placed         = 4092390
total time: 2.089472843
Solution validates
Rate (Mparticles_moved/s): 196.030306
### code=pic lang=c lto=0 scaling=weak style=LINEAR rep=9
Parallel Research Kernels version 2.17
MPI Particle-in-Cell execution on 2D grid
Number of ranks                    = 40
Load balancing                     = None
Grid size                          = 1000
Tiles in x/y-direction             = 5/8
Number of particles requested      = 4096000
Number of time steps               = 100
Initialization mode                = LINEAR
  Negative slope                   = 1.000000
  Offset                           = 3.000000
Particle charge semi-increment (k) = 1
Vertical velocity              (m) = 0
Rank search mode used              = simple
Number of particles placed         = 4094688
Solution validates
Rate (Mparticles_moved/s): 397.091685
### code=pic lang=c lto=1 scaling=weak style=LINEAR rep=9
Parallel Research Kernels version 2.17
MPI Particle-in-Cell execution on 2D grid
Number of ranks                    = 40
Load balancing                     = None
Grid size                          = 1000
Tiles in x/y-direction             = 5/8
Number of particles requested      = 4096000
Number of time steps               = 100
Initialization mode                = LINEAR
  Negative slope                   = 1.000000
  Offset                           = 3.000000
Particle charge semi-increment (k) = 1
Vertical velocity              (m) = 0
Rank search mode used              = simple
Number of particles placed         = 4094688
Solution validates
Rate (Mparticles_moved/s): 415.716384
### code=pic lang=rust lto=0 scaling=weak style=LINEAR rep=9
Parallel Research Kernels
MPI Particle-in-Cell execution on 2D grid
Number of ranks                    = 40
Load balancing                     = None
Grid size                          = 1000
Tiles in x/y-direction             = 5/8
Number of particles requested      = 4096000
Number of time steps               = 100
Initialization mode            = LINEAR
  Negative slope               = 1.000000
  Offset                       = 3.000000
Particle charge semi-increment (k) = 1
Vertical velocity              (m) = 0
Rank search mode used              = simple
Number of particles placed         = 4094688
total time: 1.595508665
Solution validates
Rate (Mparticles_moved/s): 256.720636
### code=pic lang=rust lto=1 scaling=weak style=LINEAR rep=9
Parallel Research Kernels
MPI Particle-in-Cell execution on 2D grid
Number of ranks                    = 40
Load balancing                     = None
Grid size                          = 1000
Tiles in x/y-direction             = 5/8
Number of particles requested      = 4096000
Number of time steps               = 100
Initialization mode            = LINEAR
  Negative slope               = 1.000000
  Offset                       = 3.000000
Particle charge semi-increment (k) = 1
Vertical velocity              (m) = 0
Rank search mode used              = simple
Number of particles placed         = 4094688
total time: 1.615030135
Solution validates
Rate (Mparticles_moved/s): 253.617559
### code=pic lang=c lto=0 scaling=weak style=PATCH rep=9
Parallel Research Kernels version 2.17
MPI Particle-in-Cell execution on 2D grid
Number of ranks                    = 40
Load balancing                     = None
Grid size                          = 1000
Tiles in x/y-direction             = 5/8
Number of particles requested      = 4096000
Number of time steps               = 100
Initialization mode                = PATCH
  Bounding box                     = 0, 200, 100, 200
Particle charge semi-increment (k) = 1
Vertical velocity              (m) = 0
Rank search mode used              = simple
Number of particles placed         = 4090865
Solution validates
Rate (Mparticles_moved/s): 20.864453
### code=pic lang=c lto=1 scaling=weak style=PATCH rep=9
Parallel Research Kernels version 2.17
MPI Particle-in-Cell execution on 2D grid
Number of ranks                    = 40
Load balancing                     = None
Grid size                          = 1000
Tiles in x/y-direction             = 5/8
Number of particles requested      = 4096000
Number of time steps               = 100
Initialization mode                = PATCH
  Bounding box                     = 0, 200, 100, 200
Particle charge semi-increment (k) = 1
Vertical velocity              (m) = 0
Rank search mode used              = simple
Number of particles placed         = 4090865
Solution validates
Rate (Mparticles_moved/s): 21.696278
### code=pic lang=rust lto=0 scaling=weak style=PATCH rep=9
Parallel Research Kernels
MPI Particle-in-Cell execution on 2D grid
Number of ranks                    = 40
Load balancing                     = None
Grid size                          = 1000
Tiles in x/y-direction             = 5/8
Number of particles requested      = 4096000
Number of time steps               = 100
Initialization mode            = PATCH
  Bounding box                 = 0, 200, 100, 200
Particle charge semi-increment (k) = 1
Vertical velocity              (m) = 0
Rank search mode used              = simple
Number of particles placed         = 4090865
total time: 17.856116336
Solution validates
Rate (Mparticles_moved/s): 22.938919
### code=pic lang=rust lto=1 scaling=weak style=PATCH rep=9
Parallel Research Kernels
MPI Particle-in-Cell execution on 2D grid
Number of ranks                    = 40
Load balancing                     = None
Grid size                          = 1000
Tiles in x/y-direction             = 5/8
Number of particles requested      = 4096000
Number of time steps               = 100
Initialization mode            = PATCH
  Bounding box                 = 0, 200, 100, 200
Particle charge semi-increment (k) = 1
Vertical velocity              (m) = 0
Rank search mode used              = simple
Number of particles placed         = 4090865
total time: 17.712882099
Solution validates
Rate (Mparticles_moved/s): 23.124413
### code=solctra lang=c lto=0 scaling=strong style=NA rep=0
Communicator Size=[2].
Running with:
Resource Path=[resources/].
JobId=[61203700].
Steps=[1000].
Steps size=[0.001].
Particles=[61440].
Input Current=[-4350] A.
Mode=[1].
Output path=[results_61203700].
Loading input_big.txt with length=61440
Particles initialized
Loading resources//Bobina0m.txt with length=361
Loading resources//Bobina1m.txt with length=361
Loading resources//Bobina2m.txt with length=361
Loading resources//Bobina3m.txt with length=361
Loading resources//Bobina4m.txt with length=361
Loading resources//Bobina5m.txt with length=361
Loading resources//Bobina6m.txt with length=361
Loading resources//Bobina7m.txt with length=361
Loading resources//Bobina8m.txt with length=361
Loading resources//Bobina9m.txt with length=361
Loading resources//Bobina10m.txt with length=361
Loading resources//Bobina11m.txt with length=361
Coil data loaded
Executing simulation
Simulation finished
Total execution time=[239.72].
Timestamp: Mon Sep  7 16:17:13 2026

### code=solctra lang=c lto=1 scaling=strong style=NA rep=0
Communicator Size=[2].
Running with:
Resource Path=[resources/].
JobId=[61203710].
Steps=[1000].
Steps size=[0.001].
Particles=[61440].
Input Current=[-4350] A.
Mode=[1].
Output path=[results_61203710].
Loading input_big.txt with length=61440
Particles initialized
Loading resources//Bobina0m.txt with length=361
Loading resources//Bobina1m.txt with length=361
Loading resources//Bobina2m.txt with length=361
Loading resources//Bobina3m.txt with length=361
Loading resources//Bobina4m.txt with length=361
Loading resources//Bobina5m.txt with length=361
Loading resources//Bobina6m.txt with length=361
Loading resources//Bobina7m.txt with length=361
Loading resources//Bobina8m.txt with length=361
Loading resources//Bobina9m.txt with length=361
Loading resources//Bobina10m.txt with length=361
Loading resources//Bobina11m.txt with length=361
Coil data loaded
Executing simulation
Simulation finished
Total execution time=[239.26].
Timestamp: Mon Sep  7 16:21:13 2026

### code=solctra lang=rust lto=0 scaling=strong style=NA rep=0
### code=solctra lang=rust lto=1 scaling=strong style=NA rep=0
### code=solctra lang=c lto=0 scaling=strong style=NA rep=1
Communicator Size=[2].
Running with:
Resource Path=[resources/].
JobId=[61203701].
Steps=[1000].
Steps size=[0.001].
Particles=[61440].
Input Current=[-4350] A.
Mode=[1].
Output path=[results_61203701].
Loading input_big.txt with length=61440
Particles initialized
Loading resources//Bobina0m.txt with length=361
Loading resources//Bobina1m.txt with length=361
Loading resources//Bobina2m.txt with length=361
Loading resources//Bobina3m.txt with length=361
Loading resources//Bobina4m.txt with length=361
Loading resources//Bobina5m.txt with length=361
Loading resources//Bobina6m.txt with length=361
Loading resources//Bobina7m.txt with length=361
Loading resources//Bobina8m.txt with length=361
Loading resources//Bobina9m.txt with length=361
Loading resources//Bobina10m.txt with length=361
Loading resources//Bobina11m.txt with length=361
Coil data loaded
Executing simulation
Simulation finished
Total execution time=[239.42].
Timestamp: Mon Sep  7 16:33:11 2026

### code=solctra lang=c lto=1 scaling=strong style=NA rep=1
Communicator Size=[2].
Running with:
Resource Path=[resources/].
JobId=[61203711].
Steps=[1000].
Steps size=[0.001].
Particles=[61440].
Input Current=[-4350] A.
Mode=[1].
Output path=[results_61203711].
Loading input_big.txt with length=61440
Particles initialized
Loading resources//Bobina0m.txt with length=361
Loading resources//Bobina1m.txt with length=361
Loading resources//Bobina2m.txt with length=361
Loading resources//Bobina3m.txt with length=361
Loading resources//Bobina4m.txt with length=361
Loading resources//Bobina5m.txt with length=361
Loading resources//Bobina6m.txt with length=361
Loading resources//Bobina7m.txt with length=361
Loading resources//Bobina8m.txt with length=361
Loading resources//Bobina9m.txt with length=361
Loading resources//Bobina10m.txt with length=361
Loading resources//Bobina11m.txt with length=361
Coil data loaded
Executing simulation
Simulation finished
Total execution time=[239.71].
Timestamp: Mon Sep  7 16:37:11 2026

### code=solctra lang=rust lto=0 scaling=strong style=NA rep=1
### code=solctra lang=rust lto=1 scaling=strong style=NA rep=1
### code=solctra lang=c lto=0 scaling=strong style=NA rep=2
Communicator Size=[2].
Running with:
Resource Path=[resources/].
JobId=[61203702].
Steps=[1000].
Steps size=[0.001].
Particles=[61440].
Input Current=[-4350] A.
Mode=[1].
Output path=[results_61203702].
Loading input_big.txt with length=61440
Particles initialized
Loading resources//Bobina0m.txt with length=361
Loading resources//Bobina1m.txt with length=361
Loading resources//Bobina2m.txt with length=361
Loading resources//Bobina3m.txt with length=361
Loading resources//Bobina4m.txt with length=361
Loading resources//Bobina5m.txt with length=361
Loading resources//Bobina6m.txt with length=361
Loading resources//Bobina7m.txt with length=361
Loading resources//Bobina8m.txt with length=361
Loading resources//Bobina9m.txt with length=361
Loading resources//Bobina10m.txt with length=361
Loading resources//Bobina11m.txt with length=361
Coil data loaded
Executing simulation
Simulation finished
Total execution time=[239.58].
Timestamp: Mon Sep  7 16:49:10 2026

### code=solctra lang=c lto=1 scaling=strong style=NA rep=2
Communicator Size=[2].
Running with:
Resource Path=[resources/].
JobId=[61203712].
Steps=[1000].
Steps size=[0.001].
Particles=[61440].
Input Current=[-4350] A.
Mode=[1].
Output path=[results_61203712].
Loading input_big.txt with length=61440
Particles initialized
Loading resources//Bobina0m.txt with length=361
Loading resources//Bobina1m.txt with length=361
Loading resources//Bobina2m.txt with length=361
Loading resources//Bobina3m.txt with length=361
Loading resources//Bobina4m.txt with length=361
Loading resources//Bobina5m.txt with length=361
Loading resources//Bobina6m.txt with length=361
Loading resources//Bobina7m.txt with length=361
Loading resources//Bobina8m.txt with length=361
Loading resources//Bobina9m.txt with length=361
Loading resources//Bobina10m.txt with length=361
Loading resources//Bobina11m.txt with length=361
Coil data loaded
Executing simulation
Simulation finished
Total execution time=[239.39].
Timestamp: Mon Sep  7 16:53:09 2026

### code=solctra lang=rust lto=0 scaling=strong style=NA rep=2
### code=solctra lang=rust lto=1 scaling=strong style=NA rep=2
### code=solctra lang=c lto=0 scaling=strong style=NA rep=3
Communicator Size=[2].
Running with:
Resource Path=[resources/].
JobId=[61203703].
Steps=[1000].
Steps size=[0.001].
Particles=[61440].
Input Current=[-4350] A.
Mode=[1].
Output path=[results_61203703].
Loading input_big.txt with length=61440
Particles initialized
Loading resources//Bobina0m.txt with length=361
Loading resources//Bobina1m.txt with length=361
Loading resources//Bobina2m.txt with length=361
Loading resources//Bobina3m.txt with length=361
Loading resources//Bobina4m.txt with length=361
Loading resources//Bobina5m.txt with length=361
Loading resources//Bobina6m.txt with length=361
Loading resources//Bobina7m.txt with length=361
Loading resources//Bobina8m.txt with length=361
Loading resources//Bobina9m.txt with length=361
Loading resources//Bobina10m.txt with length=361
Loading resources//Bobina11m.txt with length=361
Coil data loaded
Executing simulation
Simulation finished
Total execution time=[239.67].
Timestamp: Mon Sep  7 17:05:08 2026

### code=solctra lang=c lto=1 scaling=strong style=NA rep=3
Communicator Size=[2].
Running with:
Resource Path=[resources/].
JobId=[61203713].
Steps=[1000].
Steps size=[0.001].
Particles=[61440].
Input Current=[-4350] A.
Mode=[1].
Output path=[results_61203713].
Loading input_big.txt with length=61440
Particles initialized
Loading resources//Bobina0m.txt with length=361
Loading resources//Bobina1m.txt with length=361
Loading resources//Bobina2m.txt with length=361
Loading resources//Bobina3m.txt with length=361
Loading resources//Bobina4m.txt with length=361
Loading resources//Bobina5m.txt with length=361
Loading resources//Bobina6m.txt with length=361
Loading resources//Bobina7m.txt with length=361
Loading resources//Bobina8m.txt with length=361
Loading resources//Bobina9m.txt with length=361
Loading resources//Bobina10m.txt with length=361
Loading resources//Bobina11m.txt with length=361
Coil data loaded
Executing simulation
Simulation finished
Total execution time=[239.14].
Timestamp: Mon Sep  7 17:09:07 2026

### code=solctra lang=rust lto=0 scaling=strong style=NA rep=3
### code=solctra lang=rust lto=1 scaling=strong style=NA rep=3
### code=solctra lang=c lto=0 scaling=strong style=NA rep=4
Communicator Size=[2].
Running with:
Resource Path=[resources/].
JobId=[61203704].
Steps=[1000].
Steps size=[0.001].
Particles=[61440].
Input Current=[-4350] A.
Mode=[1].
Output path=[results_61203704].
Loading input_big.txt with length=61440
Particles initialized
Loading resources//Bobina0m.txt with length=361
Loading resources//Bobina1m.txt with length=361
Loading resources//Bobina2m.txt with length=361
Loading resources//Bobina3m.txt with length=361
Loading resources//Bobina4m.txt with length=361
Loading resources//Bobina5m.txt with length=361
Loading resources//Bobina6m.txt with length=361
Loading resources//Bobina7m.txt with length=361
Loading resources//Bobina8m.txt with length=361
Loading resources//Bobina9m.txt with length=361
Loading resources//Bobina10m.txt with length=361
Loading resources//Bobina11m.txt with length=361
Coil data loaded
Executing simulation
Simulation finished
Total execution time=[239.58].
Timestamp: Mon Sep  7 17:21:05 2026

### code=solctra lang=c lto=1 scaling=strong style=NA rep=4
Communicator Size=[2].
Running with:
Resource Path=[resources/].
JobId=[61203714].
Steps=[1000].
Steps size=[0.001].
Particles=[61440].
Input Current=[-4350] A.
Mode=[1].
Output path=[results_61203714].
Loading input_big.txt with length=61440
Particles initialized
Loading resources//Bobina0m.txt with length=361
Loading resources//Bobina1m.txt with length=361
Loading resources//Bobina2m.txt with length=361
Loading resources//Bobina3m.txt with length=361
Loading resources//Bobina4m.txt with length=361
Loading resources//Bobina5m.txt with length=361
Loading resources//Bobina6m.txt with length=361
Loading resources//Bobina7m.txt with length=361
Loading resources//Bobina8m.txt with length=361
Loading resources//Bobina9m.txt with length=361
Loading resources//Bobina10m.txt with length=361
Loading resources//Bobina11m.txt with length=361
Coil data loaded
Executing simulation
Simulation finished
Total execution time=[239.64].
Timestamp: Mon Sep  7 17:25:05 2026

### code=solctra lang=rust lto=0 scaling=strong style=NA rep=4
### code=solctra lang=rust lto=1 scaling=strong style=NA rep=4
### end=2026-09-07T17:33:03-06:00
