### job=612038 nodes=4 ntasks=80 nodelist=kura-1d.cnca,kura-2a.cnca,kura-2b.cnca,kura-2c.cnca start=2026-09-07T18:51:55-06:00
fbcdc31afbcbb4cc6416c3ad4328460d  pic
b0fc67b1e38cf1a1d5386bff0b5ad736  pic-lto
992efe734e123a6eed588bad792abc6b  pic-mpi
70194c16ec1d18309d77821b760ea7b8  pic-mpi-lto
564c0f68a93fb6ed53d368280dac4445  bs-solctra-multinode
22016471f0492d168d143c53f72ecd31  bs-solctra-multinode-lto
fd401c5c8e8f461cf2e0ca665e5a026f  bs-solctra-rs
a64c85102b6c093b813a1b7b5c9a709e  bs-solctra-rs-lto
### code=pic lang=c lto=0 scaling=strong style=GEOMETRIC rep=0
Parallel Research Kernels version 2.17
MPI Particle-in-Cell execution on 2D grid
Number of ranks                    = 80
Load balancing                     = None
Grid size                          = 1000
Tiles in x/y-direction             = 8/10
Number of particles requested      = 1228800
Number of time steps               = 100
Initialization mode                = GEOMETRIC
  Attenuation factor               = 0.990000
Particle charge semi-increment (k) = 1
Vertical velocity              (m) = 2
Rank search mode used              = simple
Number of particles placed         = 1226576
Solution validates
Rate (Mparticles_moved/s): 168.833301
### code=pic lang=c lto=1 scaling=strong style=GEOMETRIC rep=0
Parallel Research Kernels version 2.17
MPI Particle-in-Cell execution on 2D grid
Number of ranks                    = 80
Load balancing                     = None
Grid size                          = 1000
Tiles in x/y-direction             = 8/10
Number of particles requested      = 1228800
Number of time steps               = 100
Initialization mode                = GEOMETRIC
  Attenuation factor               = 0.990000
Particle charge semi-increment (k) = 1
Vertical velocity              (m) = 2
Rank search mode used              = simple
Number of particles placed         = 1226576
Solution validates
Rate (Mparticles_moved/s): 177.604267
### code=pic lang=rust lto=0 scaling=strong style=GEOMETRIC rep=0
Parallel Research Kernels
MPI Particle-in-Cell execution on 2D grid
Number of ranks                    = 80
Load balancing                     = None
Grid size                          = 1000
Tiles in x/y-direction             = 8/10
Number of particles requested      = 1228800
Number of time steps               = 100
Initialization mode            = GEOMETRIC
  Attenuation factor           = 0.990000
Particle charge semi-increment (k) = 1
Vertical velocity              (m) = 2
Rank search mode used              = simple
Number of particles placed         = 1226576
total time: 0.726208714
Solution validates
Rate (Mparticles_moved/s): 169.207554
### code=pic lang=rust lto=1 scaling=strong style=GEOMETRIC rep=0
Parallel Research Kernels
MPI Particle-in-Cell execution on 2D grid
Number of ranks                    = 80
Load balancing                     = None
Grid size                          = 1000
Tiles in x/y-direction             = 8/10
Number of particles requested      = 1228800
Number of time steps               = 100
Initialization mode            = GEOMETRIC
  Attenuation factor           = 0.990000
Particle charge semi-increment (k) = 1
Vertical velocity              (m) = 2
Rank search mode used              = simple
Number of particles placed         = 1226576
total time: 0.740694575
Solution validates
Rate (Mparticles_moved/s): 165.898339
### code=pic lang=c lto=0 scaling=strong style=SINUSOIDAL rep=0
Parallel Research Kernels version 2.17
MPI Particle-in-Cell execution on 2D grid
Number of ranks                    = 80
Load balancing                     = None
Grid size                          = 1000
Tiles in x/y-direction             = 8/10
Number of particles requested      = 1228800
Number of time steps               = 100
Initialization mode                = SINUSOIDAL
Particle charge semi-increment (k) = 0
Vertical velocity              (m) = 1
Rank search mode used              = simple
Number of particles placed         = 1218658
Solution validates
Rate (Mparticles_moved/s): 421.373619
### code=pic lang=c lto=1 scaling=strong style=SINUSOIDAL rep=0
Parallel Research Kernels version 2.17
MPI Particle-in-Cell execution on 2D grid
Number of ranks                    = 80
Load balancing                     = None
Grid size                          = 1000
Tiles in x/y-direction             = 8/10
Number of particles requested      = 1228800
Number of time steps               = 100
Initialization mode                = SINUSOIDAL
Particle charge semi-increment (k) = 0
Vertical velocity              (m) = 1
Rank search mode used              = simple
Number of particles placed         = 1218658
Solution validates
Rate (Mparticles_moved/s): 394.937409
### code=pic lang=rust lto=0 scaling=strong style=SINUSOIDAL rep=0
Parallel Research Kernels
MPI Particle-in-Cell execution on 2D grid
Number of ranks                    = 80
Load balancing                     = None
Grid size                          = 1000
Tiles in x/y-direction             = 8/10
Number of particles requested      = 1228800
Number of time steps               = 100
Initialization mode                = SINUSOIDAL
Particle charge semi-increment (k) = 0
Vertical velocity              (m) = 1
Rank search mode used              = simple
Number of particles placed         = 1218658
total time: 0.369848206
Solution validates
Rate (Mparticles_moved/s): 332.244413
### code=pic lang=rust lto=1 scaling=strong style=SINUSOIDAL rep=0
Parallel Research Kernels
MPI Particle-in-Cell execution on 2D grid
Number of ranks                    = 80
Load balancing                     = None
Grid size                          = 1000
Tiles in x/y-direction             = 8/10
Number of particles requested      = 1228800
Number of time steps               = 100
Initialization mode                = SINUSOIDAL
Particle charge semi-increment (k) = 0
Vertical velocity              (m) = 1
Rank search mode used              = simple
Number of particles placed         = 1218658
total time: 0.33864488
Solution validates
Rate (Mparticles_moved/s): 362.857989
### code=pic lang=c lto=0 scaling=strong style=LINEAR rep=0
Parallel Research Kernels version 2.17
MPI Particle-in-Cell execution on 2D grid
Number of ranks                    = 80
Load balancing                     = None
Grid size                          = 1000
Tiles in x/y-direction             = 8/10
Number of particles requested      = 1228800
Number of time steps               = 100
Initialization mode                = LINEAR
  Negative slope                   = 1.000000
  Offset                           = 3.000000
Particle charge semi-increment (k) = 1
Vertical velocity              (m) = 0
Rank search mode used              = simple
Number of particles placed         = 1129164
Solution validates
Rate (Mparticles_moved/s): 589.401245
### code=pic lang=c lto=1 scaling=strong style=LINEAR rep=0
Parallel Research Kernels version 2.17
MPI Particle-in-Cell execution on 2D grid
Number of ranks                    = 80
Load balancing                     = None
Grid size                          = 1000
Tiles in x/y-direction             = 8/10
Number of particles requested      = 1228800
Number of time steps               = 100
Initialization mode                = LINEAR
  Negative slope                   = 1.000000
  Offset                           = 3.000000
Particle charge semi-increment (k) = 1
Vertical velocity              (m) = 0
Rank search mode used              = simple
Number of particles placed         = 1129164
Solution validates
Rate (Mparticles_moved/s): 686.821066
### code=pic lang=rust lto=0 scaling=strong style=LINEAR rep=0
Parallel Research Kernels
MPI Particle-in-Cell execution on 2D grid
Number of ranks                    = 80
Load balancing                     = None
Grid size                          = 1000
Tiles in x/y-direction             = 8/10
Number of particles requested      = 1228800
Number of time steps               = 100
Initialization mode            = LINEAR
  Negative slope               = 1.000000
  Offset                       = 3.000000
Particle charge semi-increment (k) = 1
Vertical velocity              (m) = 0
Rank search mode used              = simple
Number of particles placed         = 1129164
total time: 0.284221211
Solution validates
Rate (Mparticles_moved/s): 432.339302
### code=pic lang=rust lto=1 scaling=strong style=LINEAR rep=0
Parallel Research Kernels
MPI Particle-in-Cell execution on 2D grid
Number of ranks                    = 80
Load balancing                     = None
Grid size                          = 1000
Tiles in x/y-direction             = 8/10
Number of particles requested      = 1228800
Number of time steps               = 100
Initialization mode            = LINEAR
  Negative slope               = 1.000000
  Offset                       = 3.000000
Particle charge semi-increment (k) = 1
Vertical velocity              (m) = 0
Rank search mode used              = simple
Number of particles placed         = 1129164
total time: 0.207655432
Solution validates
Rate (Mparticles_moved/s): 591.749509
### code=pic lang=c lto=0 scaling=strong style=PATCH rep=0
Parallel Research Kernels version 2.17
MPI Particle-in-Cell execution on 2D grid
Number of ranks                    = 80
Load balancing                     = None
Grid size                          = 1000
Tiles in x/y-direction             = 8/10
Number of particles requested      = 1228800
Number of time steps               = 100
Initialization mode                = PATCH
  Bounding box                     = 0, 200, 100, 200
Particle charge semi-increment (k) = 1
Vertical velocity              (m) = 0
Rank search mode used              = simple
Number of particles placed         = 1227313
Solution validates
Rate (Mparticles_moved/s): 19.899670
### code=pic lang=c lto=1 scaling=strong style=PATCH rep=0
Parallel Research Kernels version 2.17
MPI Particle-in-Cell execution on 2D grid
Number of ranks                    = 80
Load balancing                     = None
Grid size                          = 1000
Tiles in x/y-direction             = 8/10
Number of particles requested      = 1228800
Number of time steps               = 100
Initialization mode                = PATCH
  Bounding box                     = 0, 200, 100, 200
Particle charge semi-increment (k) = 1
Vertical velocity              (m) = 0
Rank search mode used              = simple
Number of particles placed         = 1227313
Solution validates
Rate (Mparticles_moved/s): 20.726545
### code=pic lang=rust lto=0 scaling=strong style=PATCH rep=0
Parallel Research Kernels
MPI Particle-in-Cell execution on 2D grid
Number of ranks                    = 80
Load balancing                     = None
Grid size                          = 1000
Tiles in x/y-direction             = 8/10
Number of particles requested      = 1228800
Number of time steps               = 100
Initialization mode            = PATCH
  Bounding box                 = 0, 200, 100, 200
Particle charge semi-increment (k) = 1
Vertical velocity              (m) = 0
Rank search mode used              = simple
Number of particles placed         = 1227313
total time: 5.707646062
Solution validates
Rate (Mparticles_moved/s): 21.529015
### code=pic lang=rust lto=1 scaling=strong style=PATCH rep=0
Parallel Research Kernels
MPI Particle-in-Cell execution on 2D grid
Number of ranks                    = 80
Load balancing                     = None
Grid size                          = 1000
Tiles in x/y-direction             = 8/10
Number of particles requested      = 1228800
Number of time steps               = 100
Initialization mode            = PATCH
  Bounding box                 = 0, 200, 100, 200
Particle charge semi-increment (k) = 1
Vertical velocity              (m) = 0
Rank search mode used              = simple
Number of particles placed         = 1227313
total time: 5.631682368
Solution validates
Rate (Mparticles_moved/s): 21.819412
### code=pic lang=c lto=0 scaling=strong style=GEOMETRIC rep=1
Parallel Research Kernels version 2.17
MPI Particle-in-Cell execution on 2D grid
Number of ranks                    = 80
Load balancing                     = None
Grid size                          = 1000
Tiles in x/y-direction             = 8/10
Number of particles requested      = 1228800
Number of time steps               = 100
Initialization mode                = GEOMETRIC
  Attenuation factor               = 0.990000
Particle charge semi-increment (k) = 1
Vertical velocity              (m) = 2
Rank search mode used              = simple
Number of particles placed         = 1226576
Solution validates
Rate (Mparticles_moved/s): 174.200934
### code=pic lang=c lto=1 scaling=strong style=GEOMETRIC rep=1
Parallel Research Kernels version 2.17
MPI Particle-in-Cell execution on 2D grid
Number of ranks                    = 80
Load balancing                     = None
Grid size                          = 1000
Tiles in x/y-direction             = 8/10
Number of particles requested      = 1228800
Number of time steps               = 100
Initialization mode                = GEOMETRIC
  Attenuation factor               = 0.990000
Particle charge semi-increment (k) = 1
Vertical velocity              (m) = 2
Rank search mode used              = simple
Number of particles placed         = 1226576
Solution validates
Rate (Mparticles_moved/s): 174.970424
### code=pic lang=rust lto=0 scaling=strong style=GEOMETRIC rep=1
Parallel Research Kernels
MPI Particle-in-Cell execution on 2D grid
Number of ranks                    = 80
Load balancing                     = None
Grid size                          = 1000
Tiles in x/y-direction             = 8/10
Number of particles requested      = 1228800
Number of time steps               = 100
Initialization mode            = GEOMETRIC
  Attenuation factor           = 0.990000
Particle charge semi-increment (k) = 1
Vertical velocity              (m) = 2
Rank search mode used              = simple
Number of particles placed         = 1226576
total time: 0.747505191
Solution validates
Rate (Mparticles_moved/s): 164.386818
### code=pic lang=rust lto=1 scaling=strong style=GEOMETRIC rep=1
Parallel Research Kernels
MPI Particle-in-Cell execution on 2D grid
Number of ranks                    = 80
Load balancing                     = None
Grid size                          = 1000
Tiles in x/y-direction             = 8/10
Number of particles requested      = 1228800
Number of time steps               = 100
Initialization mode            = GEOMETRIC
  Attenuation factor           = 0.990000
Particle charge semi-increment (k) = 1
Vertical velocity              (m) = 2
Rank search mode used              = simple
Number of particles placed         = 1226576
total time: 0.699690219
Solution validates
Rate (Mparticles_moved/s): 175.620577
### code=pic lang=c lto=0 scaling=strong style=SINUSOIDAL rep=1
Parallel Research Kernels version 2.17
MPI Particle-in-Cell execution on 2D grid
Number of ranks                    = 80
Load balancing                     = None
Grid size                          = 1000
Tiles in x/y-direction             = 8/10
Number of particles requested      = 1228800
Number of time steps               = 100
Initialization mode                = SINUSOIDAL
Particle charge semi-increment (k) = 0
Vertical velocity              (m) = 1
Rank search mode used              = simple
Number of particles placed         = 1218658
Solution validates
Rate (Mparticles_moved/s): 382.684856
### code=pic lang=c lto=1 scaling=strong style=SINUSOIDAL rep=1
Parallel Research Kernels version 2.17
MPI Particle-in-Cell execution on 2D grid
Number of ranks                    = 80
Load balancing                     = None
Grid size                          = 1000
Tiles in x/y-direction             = 8/10
Number of particles requested      = 1228800
Number of time steps               = 100
Initialization mode                = SINUSOIDAL
Particle charge semi-increment (k) = 0
Vertical velocity              (m) = 1
Rank search mode used              = simple
Number of particles placed         = 1218658
Solution validates
Rate (Mparticles_moved/s): 416.873384
### code=pic lang=rust lto=0 scaling=strong style=SINUSOIDAL rep=1
Parallel Research Kernels
MPI Particle-in-Cell execution on 2D grid
Number of ranks                    = 80
Load balancing                     = None
Grid size                          = 1000
Tiles in x/y-direction             = 8/10
Number of particles requested      = 1228800
Number of time steps               = 100
Initialization mode                = SINUSOIDAL
Particle charge semi-increment (k) = 0
Vertical velocity              (m) = 1
Rank search mode used              = simple
Number of particles placed         = 1218658
total time: 0.417220802
Solution validates
Rate (Mparticles_moved/s): 294.520310
### code=pic lang=rust lto=1 scaling=strong style=SINUSOIDAL rep=1
Parallel Research Kernels
MPI Particle-in-Cell execution on 2D grid
Number of ranks                    = 80
Load balancing                     = None
Grid size                          = 1000
Tiles in x/y-direction             = 8/10
Number of particles requested      = 1228800
Number of time steps               = 100
Initialization mode                = SINUSOIDAL
Particle charge semi-increment (k) = 0
Vertical velocity              (m) = 1
Rank search mode used              = simple
Number of particles placed         = 1218658
total time: 0.41867091
Solution validates
Rate (Mparticles_moved/s): 293.500210
### code=pic lang=c lto=0 scaling=strong style=LINEAR rep=1
Parallel Research Kernels version 2.17
MPI Particle-in-Cell execution on 2D grid
Number of ranks                    = 80
Load balancing                     = None
Grid size                          = 1000
Tiles in x/y-direction             = 8/10
Number of particles requested      = 1228800
Number of time steps               = 100
Initialization mode                = LINEAR
  Negative slope                   = 1.000000
  Offset                           = 3.000000
Particle charge semi-increment (k) = 1
Vertical velocity              (m) = 0
Rank search mode used              = simple
Number of particles placed         = 1129164
Solution validates
Rate (Mparticles_moved/s): 660.509390
### code=pic lang=c lto=1 scaling=strong style=LINEAR rep=1
Parallel Research Kernels version 2.17
MPI Particle-in-Cell execution on 2D grid
Number of ranks                    = 80
Load balancing                     = None
Grid size                          = 1000
Tiles in x/y-direction             = 8/10
Number of particles requested      = 1228800
Number of time steps               = 100
Initialization mode                = LINEAR
  Negative slope                   = 1.000000
  Offset                           = 3.000000
Particle charge semi-increment (k) = 1
Vertical velocity              (m) = 0
Rank search mode used              = simple
Number of particles placed         = 1129164
Solution validates
Rate (Mparticles_moved/s): 639.497844
### code=pic lang=rust lto=0 scaling=strong style=LINEAR rep=1
Parallel Research Kernels
MPI Particle-in-Cell execution on 2D grid
Number of ranks                    = 80
Load balancing                     = None
Grid size                          = 1000
Tiles in x/y-direction             = 8/10
Number of particles requested      = 1228800
Number of time steps               = 100
Initialization mode            = LINEAR
  Negative slope               = 1.000000
  Offset                       = 3.000000
Particle charge semi-increment (k) = 1
Vertical velocity              (m) = 0
Rank search mode used              = simple
Number of particles placed         = 1129164
total time: 0.283683379
Solution validates
Rate (Mparticles_moved/s): 433.158969
### code=pic lang=rust lto=1 scaling=strong style=LINEAR rep=1
Parallel Research Kernels
MPI Particle-in-Cell execution on 2D grid
Number of ranks                    = 80
Load balancing                     = None
Grid size                          = 1000
Tiles in x/y-direction             = 8/10
Number of particles requested      = 1228800
Number of time steps               = 100
Initialization mode            = LINEAR
  Negative slope               = 1.000000
  Offset                       = 3.000000
Particle charge semi-increment (k) = 1
Vertical velocity              (m) = 0
Rank search mode used              = simple
Number of particles placed         = 1129164
total time: 0.252577589
Solution validates
Rate (Mparticles_moved/s): 486.503971
### code=pic lang=c lto=0 scaling=strong style=PATCH rep=1
Parallel Research Kernels version 2.17
MPI Particle-in-Cell execution on 2D grid
Number of ranks                    = 80
Load balancing                     = None
Grid size                          = 1000
Tiles in x/y-direction             = 8/10
Number of particles requested      = 1228800
Number of time steps               = 100
Initialization mode                = PATCH
  Bounding box                     = 0, 200, 100, 200
Particle charge semi-increment (k) = 1
Vertical velocity              (m) = 0
Rank search mode used              = simple
Number of particles placed         = 1227313
Solution validates
Rate (Mparticles_moved/s): 19.946558
### code=pic lang=c lto=1 scaling=strong style=PATCH rep=1
Parallel Research Kernels version 2.17
MPI Particle-in-Cell execution on 2D grid
Number of ranks                    = 80
Load balancing                     = None
Grid size                          = 1000
Tiles in x/y-direction             = 8/10
Number of particles requested      = 1228800
Number of time steps               = 100
Initialization mode                = PATCH
  Bounding box                     = 0, 200, 100, 200
Particle charge semi-increment (k) = 1
Vertical velocity              (m) = 0
Rank search mode used              = simple
Number of particles placed         = 1227313
Solution validates
Rate (Mparticles_moved/s): 20.738249
### code=pic lang=rust lto=0 scaling=strong style=PATCH rep=1
Parallel Research Kernels
MPI Particle-in-Cell execution on 2D grid
Number of ranks                    = 80
Load balancing                     = None
Grid size                          = 1000
Tiles in x/y-direction             = 8/10
Number of particles requested      = 1228800
Number of time steps               = 100
Initialization mode            = PATCH
  Bounding box                 = 0, 200, 100, 200
Particle charge semi-increment (k) = 1
Vertical velocity              (m) = 0
Rank search mode used              = simple
Number of particles placed         = 1227313
total time: 5.6898725500000005
Solution validates
Rate (Mparticles_moved/s): 21.596266
### code=pic lang=rust lto=1 scaling=strong style=PATCH rep=1
Parallel Research Kernels
MPI Particle-in-Cell execution on 2D grid
Number of ranks                    = 80
Load balancing                     = None
Grid size                          = 1000
Tiles in x/y-direction             = 8/10
Number of particles requested      = 1228800
Number of time steps               = 100
Initialization mode            = PATCH
  Bounding box                 = 0, 200, 100, 200
Particle charge semi-increment (k) = 1
Vertical velocity              (m) = 0
Rank search mode used              = simple
Number of particles placed         = 1227313
total time: 5.673046726
Solution validates
Rate (Mparticles_moved/s): 21.660319
### code=pic lang=c lto=0 scaling=strong style=GEOMETRIC rep=2
Parallel Research Kernels version 2.17
MPI Particle-in-Cell execution on 2D grid
Number of ranks                    = 80
Load balancing                     = None
Grid size                          = 1000
Tiles in x/y-direction             = 8/10
Number of particles requested      = 1228800
Number of time steps               = 100
Initialization mode                = GEOMETRIC
  Attenuation factor               = 0.990000
Particle charge semi-increment (k) = 1
Vertical velocity              (m) = 2
Rank search mode used              = simple
Number of particles placed         = 1226576
Solution validates
Rate (Mparticles_moved/s): 179.841324
### code=pic lang=c lto=1 scaling=strong style=GEOMETRIC rep=2
Parallel Research Kernels version 2.17
MPI Particle-in-Cell execution on 2D grid
Number of ranks                    = 80
Load balancing                     = None
Grid size                          = 1000
Tiles in x/y-direction             = 8/10
Number of particles requested      = 1228800
Number of time steps               = 100
Initialization mode                = GEOMETRIC
  Attenuation factor               = 0.990000
Particle charge semi-increment (k) = 1
Vertical velocity              (m) = 2
Rank search mode used              = simple
Number of particles placed         = 1226576
Solution validates
Rate (Mparticles_moved/s): 185.175828
### code=pic lang=rust lto=0 scaling=strong style=GEOMETRIC rep=2
Parallel Research Kernels
MPI Particle-in-Cell execution on 2D grid
Number of ranks                    = 80
Load balancing                     = None
Grid size                          = 1000
Tiles in x/y-direction             = 8/10
Number of particles requested      = 1228800
Number of time steps               = 100
Initialization mode            = GEOMETRIC
  Attenuation factor           = 0.990000
Particle charge semi-increment (k) = 1
Vertical velocity              (m) = 2
Rank search mode used              = simple
Number of particles placed         = 1226576
total time: 0.727531506
Solution validates
Rate (Mparticles_moved/s): 168.899902
### code=pic lang=rust lto=1 scaling=strong style=GEOMETRIC rep=2
Parallel Research Kernels
MPI Particle-in-Cell execution on 2D grid
Number of ranks                    = 80
Load balancing                     = None
Grid size                          = 1000
Tiles in x/y-direction             = 8/10
Number of particles requested      = 1228800
Number of time steps               = 100
Initialization mode            = GEOMETRIC
  Attenuation factor           = 0.990000
Particle charge semi-increment (k) = 1
Vertical velocity              (m) = 2
Rank search mode used              = simple
Number of particles placed         = 1226576
total time: 0.700683316
Solution validates
Rate (Mparticles_moved/s): 175.371665
### code=pic lang=c lto=0 scaling=strong style=SINUSOIDAL rep=2
Parallel Research Kernels version 2.17
MPI Particle-in-Cell execution on 2D grid
Number of ranks                    = 80
Load balancing                     = None
Grid size                          = 1000
Tiles in x/y-direction             = 8/10
Number of particles requested      = 1228800
Number of time steps               = 100
Initialization mode                = SINUSOIDAL
Particle charge semi-increment (k) = 0
Vertical velocity              (m) = 1
Rank search mode used              = simple
Number of particles placed         = 1218658
Solution validates
Rate (Mparticles_moved/s): 342.225516
### code=pic lang=c lto=1 scaling=strong style=SINUSOIDAL rep=2
Parallel Research Kernels version 2.17
MPI Particle-in-Cell execution on 2D grid
Number of ranks                    = 80
Load balancing                     = None
Grid size                          = 1000
Tiles in x/y-direction             = 8/10
Number of particles requested      = 1228800
Number of time steps               = 100
Initialization mode                = SINUSOIDAL
Particle charge semi-increment (k) = 0
Vertical velocity              (m) = 1
Rank search mode used              = simple
Number of particles placed         = 1218658
Solution validates
Rate (Mparticles_moved/s): 370.292016
### code=pic lang=rust lto=0 scaling=strong style=SINUSOIDAL rep=2
Parallel Research Kernels
MPI Particle-in-Cell execution on 2D grid
Number of ranks                    = 80
Load balancing                     = None
Grid size                          = 1000
Tiles in x/y-direction             = 8/10
Number of particles requested      = 1228800
Number of time steps               = 100
Initialization mode                = SINUSOIDAL
Particle charge semi-increment (k) = 0
Vertical velocity              (m) = 1
Rank search mode used              = simple
Number of particles placed         = 1218658
total time: 0.354992506
Solution validates
Rate (Mparticles_moved/s): 346.148152
### code=pic lang=rust lto=1 scaling=strong style=SINUSOIDAL rep=2
Parallel Research Kernels
MPI Particle-in-Cell execution on 2D grid
Number of ranks                    = 80
Load balancing                     = None
Grid size                          = 1000
Tiles in x/y-direction             = 8/10
Number of particles requested      = 1228800
Number of time steps               = 100
Initialization mode                = SINUSOIDAL
Particle charge semi-increment (k) = 0
Vertical velocity              (m) = 1
Rank search mode used              = simple
Number of particles placed         = 1218658
total time: 0.401091431
Solution validates
Rate (Mparticles_moved/s): 306.364062
### code=pic lang=c lto=0 scaling=strong style=LINEAR rep=2
Parallel Research Kernels version 2.17
MPI Particle-in-Cell execution on 2D grid
Number of ranks                    = 80
Load balancing                     = None
Grid size                          = 1000
Tiles in x/y-direction             = 8/10
Number of particles requested      = 1228800
Number of time steps               = 100
Initialization mode                = LINEAR
  Negative slope                   = 1.000000
  Offset                           = 3.000000
Particle charge semi-increment (k) = 1
Vertical velocity              (m) = 0
Rank search mode used              = simple
Number of particles placed         = 1129164
Solution validates
Rate (Mparticles_moved/s): 586.065892
### code=pic lang=c lto=1 scaling=strong style=LINEAR rep=2
Parallel Research Kernels version 2.17
MPI Particle-in-Cell execution on 2D grid
Number of ranks                    = 80
Load balancing                     = None
Grid size                          = 1000
Tiles in x/y-direction             = 8/10
Number of particles requested      = 1228800
Number of time steps               = 100
Initialization mode                = LINEAR
  Negative slope                   = 1.000000
  Offset                           = 3.000000
Particle charge semi-increment (k) = 1
Vertical velocity              (m) = 0
Rank search mode used              = simple
Number of particles placed         = 1129164
Solution validates
Rate (Mparticles_moved/s): 655.182266
### code=pic lang=rust lto=0 scaling=strong style=LINEAR rep=2
Parallel Research Kernels
MPI Particle-in-Cell execution on 2D grid
Number of ranks                    = 80
Load balancing                     = None
Grid size                          = 1000
Tiles in x/y-direction             = 8/10
Number of particles requested      = 1228800
Number of time steps               = 100
Initialization mode            = LINEAR
  Negative slope               = 1.000000
  Offset                       = 3.000000
Particle charge semi-increment (k) = 1
Vertical velocity              (m) = 0
Rank search mode used              = simple
Number of particles placed         = 1129164
total time: 0.267823556
Solution validates
Rate (Mparticles_moved/s): 458.809531
### code=pic lang=rust lto=1 scaling=strong style=LINEAR rep=2
Parallel Research Kernels
MPI Particle-in-Cell execution on 2D grid
Number of ranks                    = 80
Load balancing                     = None
Grid size                          = 1000
Tiles in x/y-direction             = 8/10
Number of particles requested      = 1228800
Number of time steps               = 100
Initialization mode            = LINEAR
  Negative slope               = 1.000000
  Offset                       = 3.000000
Particle charge semi-increment (k) = 1
Vertical velocity              (m) = 0
Rank search mode used              = simple
Number of particles placed         = 1129164
total time: 0.291899868
Solution validates
Rate (Mparticles_moved/s): 420.966275
### code=pic lang=c lto=0 scaling=strong style=PATCH rep=2
Parallel Research Kernels version 2.17
MPI Particle-in-Cell execution on 2D grid
Number of ranks                    = 80
Load balancing                     = None
Grid size                          = 1000
Tiles in x/y-direction             = 8/10
Number of particles requested      = 1228800
Number of time steps               = 100
Initialization mode                = PATCH
  Bounding box                     = 0, 200, 100, 200
Particle charge semi-increment (k) = 1
Vertical velocity              (m) = 0
Rank search mode used              = simple
Number of particles placed         = 1227313
Solution validates
Rate (Mparticles_moved/s): 19.908529
### code=pic lang=c lto=1 scaling=strong style=PATCH rep=2
Parallel Research Kernels version 2.17
MPI Particle-in-Cell execution on 2D grid
Number of ranks                    = 80
Load balancing                     = None
Grid size                          = 1000
Tiles in x/y-direction             = 8/10
Number of particles requested      = 1228800
Number of time steps               = 100
Initialization mode                = PATCH
  Bounding box                     = 0, 200, 100, 200
Particle charge semi-increment (k) = 1
Vertical velocity              (m) = 0
Rank search mode used              = simple
Number of particles placed         = 1227313
Solution validates
Rate (Mparticles_moved/s): 20.741393
### code=pic lang=rust lto=0 scaling=strong style=PATCH rep=2
Parallel Research Kernels
MPI Particle-in-Cell execution on 2D grid
Number of ranks                    = 80
Load balancing                     = None
Grid size                          = 1000
Tiles in x/y-direction             = 8/10
Number of particles requested      = 1228800
Number of time steps               = 100
Initialization mode            = PATCH
  Bounding box                 = 0, 200, 100, 200
Particle charge semi-increment (k) = 1
Vertical velocity              (m) = 0
Rank search mode used              = simple
Number of particles placed         = 1227313
total time: 5.734199404
Solution validates
Rate (Mparticles_moved/s): 21.429321
### code=pic lang=rust lto=1 scaling=strong style=PATCH rep=2
Parallel Research Kernels
MPI Particle-in-Cell execution on 2D grid
Number of ranks                    = 80
Load balancing                     = None
Grid size                          = 1000
Tiles in x/y-direction             = 8/10
Number of particles requested      = 1228800
Number of time steps               = 100
Initialization mode            = PATCH
  Bounding box                 = 0, 200, 100, 200
Particle charge semi-increment (k) = 1
Vertical velocity              (m) = 0
Rank search mode used              = simple
Number of particles placed         = 1227313
total time: 5.782950912
Solution validates
Rate (Mparticles_moved/s): 21.248667
### code=pic lang=c lto=0 scaling=strong style=GEOMETRIC rep=3
Parallel Research Kernels version 2.17
MPI Particle-in-Cell execution on 2D grid
Number of ranks                    = 80
Load balancing                     = None
Grid size                          = 1000
Tiles in x/y-direction             = 8/10
Number of particles requested      = 1228800
Number of time steps               = 100
Initialization mode                = GEOMETRIC
  Attenuation factor               = 0.990000
Particle charge semi-increment (k) = 1
Vertical velocity              (m) = 2
Rank search mode used              = simple
Number of particles placed         = 1226576
Solution validates
Rate (Mparticles_moved/s): 169.318335
### code=pic lang=c lto=1 scaling=strong style=GEOMETRIC rep=3
Parallel Research Kernels version 2.17
MPI Particle-in-Cell execution on 2D grid
Number of ranks                    = 80
Load balancing                     = None
Grid size                          = 1000
Tiles in x/y-direction             = 8/10
Number of particles requested      = 1228800
Number of time steps               = 100
Initialization mode                = GEOMETRIC
  Attenuation factor               = 0.990000
Particle charge semi-increment (k) = 1
Vertical velocity              (m) = 2
Rank search mode used              = simple
Number of particles placed         = 1226576
Solution validates
Rate (Mparticles_moved/s): 175.883373
### code=pic lang=rust lto=0 scaling=strong style=GEOMETRIC rep=3
Parallel Research Kernels
MPI Particle-in-Cell execution on 2D grid
Number of ranks                    = 80
Load balancing                     = None
Grid size                          = 1000
Tiles in x/y-direction             = 8/10
Number of particles requested      = 1228800
Number of time steps               = 100
Initialization mode            = GEOMETRIC
  Attenuation factor           = 0.990000
Particle charge semi-increment (k) = 1
Vertical velocity              (m) = 2
Rank search mode used              = simple
Number of particles placed         = 1226576
total time: 0.852882556
Solution validates
Rate (Mparticles_moved/s): 144.076109
### code=pic lang=rust lto=1 scaling=strong style=GEOMETRIC rep=3
Parallel Research Kernels
MPI Particle-in-Cell execution on 2D grid
Number of ranks                    = 80
Load balancing                     = None
Grid size                          = 1000
Tiles in x/y-direction             = 8/10
Number of particles requested      = 1228800
Number of time steps               = 100
Initialization mode            = GEOMETRIC
  Attenuation factor           = 0.990000
Particle charge semi-increment (k) = 1
Vertical velocity              (m) = 2
Rank search mode used              = simple
Number of particles placed         = 1226576
total time: 0.805016031
Solution validates
Rate (Mparticles_moved/s): 152.642923
### code=pic lang=c lto=0 scaling=strong style=SINUSOIDAL rep=3
Parallel Research Kernels version 2.17
MPI Particle-in-Cell execution on 2D grid
Number of ranks                    = 80
Load balancing                     = None
Grid size                          = 1000
Tiles in x/y-direction             = 8/10
Number of particles requested      = 1228800
Number of time steps               = 100
Initialization mode                = SINUSOIDAL
Particle charge semi-increment (k) = 0
Vertical velocity              (m) = 1
Rank search mode used              = simple
Number of particles placed         = 1218658
Solution validates
Rate (Mparticles_moved/s): 436.427187
### code=pic lang=c lto=1 scaling=strong style=SINUSOIDAL rep=3
Parallel Research Kernels version 2.17
MPI Particle-in-Cell execution on 2D grid
Number of ranks                    = 80
Load balancing                     = None
Grid size                          = 1000
Tiles in x/y-direction             = 8/10
Number of particles requested      = 1228800
Number of time steps               = 100
Initialization mode                = SINUSOIDAL
Particle charge semi-increment (k) = 0
Vertical velocity              (m) = 1
Rank search mode used              = simple
Number of particles placed         = 1218658
Solution validates
Rate (Mparticles_moved/s): 379.333636
### code=pic lang=rust lto=0 scaling=strong style=SINUSOIDAL rep=3
Parallel Research Kernels
MPI Particle-in-Cell execution on 2D grid
Number of ranks                    = 80
Load balancing                     = None
Grid size                          = 1000
Tiles in x/y-direction             = 8/10
Number of particles requested      = 1228800
Number of time steps               = 100
Initialization mode                = SINUSOIDAL
Particle charge semi-increment (k) = 0
Vertical velocity              (m) = 1
Rank search mode used              = simple
Number of particles placed         = 1218658
total time: 0.363319633
Solution validates
Rate (Mparticles_moved/s): 338.214588
### code=pic lang=rust lto=1 scaling=strong style=SINUSOIDAL rep=3
Parallel Research Kernels
MPI Particle-in-Cell execution on 2D grid
Number of ranks                    = 80
Load balancing                     = None
Grid size                          = 1000
Tiles in x/y-direction             = 8/10
Number of particles requested      = 1228800
Number of time steps               = 100
Initialization mode                = SINUSOIDAL
Particle charge semi-increment (k) = 0
Vertical velocity              (m) = 1
Rank search mode used              = simple
Number of particles placed         = 1218658
total time: 0.350203633
Solution validates
Rate (Mparticles_moved/s): 350.881568
### code=pic lang=c lto=0 scaling=strong style=LINEAR rep=3
Parallel Research Kernels version 2.17
MPI Particle-in-Cell execution on 2D grid
Number of ranks                    = 80
Load balancing                     = None
Grid size                          = 1000
Tiles in x/y-direction             = 8/10
Number of particles requested      = 1228800
Number of time steps               = 100
Initialization mode                = LINEAR
  Negative slope                   = 1.000000
  Offset                           = 3.000000
Particle charge semi-increment (k) = 1
Vertical velocity              (m) = 0
Rank search mode used              = simple
Number of particles placed         = 1129164
Solution validates
Rate (Mparticles_moved/s): 564.154140
### code=pic lang=c lto=1 scaling=strong style=LINEAR rep=3
Parallel Research Kernels version 2.17
MPI Particle-in-Cell execution on 2D grid
Number of ranks                    = 80
Load balancing                     = None
Grid size                          = 1000
Tiles in x/y-direction             = 8/10
Number of particles requested      = 1228800
Number of time steps               = 100
Initialization mode                = LINEAR
  Negative slope                   = 1.000000
  Offset                           = 3.000000
Particle charge semi-increment (k) = 1
Vertical velocity              (m) = 0
Rank search mode used              = simple
Number of particles placed         = 1129164
Solution validates
Rate (Mparticles_moved/s): 604.385710
### code=pic lang=rust lto=0 scaling=strong style=LINEAR rep=3
Parallel Research Kernels
MPI Particle-in-Cell execution on 2D grid
Number of ranks                    = 80
Load balancing                     = None
Grid size                          = 1000
Tiles in x/y-direction             = 8/10
Number of particles requested      = 1228800
Number of time steps               = 100
Initialization mode            = LINEAR
  Negative slope               = 1.000000
  Offset                       = 3.000000
Particle charge semi-increment (k) = 1
Vertical velocity              (m) = 0
Rank search mode used              = simple
Number of particles placed         = 1129164
total time: 0.22681535
Solution validates
Rate (Mparticles_moved/s): 541.762275
### code=pic lang=rust lto=1 scaling=strong style=LINEAR rep=3
Parallel Research Kernels
MPI Particle-in-Cell execution on 2D grid
Number of ranks                    = 80
Load balancing                     = None
Grid size                          = 1000
Tiles in x/y-direction             = 8/10
Number of particles requested      = 1228800
Number of time steps               = 100
Initialization mode            = LINEAR
  Negative slope               = 1.000000
  Offset                       = 3.000000
Particle charge semi-increment (k) = 1
Vertical velocity              (m) = 0
Rank search mode used              = simple
Number of particles placed         = 1129164
total time: 0.333610975
Solution validates
Rate (Mparticles_moved/s): 368.333206
### code=pic lang=c lto=0 scaling=strong style=PATCH rep=3
Parallel Research Kernels version 2.17
MPI Particle-in-Cell execution on 2D grid
Number of ranks                    = 80
Load balancing                     = None
Grid size                          = 1000
Tiles in x/y-direction             = 8/10
Number of particles requested      = 1228800
Number of time steps               = 100
Initialization mode                = PATCH
  Bounding box                     = 0, 200, 100, 200
Particle charge semi-increment (k) = 1
Vertical velocity              (m) = 0
Rank search mode used              = simple
Number of particles placed         = 1227313
Solution validates
Rate (Mparticles_moved/s): 19.935274
### code=pic lang=c lto=1 scaling=strong style=PATCH rep=3
Parallel Research Kernels version 2.17
MPI Particle-in-Cell execution on 2D grid
Number of ranks                    = 80
Load balancing                     = None
Grid size                          = 1000
Tiles in x/y-direction             = 8/10
Number of particles requested      = 1228800
Number of time steps               = 100
Initialization mode                = PATCH
  Bounding box                     = 0, 200, 100, 200
Particle charge semi-increment (k) = 1
Vertical velocity              (m) = 0
Rank search mode used              = simple
Number of particles placed         = 1227313
Solution validates
Rate (Mparticles_moved/s): 20.742486
### code=pic lang=rust lto=0 scaling=strong style=PATCH rep=3
Parallel Research Kernels
MPI Particle-in-Cell execution on 2D grid
Number of ranks                    = 80
Load balancing                     = None
Grid size                          = 1000
Tiles in x/y-direction             = 8/10
Number of particles requested      = 1228800
Number of time steps               = 100
Initialization mode            = PATCH
  Bounding box                 = 0, 200, 100, 200
Particle charge semi-increment (k) = 1
Vertical velocity              (m) = 0
Rank search mode used              = simple
Number of particles placed         = 1227313
total time: 5.7328858480000005
Solution validates
Rate (Mparticles_moved/s): 21.434231
### code=pic lang=rust lto=1 scaling=strong style=PATCH rep=3
Parallel Research Kernels
MPI Particle-in-Cell execution on 2D grid
Number of ranks                    = 80
Load balancing                     = None
Grid size                          = 1000
Tiles in x/y-direction             = 8/10
Number of particles requested      = 1228800
Number of time steps               = 100
Initialization mode            = PATCH
  Bounding box                 = 0, 200, 100, 200
Particle charge semi-increment (k) = 1
Vertical velocity              (m) = 0
Rank search mode used              = simple
Number of particles placed         = 1227313
total time: 5.625233716
Solution validates
Rate (Mparticles_moved/s): 21.844426
### code=pic lang=c lto=0 scaling=strong style=GEOMETRIC rep=4
Parallel Research Kernels version 2.17
MPI Particle-in-Cell execution on 2D grid
Number of ranks                    = 80
Load balancing                     = None
Grid size                          = 1000
Tiles in x/y-direction             = 8/10
Number of particles requested      = 1228800
Number of time steps               = 100
Initialization mode                = GEOMETRIC
  Attenuation factor               = 0.990000
Particle charge semi-increment (k) = 1
Vertical velocity              (m) = 2
Rank search mode used              = simple
Number of particles placed         = 1226576
Solution validates
Rate (Mparticles_moved/s): 167.847807
### code=pic lang=c lto=1 scaling=strong style=GEOMETRIC rep=4
Parallel Research Kernels version 2.17
MPI Particle-in-Cell execution on 2D grid
Number of ranks                    = 80
Load balancing                     = None
Grid size                          = 1000
Tiles in x/y-direction             = 8/10
Number of particles requested      = 1228800
Number of time steps               = 100
Initialization mode                = GEOMETRIC
  Attenuation factor               = 0.990000
Particle charge semi-increment (k) = 1
Vertical velocity              (m) = 2
Rank search mode used              = simple
Number of particles placed         = 1226576
Solution validates
Rate (Mparticles_moved/s): 163.204837
### code=pic lang=rust lto=0 scaling=strong style=GEOMETRIC rep=4
Parallel Research Kernels
MPI Particle-in-Cell execution on 2D grid
Number of ranks                    = 80
Load balancing                     = None
Grid size                          = 1000
Tiles in x/y-direction             = 8/10
Number of particles requested      = 1228800
Number of time steps               = 100
Initialization mode            = GEOMETRIC
  Attenuation factor           = 0.990000
Particle charge semi-increment (k) = 1
Vertical velocity              (m) = 2
Rank search mode used              = simple
Number of particles placed         = 1226576
total time: 0.737726824
Solution validates
Rate (Mparticles_moved/s): 166.565721
### code=pic lang=rust lto=1 scaling=strong style=GEOMETRIC rep=4
Parallel Research Kernels
MPI Particle-in-Cell execution on 2D grid
Number of ranks                    = 80
Load balancing                     = None
Grid size                          = 1000
Tiles in x/y-direction             = 8/10
Number of particles requested      = 1228800
Number of time steps               = 100
Initialization mode            = GEOMETRIC
  Attenuation factor           = 0.990000
Particle charge semi-increment (k) = 1
Vertical velocity              (m) = 2
Rank search mode used              = simple
Number of particles placed         = 1226576
total time: 0.698453957
Solution validates
Rate (Mparticles_moved/s): 175.931425
### code=pic lang=c lto=0 scaling=strong style=SINUSOIDAL rep=4
Parallel Research Kernels version 2.17
MPI Particle-in-Cell execution on 2D grid
Number of ranks                    = 80
Load balancing                     = None
Grid size                          = 1000
Tiles in x/y-direction             = 8/10
Number of particles requested      = 1228800
Number of time steps               = 100
Initialization mode                = SINUSOIDAL
Particle charge semi-increment (k) = 0
Vertical velocity              (m) = 1
Rank search mode used              = simple
Number of particles placed         = 1218658
Solution validates
Rate (Mparticles_moved/s): 391.093366
### code=pic lang=c lto=1 scaling=strong style=SINUSOIDAL rep=4
Parallel Research Kernels version 2.17
MPI Particle-in-Cell execution on 2D grid
Number of ranks                    = 80
Load balancing                     = None
Grid size                          = 1000
Tiles in x/y-direction             = 8/10
Number of particles requested      = 1228800
Number of time steps               = 100
Initialization mode                = SINUSOIDAL
Particle charge semi-increment (k) = 0
Vertical velocity              (m) = 1
Rank search mode used              = simple
Number of particles placed         = 1218658
Solution validates
Rate (Mparticles_moved/s): 407.155185
### code=pic lang=rust lto=0 scaling=strong style=SINUSOIDAL rep=4
Parallel Research Kernels
MPI Particle-in-Cell execution on 2D grid
Number of ranks                    = 80
Load balancing                     = None
Grid size                          = 1000
Tiles in x/y-direction             = 8/10
Number of particles requested      = 1228800
Number of time steps               = 100
Initialization mode                = SINUSOIDAL
Particle charge semi-increment (k) = 0
Vertical velocity              (m) = 1
Rank search mode used              = simple
Number of particles placed         = 1218658
total time: 0.40205113
Solution validates
Rate (Mparticles_moved/s): 305.632769
### code=pic lang=rust lto=1 scaling=strong style=SINUSOIDAL rep=4
Parallel Research Kernels
MPI Particle-in-Cell execution on 2D grid
Number of ranks                    = 80
Load balancing                     = None
Grid size                          = 1000
Tiles in x/y-direction             = 8/10
Number of particles requested      = 1228800
Number of time steps               = 100
Initialization mode                = SINUSOIDAL
Particle charge semi-increment (k) = 0
Vertical velocity              (m) = 1
Rank search mode used              = simple
Number of particles placed         = 1218658
total time: 0.363362925
Solution validates
Rate (Mparticles_moved/s): 338.174292
### code=pic lang=c lto=0 scaling=strong style=LINEAR rep=4
Parallel Research Kernels version 2.17
MPI Particle-in-Cell execution on 2D grid
Number of ranks                    = 80
Load balancing                     = None
Grid size                          = 1000
Tiles in x/y-direction             = 8/10
Number of particles requested      = 1228800
Number of time steps               = 100
Initialization mode                = LINEAR
  Negative slope                   = 1.000000
  Offset                           = 3.000000
Particle charge semi-increment (k) = 1
Vertical velocity              (m) = 0
Rank search mode used              = simple
Number of particles placed         = 1129164
Solution validates
Rate (Mparticles_moved/s): 573.544036
### code=pic lang=c lto=1 scaling=strong style=LINEAR rep=4
Parallel Research Kernels version 2.17
MPI Particle-in-Cell execution on 2D grid
Number of ranks                    = 80
Load balancing                     = None
Grid size                          = 1000
Tiles in x/y-direction             = 8/10
Number of particles requested      = 1228800
Number of time steps               = 100
Initialization mode                = LINEAR
  Negative slope                   = 1.000000
  Offset                           = 3.000000
Particle charge semi-increment (k) = 1
Vertical velocity              (m) = 0
Rank search mode used              = simple
Number of particles placed         = 1129164
Solution validates
Rate (Mparticles_moved/s): 643.611066
### code=pic lang=rust lto=0 scaling=strong style=LINEAR rep=4
Parallel Research Kernels
MPI Particle-in-Cell execution on 2D grid
Number of ranks                    = 80
Load balancing                     = None
Grid size                          = 1000
Tiles in x/y-direction             = 8/10
Number of particles requested      = 1228800
Number of time steps               = 100
Initialization mode            = LINEAR
  Negative slope               = 1.000000
  Offset                       = 3.000000
Particle charge semi-increment (k) = 1
Vertical velocity              (m) = 0
Rank search mode used              = simple
Number of particles placed         = 1129164
total time: 0.235512295
Solution validates
Rate (Mparticles_moved/s): 521.756200
### code=pic lang=rust lto=1 scaling=strong style=LINEAR rep=4
Parallel Research Kernels
MPI Particle-in-Cell execution on 2D grid
Number of ranks                    = 80
Load balancing                     = None
Grid size                          = 1000
Tiles in x/y-direction             = 8/10
Number of particles requested      = 1228800
Number of time steps               = 100
Initialization mode            = LINEAR
  Negative slope               = 1.000000
  Offset                       = 3.000000
Particle charge semi-increment (k) = 1
Vertical velocity              (m) = 0
Rank search mode used              = simple
Number of particles placed         = 1129164
total time: 0.303739889
Solution validates
Rate (Mparticles_moved/s): 404.556676
### code=pic lang=c lto=0 scaling=strong style=PATCH rep=4
Parallel Research Kernels version 2.17
MPI Particle-in-Cell execution on 2D grid
Number of ranks                    = 80
Load balancing                     = None
Grid size                          = 1000
Tiles in x/y-direction             = 8/10
Number of particles requested      = 1228800
Number of time steps               = 100
Initialization mode                = PATCH
  Bounding box                     = 0, 200, 100, 200
Particle charge semi-increment (k) = 1
Vertical velocity              (m) = 0
Rank search mode used              = simple
Number of particles placed         = 1227313
Solution validates
Rate (Mparticles_moved/s): 19.939274
### code=pic lang=c lto=1 scaling=strong style=PATCH rep=4
Parallel Research Kernels version 2.17
MPI Particle-in-Cell execution on 2D grid
Number of ranks                    = 80
Load balancing                     = None
Grid size                          = 1000
Tiles in x/y-direction             = 8/10
Number of particles requested      = 1228800
Number of time steps               = 100
Initialization mode                = PATCH
  Bounding box                     = 0, 200, 100, 200
Particle charge semi-increment (k) = 1
Vertical velocity              (m) = 0
Rank search mode used              = simple
Number of particles placed         = 1227313
Solution validates
Rate (Mparticles_moved/s): 20.723699
### code=pic lang=rust lto=0 scaling=strong style=PATCH rep=4
Parallel Research Kernels
MPI Particle-in-Cell execution on 2D grid
Number of ranks                    = 80
Load balancing                     = None
Grid size                          = 1000
Tiles in x/y-direction             = 8/10
Number of particles requested      = 1228800
Number of time steps               = 100
Initialization mode            = PATCH
  Bounding box                 = 0, 200, 100, 200
Particle charge semi-increment (k) = 1
Vertical velocity              (m) = 0
Rank search mode used              = simple
Number of particles placed         = 1227313
total time: 5.814352869
Solution validates
Rate (Mparticles_moved/s): 21.133908
### code=pic lang=rust lto=1 scaling=strong style=PATCH rep=4
Parallel Research Kernels
MPI Particle-in-Cell execution on 2D grid
Number of ranks                    = 80
Load balancing                     = None
Grid size                          = 1000
Tiles in x/y-direction             = 8/10
Number of particles requested      = 1228800
Number of time steps               = 100
Initialization mode            = PATCH
  Bounding box                 = 0, 200, 100, 200
Particle charge semi-increment (k) = 1
Vertical velocity              (m) = 0
Rank search mode used              = simple
Number of particles placed         = 1227313
total time: 5.6558439499999995
Solution validates
Rate (Mparticles_moved/s): 21.726201
### code=pic lang=c lto=0 scaling=strong style=GEOMETRIC rep=5
Parallel Research Kernels version 2.17
MPI Particle-in-Cell execution on 2D grid
Number of ranks                    = 80
Load balancing                     = None
Grid size                          = 1000
Tiles in x/y-direction             = 8/10
Number of particles requested      = 1228800
Number of time steps               = 100
Initialization mode                = GEOMETRIC
  Attenuation factor               = 0.990000
Particle charge semi-increment (k) = 1
Vertical velocity              (m) = 2
Rank search mode used              = simple
Number of particles placed         = 1226576
Solution validates
Rate (Mparticles_moved/s): 168.207594
### code=pic lang=c lto=1 scaling=strong style=GEOMETRIC rep=5
Parallel Research Kernels version 2.17
MPI Particle-in-Cell execution on 2D grid
Number of ranks                    = 80
Load balancing                     = None
Grid size                          = 1000
Tiles in x/y-direction             = 8/10
Number of particles requested      = 1228800
Number of time steps               = 100
Initialization mode                = GEOMETRIC
  Attenuation factor               = 0.990000
Particle charge semi-increment (k) = 1
Vertical velocity              (m) = 2
Rank search mode used              = simple
Number of particles placed         = 1226576
Solution validates
Rate (Mparticles_moved/s): 177.136703
### code=pic lang=rust lto=0 scaling=strong style=GEOMETRIC rep=5
Parallel Research Kernels
MPI Particle-in-Cell execution on 2D grid
Number of ranks                    = 80
Load balancing                     = None
Grid size                          = 1000
Tiles in x/y-direction             = 8/10
Number of particles requested      = 1228800
Number of time steps               = 100
Initialization mode            = GEOMETRIC
  Attenuation factor           = 0.990000
Particle charge semi-increment (k) = 1
Vertical velocity              (m) = 2
Rank search mode used              = simple
Number of particles placed         = 1226576
total time: 0.693117566
Solution validates
Rate (Mparticles_moved/s): 177.285941
### code=pic lang=rust lto=1 scaling=strong style=GEOMETRIC rep=5
Parallel Research Kernels
MPI Particle-in-Cell execution on 2D grid
Number of ranks                    = 80
Load balancing                     = None
Grid size                          = 1000
Tiles in x/y-direction             = 8/10
Number of particles requested      = 1228800
Number of time steps               = 100
Initialization mode            = GEOMETRIC
  Attenuation factor           = 0.990000
Particle charge semi-increment (k) = 1
Vertical velocity              (m) = 2
Rank search mode used              = simple
Number of particles placed         = 1226576
total time: 0.689332981
Solution validates
Rate (Mparticles_moved/s): 178.259279
### code=pic lang=c lto=0 scaling=strong style=SINUSOIDAL rep=5
Parallel Research Kernels version 2.17
MPI Particle-in-Cell execution on 2D grid
Number of ranks                    = 80
Load balancing                     = None
Grid size                          = 1000
Tiles in x/y-direction             = 8/10
Number of particles requested      = 1228800
Number of time steps               = 100
Initialization mode                = SINUSOIDAL
Particle charge semi-increment (k) = 0
Vertical velocity              (m) = 1
Rank search mode used              = simple
Number of particles placed         = 1218658
Solution validates
Rate (Mparticles_moved/s): 387.319910
### code=pic lang=c lto=1 scaling=strong style=SINUSOIDAL rep=5
Parallel Research Kernels version 2.17
MPI Particle-in-Cell execution on 2D grid
Number of ranks                    = 80
Load balancing                     = None
Grid size                          = 1000
Tiles in x/y-direction             = 8/10
Number of particles requested      = 1228800
Number of time steps               = 100
Initialization mode                = SINUSOIDAL
Particle charge semi-increment (k) = 0
Vertical velocity              (m) = 1
Rank search mode used              = simple
Number of particles placed         = 1218658
Solution validates
Rate (Mparticles_moved/s): 398.185071
### code=pic lang=rust lto=0 scaling=strong style=SINUSOIDAL rep=5
Parallel Research Kernels
MPI Particle-in-Cell execution on 2D grid
Number of ranks                    = 80
Load balancing                     = None
Grid size                          = 1000
Tiles in x/y-direction             = 8/10
Number of particles requested      = 1228800
Number of time steps               = 100
Initialization mode                = SINUSOIDAL
Particle charge semi-increment (k) = 0
Vertical velocity              (m) = 1
Rank search mode used              = simple
Number of particles placed         = 1218658
total time: 0.412286511
Solution validates
Rate (Mparticles_moved/s): 298.045162
### code=pic lang=rust lto=1 scaling=strong style=SINUSOIDAL rep=5
Parallel Research Kernels
MPI Particle-in-Cell execution on 2D grid
Number of ranks                    = 80
Load balancing                     = None
Grid size                          = 1000
Tiles in x/y-direction             = 8/10
Number of particles requested      = 1228800
Number of time steps               = 100
Initialization mode                = SINUSOIDAL
Particle charge semi-increment (k) = 0
Vertical velocity              (m) = 1
Rank search mode used              = simple
Number of particles placed         = 1218658
total time: 0.364822067
Solution validates
Rate (Mparticles_moved/s): 336.821731
### code=pic lang=c lto=0 scaling=strong style=LINEAR rep=5
Parallel Research Kernels version 2.17
MPI Particle-in-Cell execution on 2D grid
Number of ranks                    = 80
Load balancing                     = None
Grid size                          = 1000
Tiles in x/y-direction             = 8/10
Number of particles requested      = 1228800
Number of time steps               = 100
Initialization mode                = LINEAR
  Negative slope                   = 1.000000
  Offset                           = 3.000000
Particle charge semi-increment (k) = 1
Vertical velocity              (m) = 0
Rank search mode used              = simple
Number of particles placed         = 1129164
Solution validates
Rate (Mparticles_moved/s): 551.746857
### code=pic lang=c lto=1 scaling=strong style=LINEAR rep=5
Parallel Research Kernels version 2.17
MPI Particle-in-Cell execution on 2D grid
Number of ranks                    = 80
Load balancing                     = None
Grid size                          = 1000
Tiles in x/y-direction             = 8/10
Number of particles requested      = 1228800
Number of time steps               = 100
Initialization mode                = LINEAR
  Negative slope                   = 1.000000
  Offset                           = 3.000000
Particle charge semi-increment (k) = 1
Vertical velocity              (m) = 0
Rank search mode used              = simple
Number of particles placed         = 1129164
Solution validates
Rate (Mparticles_moved/s): 624.471043
### code=pic lang=rust lto=0 scaling=strong style=LINEAR rep=5
Parallel Research Kernels
MPI Particle-in-Cell execution on 2D grid
Number of ranks                    = 80
Load balancing                     = None
Grid size                          = 1000
Tiles in x/y-direction             = 8/10
Number of particles requested      = 1228800
Number of time steps               = 100
Initialization mode            = LINEAR
  Negative slope               = 1.000000
  Offset                       = 3.000000
Particle charge semi-increment (k) = 1
Vertical velocity              (m) = 0
Rank search mode used              = simple
Number of particles placed         = 1129164
total time: 0.236154544
Solution validates
Rate (Mparticles_moved/s): 520.337225
### code=pic lang=rust lto=1 scaling=strong style=LINEAR rep=5
Parallel Research Kernels
MPI Particle-in-Cell execution on 2D grid
Number of ranks                    = 80
Load balancing                     = None
Grid size                          = 1000
Tiles in x/y-direction             = 8/10
Number of particles requested      = 1228800
Number of time steps               = 100
Initialization mode            = LINEAR
  Negative slope               = 1.000000
  Offset                       = 3.000000
Particle charge semi-increment (k) = 1
Vertical velocity              (m) = 0
Rank search mode used              = simple
Number of particles placed         = 1129164
total time: 0.22327317
Solution validates
Rate (Mparticles_moved/s): 550.357215
### code=pic lang=c lto=0 scaling=strong style=PATCH rep=5
Parallel Research Kernels version 2.17
MPI Particle-in-Cell execution on 2D grid
Number of ranks                    = 80
Load balancing                     = None
Grid size                          = 1000
Tiles in x/y-direction             = 8/10
Number of particles requested      = 1228800
Number of time steps               = 100
Initialization mode                = PATCH
  Bounding box                     = 0, 200, 100, 200
Particle charge semi-increment (k) = 1
Vertical velocity              (m) = 0
Rank search mode used              = simple
Number of particles placed         = 1227313
Solution validates
Rate (Mparticles_moved/s): 19.952535
### code=pic lang=c lto=1 scaling=strong style=PATCH rep=5
Parallel Research Kernels version 2.17
MPI Particle-in-Cell execution on 2D grid
Number of ranks                    = 80
Load balancing                     = None
Grid size                          = 1000
Tiles in x/y-direction             = 8/10
Number of particles requested      = 1228800
Number of time steps               = 100
Initialization mode                = PATCH
  Bounding box                     = 0, 200, 100, 200
Particle charge semi-increment (k) = 1
Vertical velocity              (m) = 0
Rank search mode used              = simple
Number of particles placed         = 1227313
Solution validates
Rate (Mparticles_moved/s): 20.694814
### code=pic lang=rust lto=0 scaling=strong style=PATCH rep=5
Parallel Research Kernels
MPI Particle-in-Cell execution on 2D grid
Number of ranks                    = 80
Load balancing                     = None
Grid size                          = 1000
Tiles in x/y-direction             = 8/10
Number of particles requested      = 1228800
Number of time steps               = 100
Initialization mode            = PATCH
  Bounding box                 = 0, 200, 100, 200
Particle charge semi-increment (k) = 1
Vertical velocity              (m) = 0
Rank search mode used              = simple
Number of particles placed         = 1227313
total time: 5.6890440380000005
Solution validates
Rate (Mparticles_moved/s): 21.599411
### code=pic lang=rust lto=1 scaling=strong style=PATCH rep=5
Parallel Research Kernels
MPI Particle-in-Cell execution on 2D grid
Number of ranks                    = 80
Load balancing                     = None
Grid size                          = 1000
Tiles in x/y-direction             = 8/10
Number of particles requested      = 1228800
Number of time steps               = 100
Initialization mode            = PATCH
  Bounding box                 = 0, 200, 100, 200
Particle charge semi-increment (k) = 1
Vertical velocity              (m) = 0
Rank search mode used              = simple
Number of particles placed         = 1227313
total time: 5.629582615
Solution validates
Rate (Mparticles_moved/s): 21.827551
### code=pic lang=c lto=0 scaling=strong style=GEOMETRIC rep=6
Parallel Research Kernels version 2.17
MPI Particle-in-Cell execution on 2D grid
Number of ranks                    = 80
Load balancing                     = None
Grid size                          = 1000
Tiles in x/y-direction             = 8/10
Number of particles requested      = 1228800
Number of time steps               = 100
Initialization mode                = GEOMETRIC
  Attenuation factor               = 0.990000
Particle charge semi-increment (k) = 1
Vertical velocity              (m) = 2
Rank search mode used              = simple
Number of particles placed         = 1226576
Solution validates
Rate (Mparticles_moved/s): 169.748903
### code=pic lang=c lto=1 scaling=strong style=GEOMETRIC rep=6
Parallel Research Kernels version 2.17
MPI Particle-in-Cell execution on 2D grid
Number of ranks                    = 80
Load balancing                     = None
Grid size                          = 1000
Tiles in x/y-direction             = 8/10
Number of particles requested      = 1228800
Number of time steps               = 100
Initialization mode                = GEOMETRIC
  Attenuation factor               = 0.990000
Particle charge semi-increment (k) = 1
Vertical velocity              (m) = 2
Rank search mode used              = simple
Number of particles placed         = 1226576
Solution validates
Rate (Mparticles_moved/s): 188.168310
### code=pic lang=rust lto=0 scaling=strong style=GEOMETRIC rep=6
Parallel Research Kernels
MPI Particle-in-Cell execution on 2D grid
Number of ranks                    = 80
Load balancing                     = None
Grid size                          = 1000
Tiles in x/y-direction             = 8/10
Number of particles requested      = 1228800
Number of time steps               = 100
Initialization mode            = GEOMETRIC
  Attenuation factor           = 0.990000
Particle charge semi-increment (k) = 1
Vertical velocity              (m) = 2
Rank search mode used              = simple
Number of particles placed         = 1226576
total time: 0.713509594
Solution validates
Rate (Mparticles_moved/s): 172.219128
### code=pic lang=rust lto=1 scaling=strong style=GEOMETRIC rep=6
Parallel Research Kernels
MPI Particle-in-Cell execution on 2D grid
Number of ranks                    = 80
Load balancing                     = None
Grid size                          = 1000
Tiles in x/y-direction             = 8/10
Number of particles requested      = 1228800
Number of time steps               = 100
Initialization mode            = GEOMETRIC
  Attenuation factor           = 0.990000
Particle charge semi-increment (k) = 1
Vertical velocity              (m) = 2
Rank search mode used              = simple
Number of particles placed         = 1226576
total time: 0.716667386
Solution validates
Rate (Mparticles_moved/s): 171.460293
### code=pic lang=c lto=0 scaling=strong style=SINUSOIDAL rep=6
Parallel Research Kernels version 2.17
MPI Particle-in-Cell execution on 2D grid
Number of ranks                    = 80
Load balancing                     = None
Grid size                          = 1000
Tiles in x/y-direction             = 8/10
Number of particles requested      = 1228800
Number of time steps               = 100
Initialization mode                = SINUSOIDAL
Particle charge semi-increment (k) = 0
Vertical velocity              (m) = 1
Rank search mode used              = simple
Number of particles placed         = 1218658
Solution validates
Rate (Mparticles_moved/s): 337.622932
### code=pic lang=c lto=1 scaling=strong style=SINUSOIDAL rep=6
Parallel Research Kernels version 2.17
MPI Particle-in-Cell execution on 2D grid
Number of ranks                    = 80
Load balancing                     = None
Grid size                          = 1000
Tiles in x/y-direction             = 8/10
Number of particles requested      = 1228800
Number of time steps               = 100
Initialization mode                = SINUSOIDAL
Particle charge semi-increment (k) = 0
Vertical velocity              (m) = 1
Rank search mode used              = simple
Number of particles placed         = 1218658
Solution validates
Rate (Mparticles_moved/s): 388.622100
### code=pic lang=rust lto=0 scaling=strong style=SINUSOIDAL rep=6
Parallel Research Kernels
MPI Particle-in-Cell execution on 2D grid
Number of ranks                    = 80
Load balancing                     = None
Grid size                          = 1000
Tiles in x/y-direction             = 8/10
Number of particles requested      = 1228800
Number of time steps               = 100
Initialization mode                = SINUSOIDAL
Particle charge semi-increment (k) = 0
Vertical velocity              (m) = 1
Rank search mode used              = simple
Number of particles placed         = 1218658
total time: 0.360510767
Solution validates
Rate (Mparticles_moved/s): 340.849737
### code=pic lang=rust lto=1 scaling=strong style=SINUSOIDAL rep=6
Parallel Research Kernels
MPI Particle-in-Cell execution on 2D grid
Number of ranks                    = 80
Load balancing                     = None
Grid size                          = 1000
Tiles in x/y-direction             = 8/10
Number of particles requested      = 1228800
Number of time steps               = 100
Initialization mode                = SINUSOIDAL
Particle charge semi-increment (k) = 0
Vertical velocity              (m) = 1
Rank search mode used              = simple
Number of particles placed         = 1218658
total time: 0.339845347
Solution validates
Rate (Mparticles_moved/s): 361.576232
### code=pic lang=c lto=0 scaling=strong style=LINEAR rep=6
Parallel Research Kernels version 2.17
MPI Particle-in-Cell execution on 2D grid
Number of ranks                    = 80
Load balancing                     = None
Grid size                          = 1000
Tiles in x/y-direction             = 8/10
Number of particles requested      = 1228800
Number of time steps               = 100
Initialization mode                = LINEAR
  Negative slope                   = 1.000000
  Offset                           = 3.000000
Particle charge semi-increment (k) = 1
Vertical velocity              (m) = 0
Rank search mode used              = simple
Number of particles placed         = 1129164
Solution validates
Rate (Mparticles_moved/s): 557.558390
### code=pic lang=c lto=1 scaling=strong style=LINEAR rep=6
Parallel Research Kernels version 2.17
MPI Particle-in-Cell execution on 2D grid
Number of ranks                    = 80
Load balancing                     = None
Grid size                          = 1000
Tiles in x/y-direction             = 8/10
Number of particles requested      = 1228800
Number of time steps               = 100
Initialization mode                = LINEAR
  Negative slope                   = 1.000000
  Offset                           = 3.000000
Particle charge semi-increment (k) = 1
Vertical velocity              (m) = 0
Rank search mode used              = simple
Number of particles placed         = 1129164
Solution validates
Rate (Mparticles_moved/s): 617.001881
### code=pic lang=rust lto=0 scaling=strong style=LINEAR rep=6
Parallel Research Kernels
MPI Particle-in-Cell execution on 2D grid
Number of ranks                    = 80
Load balancing                     = None
Grid size                          = 1000
Tiles in x/y-direction             = 8/10
Number of particles requested      = 1228800
Number of time steps               = 100
Initialization mode            = LINEAR
  Negative slope               = 1.000000
  Offset                       = 3.000000
Particle charge semi-increment (k) = 1
Vertical velocity              (m) = 0
Rank search mode used              = simple
Number of particles placed         = 1129164
total time: 0.310817829
Solution validates
Rate (Mparticles_moved/s): 395.344117
### code=pic lang=rust lto=1 scaling=strong style=LINEAR rep=6
Parallel Research Kernels
MPI Particle-in-Cell execution on 2D grid
Number of ranks                    = 80
Load balancing                     = None
Grid size                          = 1000
Tiles in x/y-direction             = 8/10
Number of particles requested      = 1228800
Number of time steps               = 100
Initialization mode            = LINEAR
  Negative slope               = 1.000000
  Offset                       = 3.000000
Particle charge semi-increment (k) = 1
Vertical velocity              (m) = 0
Rank search mode used              = simple
Number of particles placed         = 1129164
total time: 0.257191554
Solution validates
Rate (Mparticles_moved/s): 477.776187
### code=pic lang=c lto=0 scaling=strong style=PATCH rep=6
Parallel Research Kernels version 2.17
MPI Particle-in-Cell execution on 2D grid
Number of ranks                    = 80
Load balancing                     = None
Grid size                          = 1000
Tiles in x/y-direction             = 8/10
Number of particles requested      = 1228800
Number of time steps               = 100
Initialization mode                = PATCH
  Bounding box                     = 0, 200, 100, 200
Particle charge semi-increment (k) = 1
Vertical velocity              (m) = 0
Rank search mode used              = simple
Number of particles placed         = 1227313
Solution validates
Rate (Mparticles_moved/s): 19.915097
### code=pic lang=c lto=1 scaling=strong style=PATCH rep=6
Parallel Research Kernels version 2.17
MPI Particle-in-Cell execution on 2D grid
Number of ranks                    = 80
Load balancing                     = None
Grid size                          = 1000
Tiles in x/y-direction             = 8/10
Number of particles requested      = 1228800
Number of time steps               = 100
Initialization mode                = PATCH
  Bounding box                     = 0, 200, 100, 200
Particle charge semi-increment (k) = 1
Vertical velocity              (m) = 0
Rank search mode used              = simple
Number of particles placed         = 1227313
Solution validates
Rate (Mparticles_moved/s): 20.759991
### code=pic lang=rust lto=0 scaling=strong style=PATCH rep=6
Parallel Research Kernels
MPI Particle-in-Cell execution on 2D grid
Number of ranks                    = 80
Load balancing                     = None
Grid size                          = 1000
Tiles in x/y-direction             = 8/10
Number of particles requested      = 1228800
Number of time steps               = 100
Initialization mode            = PATCH
  Bounding box                 = 0, 200, 100, 200
Particle charge semi-increment (k) = 1
Vertical velocity              (m) = 0
Rank search mode used              = simple
Number of particles placed         = 1227313
total time: 5.719849298
Solution validates
Rate (Mparticles_moved/s): 21.483083
### code=pic lang=rust lto=1 scaling=strong style=PATCH rep=6
Parallel Research Kernels
MPI Particle-in-Cell execution on 2D grid
Number of ranks                    = 80
Load balancing                     = None
Grid size                          = 1000
Tiles in x/y-direction             = 8/10
Number of particles requested      = 1228800
Number of time steps               = 100
Initialization mode            = PATCH
  Bounding box                 = 0, 200, 100, 200
Particle charge semi-increment (k) = 1
Vertical velocity              (m) = 0
Rank search mode used              = simple
Number of particles placed         = 1227313
total time: 5.634881317
Solution validates
Rate (Mparticles_moved/s): 21.807025
### code=pic lang=c lto=0 scaling=strong style=GEOMETRIC rep=7
Parallel Research Kernels version 2.17
MPI Particle-in-Cell execution on 2D grid
Number of ranks                    = 80
Load balancing                     = None
Grid size                          = 1000
Tiles in x/y-direction             = 8/10
Number of particles requested      = 1228800
Number of time steps               = 100
Initialization mode                = GEOMETRIC
  Attenuation factor               = 0.990000
Particle charge semi-increment (k) = 1
Vertical velocity              (m) = 2
Rank search mode used              = simple
Number of particles placed         = 1226576
Solution validates
Rate (Mparticles_moved/s): 168.827594
### code=pic lang=c lto=1 scaling=strong style=GEOMETRIC rep=7
Parallel Research Kernels version 2.17
MPI Particle-in-Cell execution on 2D grid
Number of ranks                    = 80
Load balancing                     = None
Grid size                          = 1000
Tiles in x/y-direction             = 8/10
Number of particles requested      = 1228800
Number of time steps               = 100
Initialization mode                = GEOMETRIC
  Attenuation factor               = 0.990000
Particle charge semi-increment (k) = 1
Vertical velocity              (m) = 2
Rank search mode used              = simple
Number of particles placed         = 1226576
Solution validates
Rate (Mparticles_moved/s): 176.960372
### code=pic lang=rust lto=0 scaling=strong style=GEOMETRIC rep=7
Parallel Research Kernels
MPI Particle-in-Cell execution on 2D grid
Number of ranks                    = 80
Load balancing                     = None
Grid size                          = 1000
Tiles in x/y-direction             = 8/10
Number of particles requested      = 1228800
Number of time steps               = 100
Initialization mode            = GEOMETRIC
  Attenuation factor           = 0.990000
Particle charge semi-increment (k) = 1
Vertical velocity              (m) = 2
Rank search mode used              = simple
Number of particles placed         = 1226576
total time: 0.693095713
Solution validates
Rate (Mparticles_moved/s): 177.291531
### code=pic lang=rust lto=1 scaling=strong style=GEOMETRIC rep=7
Parallel Research Kernels
MPI Particle-in-Cell execution on 2D grid
Number of ranks                    = 80
Load balancing                     = None
Grid size                          = 1000
Tiles in x/y-direction             = 8/10
Number of particles requested      = 1228800
Number of time steps               = 100
Initialization mode            = GEOMETRIC
  Attenuation factor           = 0.990000
Particle charge semi-increment (k) = 1
Vertical velocity              (m) = 2
Rank search mode used              = simple
Number of particles placed         = 1226576
total time: 0.709785324
Solution validates
Rate (Mparticles_moved/s): 173.122768
### code=pic lang=c lto=0 scaling=strong style=SINUSOIDAL rep=7
Parallel Research Kernels version 2.17
MPI Particle-in-Cell execution on 2D grid
Number of ranks                    = 80
Load balancing                     = None
Grid size                          = 1000
Tiles in x/y-direction             = 8/10
Number of particles requested      = 1228800
Number of time steps               = 100
Initialization mode                = SINUSOIDAL
Particle charge semi-increment (k) = 0
Vertical velocity              (m) = 1
Rank search mode used              = simple
Number of particles placed         = 1218658
Solution validates
Rate (Mparticles_moved/s): 411.675619
### code=pic lang=c lto=1 scaling=strong style=SINUSOIDAL rep=7
Parallel Research Kernels version 2.17
MPI Particle-in-Cell execution on 2D grid
Number of ranks                    = 80
Load balancing                     = None
Grid size                          = 1000
Tiles in x/y-direction             = 8/10
Number of particles requested      = 1228800
Number of time steps               = 100
Initialization mode                = SINUSOIDAL
Particle charge semi-increment (k) = 0
Vertical velocity              (m) = 1
Rank search mode used              = simple
Number of particles placed         = 1218658
Solution validates
Rate (Mparticles_moved/s): 443.270419
### code=pic lang=rust lto=0 scaling=strong style=SINUSOIDAL rep=7
Parallel Research Kernels
MPI Particle-in-Cell execution on 2D grid
Number of ranks                    = 80
Load balancing                     = None
Grid size                          = 1000
Tiles in x/y-direction             = 8/10
Number of particles requested      = 1228800
Number of time steps               = 100
Initialization mode                = SINUSOIDAL
Particle charge semi-increment (k) = 0
Vertical velocity              (m) = 1
Rank search mode used              = simple
Number of particles placed         = 1218658
total time: 0.310143953
Solution validates
Rate (Mparticles_moved/s): 396.203114
### code=pic lang=rust lto=1 scaling=strong style=SINUSOIDAL rep=7
Parallel Research Kernels
MPI Particle-in-Cell execution on 2D grid
Number of ranks                    = 80
Load balancing                     = None
Grid size                          = 1000
Tiles in x/y-direction             = 8/10
Number of particles requested      = 1228800
Number of time steps               = 100
Initialization mode                = SINUSOIDAL
Particle charge semi-increment (k) = 0
Vertical velocity              (m) = 1
Rank search mode used              = simple
Number of particles placed         = 1218658
total time: 0.387433073
Solution validates
Rate (Mparticles_moved/s): 317.164456
### code=pic lang=c lto=0 scaling=strong style=LINEAR rep=7
Parallel Research Kernels version 2.17
MPI Particle-in-Cell execution on 2D grid
Number of ranks                    = 80
Load balancing                     = None
Grid size                          = 1000
Tiles in x/y-direction             = 8/10
Number of particles requested      = 1228800
Number of time steps               = 100
Initialization mode                = LINEAR
  Negative slope                   = 1.000000
  Offset                           = 3.000000
Particle charge semi-increment (k) = 1
Vertical velocity              (m) = 0
Rank search mode used              = simple
Number of particles placed         = 1129164
Solution validates
Rate (Mparticles_moved/s): 596.019839
### code=pic lang=c lto=1 scaling=strong style=LINEAR rep=7
Parallel Research Kernels version 2.17
MPI Particle-in-Cell execution on 2D grid
Number of ranks                    = 80
Load balancing                     = None
Grid size                          = 1000
Tiles in x/y-direction             = 8/10
Number of particles requested      = 1228800
Number of time steps               = 100
Initialization mode                = LINEAR
  Negative slope                   = 1.000000
  Offset                           = 3.000000
Particle charge semi-increment (k) = 1
Vertical velocity              (m) = 0
Rank search mode used              = simple
Number of particles placed         = 1129164
Solution validates
Rate (Mparticles_moved/s): 653.728954
### code=pic lang=rust lto=0 scaling=strong style=LINEAR rep=7
Parallel Research Kernels
MPI Particle-in-Cell execution on 2D grid
Number of ranks                    = 80
Load balancing                     = None
Grid size                          = 1000
Tiles in x/y-direction             = 8/10
Number of particles requested      = 1228800
Number of time steps               = 100
Initialization mode            = LINEAR
  Negative slope               = 1.000000
  Offset                       = 3.000000
Particle charge semi-increment (k) = 1
Vertical velocity              (m) = 0
Rank search mode used              = simple
Number of particles placed         = 1129164
total time: 0.209156301
Solution validates
Rate (Mparticles_moved/s): 587.503218
### code=pic lang=rust lto=1 scaling=strong style=LINEAR rep=7
Parallel Research Kernels
MPI Particle-in-Cell execution on 2D grid
Number of ranks                    = 80
Load balancing                     = None
Grid size                          = 1000
Tiles in x/y-direction             = 8/10
Number of particles requested      = 1228800
Number of time steps               = 100
Initialization mode            = LINEAR
  Negative slope               = 1.000000
  Offset                       = 3.000000
Particle charge semi-increment (k) = 1
Vertical velocity              (m) = 0
Rank search mode used              = simple
Number of particles placed         = 1129164
total time: 0.309630157
Solution validates
Rate (Mparticles_moved/s): 396.860568
### code=pic lang=c lto=0 scaling=strong style=PATCH rep=7
Parallel Research Kernels version 2.17
MPI Particle-in-Cell execution on 2D grid
Number of ranks                    = 80
Load balancing                     = None
Grid size                          = 1000
Tiles in x/y-direction             = 8/10
Number of particles requested      = 1228800
Number of time steps               = 100
Initialization mode                = PATCH
  Bounding box                     = 0, 200, 100, 200
Particle charge semi-increment (k) = 1
Vertical velocity              (m) = 0
Rank search mode used              = simple
Number of particles placed         = 1227313
Solution validates
Rate (Mparticles_moved/s): 19.891169
### code=pic lang=c lto=1 scaling=strong style=PATCH rep=7
Parallel Research Kernels version 2.17
MPI Particle-in-Cell execution on 2D grid
Number of ranks                    = 80
Load balancing                     = None
Grid size                          = 1000
Tiles in x/y-direction             = 8/10
Number of particles requested      = 1228800
Number of time steps               = 100
Initialization mode                = PATCH
  Bounding box                     = 0, 200, 100, 200
Particle charge semi-increment (k) = 1
Vertical velocity              (m) = 0
Rank search mode used              = simple
Number of particles placed         = 1227313
Solution validates
Rate (Mparticles_moved/s): 20.727893
### code=pic lang=rust lto=0 scaling=strong style=PATCH rep=7
Parallel Research Kernels
MPI Particle-in-Cell execution on 2D grid
Number of ranks                    = 80
Load balancing                     = None
Grid size                          = 1000
Tiles in x/y-direction             = 8/10
Number of particles requested      = 1228800
Number of time steps               = 100
Initialization mode            = PATCH
  Bounding box                 = 0, 200, 100, 200
Particle charge semi-increment (k) = 1
Vertical velocity              (m) = 0
Rank search mode used              = simple
Number of particles placed         = 1227313
total time: 5.787147611
Solution validates
Rate (Mparticles_moved/s): 21.233258
### code=pic lang=rust lto=1 scaling=strong style=PATCH rep=7
Parallel Research Kernels
MPI Particle-in-Cell execution on 2D grid
Number of ranks                    = 80
Load balancing                     = None
Grid size                          = 1000
Tiles in x/y-direction             = 8/10
Number of particles requested      = 1228800
Number of time steps               = 100
Initialization mode            = PATCH
  Bounding box                 = 0, 200, 100, 200
Particle charge semi-increment (k) = 1
Vertical velocity              (m) = 0
Rank search mode used              = simple
Number of particles placed         = 1227313
total time: 5.669842
Solution validates
Rate (Mparticles_moved/s): 21.672562
### code=pic lang=c lto=0 scaling=strong style=GEOMETRIC rep=8
Parallel Research Kernels version 2.17
MPI Particle-in-Cell execution on 2D grid
Number of ranks                    = 80
Load balancing                     = None
Grid size                          = 1000
Tiles in x/y-direction             = 8/10
Number of particles requested      = 1228800
Number of time steps               = 100
Initialization mode                = GEOMETRIC
  Attenuation factor               = 0.990000
Particle charge semi-increment (k) = 1
Vertical velocity              (m) = 2
Rank search mode used              = simple
Number of particles placed         = 1226576
Solution validates
Rate (Mparticles_moved/s): 171.818103
### code=pic lang=c lto=1 scaling=strong style=GEOMETRIC rep=8
Parallel Research Kernels version 2.17
MPI Particle-in-Cell execution on 2D grid
Number of ranks                    = 80
Load balancing                     = None
Grid size                          = 1000
Tiles in x/y-direction             = 8/10
Number of particles requested      = 1228800
Number of time steps               = 100
Initialization mode                = GEOMETRIC
  Attenuation factor               = 0.990000
Particle charge semi-increment (k) = 1
Vertical velocity              (m) = 2
Rank search mode used              = simple
Number of particles placed         = 1226576
Solution validates
Rate (Mparticles_moved/s): 180.811352
### code=pic lang=rust lto=0 scaling=strong style=GEOMETRIC rep=8
Parallel Research Kernels
MPI Particle-in-Cell execution on 2D grid
Number of ranks                    = 80
Load balancing                     = None
Grid size                          = 1000
Tiles in x/y-direction             = 8/10
Number of particles requested      = 1228800
Number of time steps               = 100
Initialization mode            = GEOMETRIC
  Attenuation factor           = 0.990000
Particle charge semi-increment (k) = 1
Vertical velocity              (m) = 2
Rank search mode used              = simple
Number of particles placed         = 1226576
total time: 0.709888794
Solution validates
Rate (Mparticles_moved/s): 173.097534
### code=pic lang=rust lto=1 scaling=strong style=GEOMETRIC rep=8
Parallel Research Kernels
MPI Particle-in-Cell execution on 2D grid
Number of ranks                    = 80
Load balancing                     = None
Grid size                          = 1000
Tiles in x/y-direction             = 8/10
Number of particles requested      = 1228800
Number of time steps               = 100
Initialization mode            = GEOMETRIC
  Attenuation factor           = 0.990000
Particle charge semi-increment (k) = 1
Vertical velocity              (m) = 2
Rank search mode used              = simple
Number of particles placed         = 1226576
total time: 0.74298279
Solution validates
Rate (Mparticles_moved/s): 165.387411
### code=pic lang=c lto=0 scaling=strong style=SINUSOIDAL rep=8
Parallel Research Kernels version 2.17
MPI Particle-in-Cell execution on 2D grid
Number of ranks                    = 80
Load balancing                     = None
Grid size                          = 1000
Tiles in x/y-direction             = 8/10
Number of particles requested      = 1228800
Number of time steps               = 100
Initialization mode                = SINUSOIDAL
Particle charge semi-increment (k) = 0
Vertical velocity              (m) = 1
Rank search mode used              = simple
Number of particles placed         = 1218658
Solution validates
Rate (Mparticles_moved/s): 352.461068
### code=pic lang=c lto=1 scaling=strong style=SINUSOIDAL rep=8
Parallel Research Kernels version 2.17
MPI Particle-in-Cell execution on 2D grid
Number of ranks                    = 80
Load balancing                     = None
Grid size                          = 1000
Tiles in x/y-direction             = 8/10
Number of particles requested      = 1228800
Number of time steps               = 100
Initialization mode                = SINUSOIDAL
Particle charge semi-increment (k) = 0
Vertical velocity              (m) = 1
Rank search mode used              = simple
Number of particles placed         = 1218658
Solution validates
Rate (Mparticles_moved/s): 390.734010
### code=pic lang=rust lto=0 scaling=strong style=SINUSOIDAL rep=8
Parallel Research Kernels
MPI Particle-in-Cell execution on 2D grid
Number of ranks                    = 80
Load balancing                     = None
Grid size                          = 1000
Tiles in x/y-direction             = 8/10
Number of particles requested      = 1228800
Number of time steps               = 100
Initialization mode                = SINUSOIDAL
Particle charge semi-increment (k) = 0
Vertical velocity              (m) = 1
Rank search mode used              = simple
Number of particles placed         = 1218658
total time: 0.412927949
Solution validates
Rate (Mparticles_moved/s): 297.582182
### code=pic lang=rust lto=1 scaling=strong style=SINUSOIDAL rep=8
Parallel Research Kernels
MPI Particle-in-Cell execution on 2D grid
Number of ranks                    = 80
Load balancing                     = None
Grid size                          = 1000
Tiles in x/y-direction             = 8/10
Number of particles requested      = 1228800
Number of time steps               = 100
Initialization mode                = SINUSOIDAL
Particle charge semi-increment (k) = 0
Vertical velocity              (m) = 1
Rank search mode used              = simple
Number of particles placed         = 1218658
total time: 0.351345793
Solution validates
Rate (Mparticles_moved/s): 349.740917
### code=pic lang=c lto=0 scaling=strong style=LINEAR rep=8
Parallel Research Kernels version 2.17
MPI Particle-in-Cell execution on 2D grid
Number of ranks                    = 80
Load balancing                     = None
Grid size                          = 1000
Tiles in x/y-direction             = 8/10
Number of particles requested      = 1228800
Number of time steps               = 100
Initialization mode                = LINEAR
  Negative slope                   = 1.000000
  Offset                           = 3.000000
Particle charge semi-increment (k) = 1
Vertical velocity              (m) = 0
Rank search mode used              = simple
Number of particles placed         = 1129164
Solution validates
Rate (Mparticles_moved/s): 577.187838
### code=pic lang=c lto=1 scaling=strong style=LINEAR rep=8
Parallel Research Kernels version 2.17
MPI Particle-in-Cell execution on 2D grid
Number of ranks                    = 80
Load balancing                     = None
Grid size                          = 1000
Tiles in x/y-direction             = 8/10
Number of particles requested      = 1228800
Number of time steps               = 100
Initialization mode                = LINEAR
  Negative slope                   = 1.000000
  Offset                           = 3.000000
Particle charge semi-increment (k) = 1
Vertical velocity              (m) = 0
Rank search mode used              = simple
Number of particles placed         = 1129164
Solution validates
Rate (Mparticles_moved/s): 636.358114
### code=pic lang=rust lto=0 scaling=strong style=LINEAR rep=8
Parallel Research Kernels
MPI Particle-in-Cell execution on 2D grid
Number of ranks                    = 80
Load balancing                     = None
Grid size                          = 1000
Tiles in x/y-direction             = 8/10
Number of particles requested      = 1228800
Number of time steps               = 100
Initialization mode            = LINEAR
  Negative slope               = 1.000000
  Offset                       = 3.000000
Particle charge semi-increment (k) = 1
Vertical velocity              (m) = 0
Rank search mode used              = simple
Number of particles placed         = 1129164
total time: 0.300175182
Solution validates
Rate (Mparticles_moved/s): 409.360958
### code=pic lang=rust lto=1 scaling=strong style=LINEAR rep=8
Parallel Research Kernels
MPI Particle-in-Cell execution on 2D grid
Number of ranks                    = 80
Load balancing                     = None
Grid size                          = 1000
Tiles in x/y-direction             = 8/10
Number of particles requested      = 1228800
Number of time steps               = 100
Initialization mode            = LINEAR
  Negative slope               = 1.000000
  Offset                       = 3.000000
Particle charge semi-increment (k) = 1
Vertical velocity              (m) = 0
Rank search mode used              = simple
Number of particles placed         = 1129164
total time: 0.254517563
Solution validates
Rate (Mparticles_moved/s): 482.795759
### code=pic lang=c lto=0 scaling=strong style=PATCH rep=8
Parallel Research Kernels version 2.17
MPI Particle-in-Cell execution on 2D grid
Number of ranks                    = 80
Load balancing                     = None
Grid size                          = 1000
Tiles in x/y-direction             = 8/10
Number of particles requested      = 1228800
Number of time steps               = 100
Initialization mode                = PATCH
  Bounding box                     = 0, 200, 100, 200
Particle charge semi-increment (k) = 1
Vertical velocity              (m) = 0
Rank search mode used              = simple
Number of particles placed         = 1227313
Solution validates
Rate (Mparticles_moved/s): 19.928557
### code=pic lang=c lto=1 scaling=strong style=PATCH rep=8
Parallel Research Kernels version 2.17
MPI Particle-in-Cell execution on 2D grid
Number of ranks                    = 80
Load balancing                     = None
Grid size                          = 1000
Tiles in x/y-direction             = 8/10
Number of particles requested      = 1228800
Number of time steps               = 100
Initialization mode                = PATCH
  Bounding box                     = 0, 200, 100, 200
Particle charge semi-increment (k) = 1
Vertical velocity              (m) = 0
Rank search mode used              = simple
Number of particles placed         = 1227313
Solution validates
Rate (Mparticles_moved/s): 20.715622
### code=pic lang=rust lto=0 scaling=strong style=PATCH rep=8
Parallel Research Kernels
MPI Particle-in-Cell execution on 2D grid
Number of ranks                    = 80
Load balancing                     = None
Grid size                          = 1000
Tiles in x/y-direction             = 8/10
Number of particles requested      = 1228800
Number of time steps               = 100
Initialization mode            = PATCH
  Bounding box                 = 0, 200, 100, 200
Particle charge semi-increment (k) = 1
Vertical velocity              (m) = 0
Rank search mode used              = simple
Number of particles placed         = 1227313
total time: 5.75841477
Solution validates
Rate (Mparticles_moved/s): 21.339206
### code=pic lang=rust lto=1 scaling=strong style=PATCH rep=8
Parallel Research Kernels
MPI Particle-in-Cell execution on 2D grid
Number of ranks                    = 80
Load balancing                     = None
Grid size                          = 1000
Tiles in x/y-direction             = 8/10
Number of particles requested      = 1228800
Number of time steps               = 100
Initialization mode            = PATCH
  Bounding box                 = 0, 200, 100, 200
Particle charge semi-increment (k) = 1
Vertical velocity              (m) = 0
Rank search mode used              = simple
Number of particles placed         = 1227313
total time: 5.657675233
Solution validates
Rate (Mparticles_moved/s): 21.719168
### code=pic lang=c lto=0 scaling=strong style=GEOMETRIC rep=9
Parallel Research Kernels version 2.17
MPI Particle-in-Cell execution on 2D grid
Number of ranks                    = 80
Load balancing                     = None
Grid size                          = 1000
Tiles in x/y-direction             = 8/10
Number of particles requested      = 1228800
Number of time steps               = 100
Initialization mode                = GEOMETRIC
  Attenuation factor               = 0.990000
Particle charge semi-increment (k) = 1
Vertical velocity              (m) = 2
Rank search mode used              = simple
Number of particles placed         = 1226576
Solution validates
Rate (Mparticles_moved/s): 168.661106
### code=pic lang=c lto=1 scaling=strong style=GEOMETRIC rep=9
Parallel Research Kernels version 2.17
MPI Particle-in-Cell execution on 2D grid
Number of ranks                    = 80
Load balancing                     = None
Grid size                          = 1000
Tiles in x/y-direction             = 8/10
Number of particles requested      = 1228800
Number of time steps               = 100
Initialization mode                = GEOMETRIC
  Attenuation factor               = 0.990000
Particle charge semi-increment (k) = 1
Vertical velocity              (m) = 2
Rank search mode used              = simple
Number of particles placed         = 1226576
Solution validates
Rate (Mparticles_moved/s): 163.585225
### code=pic lang=rust lto=0 scaling=strong style=GEOMETRIC rep=9
Parallel Research Kernels
MPI Particle-in-Cell execution on 2D grid
Number of ranks                    = 80
Load balancing                     = None
Grid size                          = 1000
Tiles in x/y-direction             = 8/10
Number of particles requested      = 1228800
Number of time steps               = 100
Initialization mode            = GEOMETRIC
  Attenuation factor           = 0.990000
Particle charge semi-increment (k) = 1
Vertical velocity              (m) = 2
Rank search mode used              = simple
Number of particles placed         = 1226576
total time: 0.765844087
Solution validates
Rate (Mparticles_moved/s): 160.450413
### code=pic lang=rust lto=1 scaling=strong style=GEOMETRIC rep=9
Parallel Research Kernels
MPI Particle-in-Cell execution on 2D grid
Number of ranks                    = 80
Load balancing                     = None
Grid size                          = 1000
Tiles in x/y-direction             = 8/10
Number of particles requested      = 1228800
Number of time steps               = 100
Initialization mode            = GEOMETRIC
  Attenuation factor           = 0.990000
Particle charge semi-increment (k) = 1
Vertical velocity              (m) = 2
Rank search mode used              = simple
Number of particles placed         = 1226576
total time: 0.659125513
Solution validates
Rate (Mparticles_moved/s): 186.428833
### code=pic lang=c lto=0 scaling=strong style=SINUSOIDAL rep=9
Parallel Research Kernels version 2.17
MPI Particle-in-Cell execution on 2D grid
Number of ranks                    = 80
Load balancing                     = None
Grid size                          = 1000
Tiles in x/y-direction             = 8/10
Number of particles requested      = 1228800
Number of time steps               = 100
Initialization mode                = SINUSOIDAL
Particle charge semi-increment (k) = 0
Vertical velocity              (m) = 1
Rank search mode used              = simple
Number of particles placed         = 1218658
Solution validates
Rate (Mparticles_moved/s): 383.280291
### code=pic lang=c lto=1 scaling=strong style=SINUSOIDAL rep=9
Parallel Research Kernels version 2.17
MPI Particle-in-Cell execution on 2D grid
Number of ranks                    = 80
Load balancing                     = None
Grid size                          = 1000
Tiles in x/y-direction             = 8/10
Number of particles requested      = 1228800
Number of time steps               = 100
Initialization mode                = SINUSOIDAL
Particle charge semi-increment (k) = 0
Vertical velocity              (m) = 1
Rank search mode used              = simple
Number of particles placed         = 1218658
Solution validates
Rate (Mparticles_moved/s): 374.309870
### code=pic lang=rust lto=0 scaling=strong style=SINUSOIDAL rep=9
Parallel Research Kernels
MPI Particle-in-Cell execution on 2D grid
Number of ranks                    = 80
Load balancing                     = None
Grid size                          = 1000
Tiles in x/y-direction             = 8/10
Number of particles requested      = 1228800
Number of time steps               = 100
Initialization mode                = SINUSOIDAL
Particle charge semi-increment (k) = 0
Vertical velocity              (m) = 1
Rank search mode used              = simple
Number of particles placed         = 1218658
total time: 0.375633488
Solution validates
Rate (Mparticles_moved/s): 327.127383
### code=pic lang=rust lto=1 scaling=strong style=SINUSOIDAL rep=9
Parallel Research Kernels
MPI Particle-in-Cell execution on 2D grid
Number of ranks                    = 80
Load balancing                     = None
Grid size                          = 1000
Tiles in x/y-direction             = 8/10
Number of particles requested      = 1228800
Number of time steps               = 100
Initialization mode                = SINUSOIDAL
Particle charge semi-increment (k) = 0
Vertical velocity              (m) = 1
Rank search mode used              = simple
Number of particles placed         = 1218658
total time: 0.345664563
Solution validates
Rate (Mparticles_moved/s): 355.489145
### code=pic lang=c lto=0 scaling=strong style=LINEAR rep=9
Parallel Research Kernels version 2.17
MPI Particle-in-Cell execution on 2D grid
Number of ranks                    = 80
Load balancing                     = None
Grid size                          = 1000
Tiles in x/y-direction             = 8/10
Number of particles requested      = 1228800
Number of time steps               = 100
Initialization mode                = LINEAR
  Negative slope                   = 1.000000
  Offset                           = 3.000000
Particle charge semi-increment (k) = 1
Vertical velocity              (m) = 0
Rank search mode used              = simple
Number of particles placed         = 1129164
Solution validates
Rate (Mparticles_moved/s): 594.195259
### code=pic lang=c lto=1 scaling=strong style=LINEAR rep=9
Parallel Research Kernels version 2.17
MPI Particle-in-Cell execution on 2D grid
Number of ranks                    = 80
Load balancing                     = None
Grid size                          = 1000
Tiles in x/y-direction             = 8/10
Number of particles requested      = 1228800
Number of time steps               = 100
Initialization mode                = LINEAR
  Negative slope                   = 1.000000
  Offset                           = 3.000000
Particle charge semi-increment (k) = 1
Vertical velocity              (m) = 0
Rank search mode used              = simple
Number of particles placed         = 1129164
Solution validates
Rate (Mparticles_moved/s): 663.753960
### code=pic lang=rust lto=0 scaling=strong style=LINEAR rep=9
Parallel Research Kernels
MPI Particle-in-Cell execution on 2D grid
Number of ranks                    = 80
Load balancing                     = None
Grid size                          = 1000
Tiles in x/y-direction             = 8/10
Number of particles requested      = 1228800
Number of time steps               = 100
Initialization mode            = LINEAR
  Negative slope               = 1.000000
  Offset                       = 3.000000
Particle charge semi-increment (k) = 1
Vertical velocity              (m) = 0
Rank search mode used              = simple
Number of particles placed         = 1129164
total time: 0.256338767
Solution validates
Rate (Mparticles_moved/s): 479.365651
### code=pic lang=rust lto=1 scaling=strong style=LINEAR rep=9
Parallel Research Kernels
MPI Particle-in-Cell execution on 2D grid
Number of ranks                    = 80
Load balancing                     = None
Grid size                          = 1000
Tiles in x/y-direction             = 8/10
Number of particles requested      = 1228800
Number of time steps               = 100
Initialization mode            = LINEAR
  Negative slope               = 1.000000
  Offset                       = 3.000000
Particle charge semi-increment (k) = 1
Vertical velocity              (m) = 0
Rank search mode used              = simple
Number of particles placed         = 1129164
total time: 0.322880764
Solution validates
Rate (Mparticles_moved/s): 380.573926
### code=pic lang=c lto=0 scaling=strong style=PATCH rep=9
Parallel Research Kernels version 2.17
MPI Particle-in-Cell execution on 2D grid
Number of ranks                    = 80
Load balancing                     = None
Grid size                          = 1000
Tiles in x/y-direction             = 8/10
Number of particles requested      = 1228800
Number of time steps               = 100
Initialization mode                = PATCH
  Bounding box                     = 0, 200, 100, 200
Particle charge semi-increment (k) = 1
Vertical velocity              (m) = 0
Rank search mode used              = simple
Number of particles placed         = 1227313
Solution validates
Rate (Mparticles_moved/s): 19.858575
### code=pic lang=c lto=1 scaling=strong style=PATCH rep=9
Parallel Research Kernels version 2.17
MPI Particle-in-Cell execution on 2D grid
Number of ranks                    = 80
Load balancing                     = None
Grid size                          = 1000
Tiles in x/y-direction             = 8/10
Number of particles requested      = 1228800
Number of time steps               = 100
Initialization mode                = PATCH
  Bounding box                     = 0, 200, 100, 200
Particle charge semi-increment (k) = 1
Vertical velocity              (m) = 0
Rank search mode used              = simple
Number of particles placed         = 1227313
Solution validates
Rate (Mparticles_moved/s): 20.783545
### code=pic lang=rust lto=0 scaling=strong style=PATCH rep=9
Parallel Research Kernels
MPI Particle-in-Cell execution on 2D grid
Number of ranks                    = 80
Load balancing                     = None
Grid size                          = 1000
Tiles in x/y-direction             = 8/10
Number of particles requested      = 1228800
Number of time steps               = 100
Initialization mode            = PATCH
  Bounding box                 = 0, 200, 100, 200
Particle charge semi-increment (k) = 1
Vertical velocity              (m) = 0
Rank search mode used              = simple
Number of particles placed         = 1227313
total time: 5.849202291
Solution validates
Rate (Mparticles_moved/s): 21.007993
### code=pic lang=rust lto=1 scaling=strong style=PATCH rep=9
Parallel Research Kernels
MPI Particle-in-Cell execution on 2D grid
Number of ranks                    = 80
Load balancing                     = None
Grid size                          = 1000
Tiles in x/y-direction             = 8/10
Number of particles requested      = 1228800
Number of time steps               = 100
Initialization mode            = PATCH
  Bounding box                 = 0, 200, 100, 200
Particle charge semi-increment (k) = 1
Vertical velocity              (m) = 0
Rank search mode used              = simple
Number of particles placed         = 1227313
total time: 5.674541487
Solution validates
Rate (Mparticles_moved/s): 21.654613
### code=pic lang=c lto=0 scaling=weak style=GEOMETRIC rep=0
Parallel Research Kernels version 2.17
MPI Particle-in-Cell execution on 2D grid
Number of ranks                    = 80
Load balancing                     = None
Grid size                          = 1000
Tiles in x/y-direction             = 8/10
Number of particles requested      = 8192000
Number of time steps               = 100
Initialization mode                = GEOMETRIC
  Attenuation factor               = 0.990000
Particle charge semi-increment (k) = 1
Vertical velocity              (m) = 2
Rank search mode used              = simple
Number of particles placed         = 8190072
Solution validates
Rate (Mparticles_moved/s): 182.621615
### code=pic lang=c lto=1 scaling=weak style=GEOMETRIC rep=0
Parallel Research Kernels version 2.17
MPI Particle-in-Cell execution on 2D grid
Number of ranks                    = 80
Load balancing                     = None
Grid size                          = 1000
Tiles in x/y-direction             = 8/10
Number of particles requested      = 8192000
Number of time steps               = 100
Initialization mode                = GEOMETRIC
  Attenuation factor               = 0.990000
Particle charge semi-increment (k) = 1
Vertical velocity              (m) = 2
Rank search mode used              = simple
Number of particles placed         = 8190072
Solution validates
Rate (Mparticles_moved/s): 188.699181
### code=pic lang=rust lto=0 scaling=weak style=GEOMETRIC rep=0
Parallel Research Kernels
MPI Particle-in-Cell execution on 2D grid
Number of ranks                    = 80
Load balancing                     = None
Grid size                          = 1000
Tiles in x/y-direction             = 8/10
Number of particles requested      = 8192000
Number of time steps               = 100
Initialization mode            = GEOMETRIC
  Attenuation factor           = 0.990000
Particle charge semi-increment (k) = 1
Vertical velocity              (m) = 2
Rank search mode used              = simple
Number of particles placed         = 8190072
total time: 4.409344728
Solution validates
Rate (Mparticles_moved/s): 185.787243
### code=pic lang=rust lto=1 scaling=weak style=GEOMETRIC rep=0
Parallel Research Kernels
MPI Particle-in-Cell execution on 2D grid
Number of ranks                    = 80
Load balancing                     = None
Grid size                          = 1000
Tiles in x/y-direction             = 8/10
Number of particles requested      = 8192000
Number of time steps               = 100
Initialization mode            = GEOMETRIC
  Attenuation factor           = 0.990000
Particle charge semi-increment (k) = 1
Vertical velocity              (m) = 2
Rank search mode used              = simple
Number of particles placed         = 8190072
total time: 4.3084463809999995
Solution validates
Rate (Mparticles_moved/s): 190.138144
### code=pic lang=c lto=0 scaling=weak style=SINUSOIDAL rep=0
Parallel Research Kernels version 2.17
MPI Particle-in-Cell execution on 2D grid
Number of ranks                    = 80
Load balancing                     = None
Grid size                          = 1000
Tiles in x/y-direction             = 8/10
Number of particles requested      = 8192000
Number of time steps               = 100
Initialization mode                = SINUSOIDAL
Particle charge semi-increment (k) = 0
Vertical velocity              (m) = 1
Rank search mode used              = simple
Number of particles placed         = 8189349
Solution validates
Rate (Mparticles_moved/s): 450.844186
### code=pic lang=c lto=1 scaling=weak style=SINUSOIDAL rep=0
Parallel Research Kernels version 2.17
MPI Particle-in-Cell execution on 2D grid
Number of ranks                    = 80
Load balancing                     = None
Grid size                          = 1000
Tiles in x/y-direction             = 8/10
Number of particles requested      = 8192000
Number of time steps               = 100
Initialization mode                = SINUSOIDAL
Particle charge semi-increment (k) = 0
Vertical velocity              (m) = 1
Rank search mode used              = simple
Number of particles placed         = 8189349
Solution validates
Rate (Mparticles_moved/s): 481.221240
### code=pic lang=rust lto=0 scaling=weak style=SINUSOIDAL rep=0
Parallel Research Kernels
MPI Particle-in-Cell execution on 2D grid
Number of ranks                    = 80
Load balancing                     = None
Grid size                          = 1000
Tiles in x/y-direction             = 8/10
Number of particles requested      = 8192000
Number of time steps               = 100
Initialization mode                = SINUSOIDAL
Particle charge semi-increment (k) = 0
Vertical velocity              (m) = 1
Rank search mode used              = simple
Number of particles placed         = 8189349
total time: 2.196451338
Solution validates
Rate (Mparticles_moved/s): 372.965240
### code=pic lang=rust lto=1 scaling=weak style=SINUSOIDAL rep=0
Parallel Research Kernels
MPI Particle-in-Cell execution on 2D grid
Number of ranks                    = 80
Load balancing                     = None
Grid size                          = 1000
Tiles in x/y-direction             = 8/10
Number of particles requested      = 8192000
Number of time steps               = 100
Initialization mode                = SINUSOIDAL
Particle charge semi-increment (k) = 0
Vertical velocity              (m) = 1
Rank search mode used              = simple
Number of particles placed         = 8189349
total time: 2.159424662
Solution validates
Rate (Mparticles_moved/s): 379.360306
### code=pic lang=c lto=0 scaling=weak style=LINEAR rep=0
Parallel Research Kernels version 2.17
MPI Particle-in-Cell execution on 2D grid
Number of ranks                    = 80
Load balancing                     = None
Grid size                          = 1000
Tiles in x/y-direction             = 8/10
Number of particles requested      = 8192000
Number of time steps               = 100
Initialization mode                = LINEAR
  Negative slope                   = 1.000000
  Offset                           = 3.000000
Particle charge semi-increment (k) = 1
Vertical velocity              (m) = 0
Rank search mode used              = simple
Number of particles placed         = 8189941
Solution validates
Rate (Mparticles_moved/s): 761.874713
### code=pic lang=c lto=1 scaling=weak style=LINEAR rep=0
Parallel Research Kernels version 2.17
MPI Particle-in-Cell execution on 2D grid
Number of ranks                    = 80
Load balancing                     = None
Grid size                          = 1000
Tiles in x/y-direction             = 8/10
Number of particles requested      = 8192000
Number of time steps               = 100
Initialization mode                = LINEAR
  Negative slope                   = 1.000000
  Offset                           = 3.000000
Particle charge semi-increment (k) = 1
Vertical velocity              (m) = 0
Rank search mode used              = simple
Number of particles placed         = 8189941
Solution validates
Rate (Mparticles_moved/s): 782.708291
### code=pic lang=rust lto=0 scaling=weak style=LINEAR rep=0
Parallel Research Kernels
MPI Particle-in-Cell execution on 2D grid
Number of ranks                    = 80
Load balancing                     = None
Grid size                          = 1000
Tiles in x/y-direction             = 8/10
Number of particles requested      = 8192000
Number of time steps               = 100
Initialization mode            = LINEAR
  Negative slope               = 1.000000
  Offset                       = 3.000000
Particle charge semi-increment (k) = 1
Vertical velocity              (m) = 0
Rank search mode used              = simple
Number of particles placed         = 8189941
total time: 1.720509546
Solution validates
Rate (Mparticles_moved/s): 476.138015
### code=pic lang=rust lto=1 scaling=weak style=LINEAR rep=0
Parallel Research Kernels
MPI Particle-in-Cell execution on 2D grid
Number of ranks                    = 80
Load balancing                     = None
Grid size                          = 1000
Tiles in x/y-direction             = 8/10
Number of particles requested      = 8192000
Number of time steps               = 100
Initialization mode            = LINEAR
  Negative slope               = 1.000000
  Offset                       = 3.000000
Particle charge semi-increment (k) = 1
Vertical velocity              (m) = 0
Rank search mode used              = simple
Number of particles placed         = 8189941
total time: 1.587804851
Solution validates
Rate (Mparticles_moved/s): 515.932420
### code=pic lang=c lto=0 scaling=weak style=PATCH rep=0
Parallel Research Kernels version 2.17
MPI Particle-in-Cell execution on 2D grid
Number of ranks                    = 80
Load balancing                     = None
Grid size                          = 1000
Tiles in x/y-direction             = 8/10
Number of particles requested      = 8192000
Number of time steps               = 100
Initialization mode                = PATCH
  Bounding box                     = 0, 200, 100, 200
Particle charge semi-increment (k) = 1
Vertical velocity              (m) = 0
Rank search mode used              = simple
Number of particles placed         = 8181718
Solution validates
Rate (Mparticles_moved/s): 19.934683
### code=pic lang=c lto=1 scaling=weak style=PATCH rep=0
Parallel Research Kernels version 2.17
MPI Particle-in-Cell execution on 2D grid
Number of ranks                    = 80
Load balancing                     = None
Grid size                          = 1000
Tiles in x/y-direction             = 8/10
Number of particles requested      = 8192000
Number of time steps               = 100
Initialization mode                = PATCH
  Bounding box                     = 0, 200, 100, 200
Particle charge semi-increment (k) = 1
Vertical velocity              (m) = 0
Rank search mode used              = simple
Number of particles placed         = 8181718
Solution validates
Rate (Mparticles_moved/s): 20.821768
### code=pic lang=rust lto=0 scaling=weak style=PATCH rep=0
Parallel Research Kernels
MPI Particle-in-Cell execution on 2D grid
Number of ranks                    = 80
Load balancing                     = None
Grid size                          = 1000
Tiles in x/y-direction             = 8/10
Number of particles requested      = 8192000
Number of time steps               = 100
Initialization mode            = PATCH
  Bounding box                 = 0, 200, 100, 200
Particle charge semi-increment (k) = 1
Vertical velocity              (m) = 0
Rank search mode used              = simple
Number of particles placed         = 8181718
total time: 37.685516433
Solution validates
Rate (Mparticles_moved/s): 21.737794
### code=pic lang=rust lto=1 scaling=weak style=PATCH rep=0
Parallel Research Kernels
MPI Particle-in-Cell execution on 2D grid
Number of ranks                    = 80
Load balancing                     = None
Grid size                          = 1000
Tiles in x/y-direction             = 8/10
Number of particles requested      = 8192000
Number of time steps               = 100
Initialization mode            = PATCH
  Bounding box                 = 0, 200, 100, 200
Particle charge semi-increment (k) = 1
Vertical velocity              (m) = 0
Rank search mode used              = simple
Number of particles placed         = 8181718
total time: 37.429921848
Solution validates
Rate (Mparticles_moved/s): 21.886233
### code=pic lang=c lto=0 scaling=weak style=GEOMETRIC rep=1
Parallel Research Kernels version 2.17
MPI Particle-in-Cell execution on 2D grid
Number of ranks                    = 80
Load balancing                     = None
Grid size                          = 1000
Tiles in x/y-direction             = 8/10
Number of particles requested      = 8192000
Number of time steps               = 100
Initialization mode                = GEOMETRIC
  Attenuation factor               = 0.990000
Particle charge semi-increment (k) = 1
Vertical velocity              (m) = 2
Rank search mode used              = simple
Number of particles placed         = 8190072
Solution validates
Rate (Mparticles_moved/s): 181.339542
### code=pic lang=c lto=1 scaling=weak style=GEOMETRIC rep=1
Parallel Research Kernels version 2.17
MPI Particle-in-Cell execution on 2D grid
Number of ranks                    = 80
Load balancing                     = None
Grid size                          = 1000
Tiles in x/y-direction             = 8/10
Number of particles requested      = 8192000
Number of time steps               = 100
Initialization mode                = GEOMETRIC
  Attenuation factor               = 0.990000
Particle charge semi-increment (k) = 1
Vertical velocity              (m) = 2
Rank search mode used              = simple
Number of particles placed         = 8190072
Solution validates
Rate (Mparticles_moved/s): 187.324074
### code=pic lang=rust lto=0 scaling=weak style=GEOMETRIC rep=1
Parallel Research Kernels
MPI Particle-in-Cell execution on 2D grid
Number of ranks                    = 80
Load balancing                     = None
Grid size                          = 1000
Tiles in x/y-direction             = 8/10
Number of particles requested      = 8192000
Number of time steps               = 100
Initialization mode            = GEOMETRIC
  Attenuation factor           = 0.990000
Particle charge semi-increment (k) = 1
Vertical velocity              (m) = 2
Rank search mode used              = simple
Number of particles placed         = 8190072
total time: 4.340697582
Solution validates
Rate (Mparticles_moved/s): 188.725426
### code=pic lang=rust lto=1 scaling=weak style=GEOMETRIC rep=1
Parallel Research Kernels
MPI Particle-in-Cell execution on 2D grid
Number of ranks                    = 80
Load balancing                     = None
Grid size                          = 1000
Tiles in x/y-direction             = 8/10
Number of particles requested      = 8192000
Number of time steps               = 100
Initialization mode            = GEOMETRIC
  Attenuation factor           = 0.990000
Particle charge semi-increment (k) = 1
Vertical velocity              (m) = 2
Rank search mode used              = simple
Number of particles placed         = 8190072
total time: 4.257267755
Solution validates
Rate (Mparticles_moved/s): 192.423885
### code=pic lang=c lto=0 scaling=weak style=SINUSOIDAL rep=1
Parallel Research Kernels version 2.17
MPI Particle-in-Cell execution on 2D grid
Number of ranks                    = 80
Load balancing                     = None
Grid size                          = 1000
Tiles in x/y-direction             = 8/10
Number of particles requested      = 8192000
Number of time steps               = 100
Initialization mode                = SINUSOIDAL
Particle charge semi-increment (k) = 0
Vertical velocity              (m) = 1
Rank search mode used              = simple
Number of particles placed         = 8189349
Solution validates
Rate (Mparticles_moved/s): 450.124104
### code=pic lang=c lto=1 scaling=weak style=SINUSOIDAL rep=1
Parallel Research Kernels version 2.17
MPI Particle-in-Cell execution on 2D grid
Number of ranks                    = 80
Load balancing                     = None
Grid size                          = 1000
Tiles in x/y-direction             = 8/10
Number of particles requested      = 8192000
Number of time steps               = 100
Initialization mode                = SINUSOIDAL
Particle charge semi-increment (k) = 0
Vertical velocity              (m) = 1
Rank search mode used              = simple
Number of particles placed         = 8189349
Solution validates
Rate (Mparticles_moved/s): 480.331612
### code=pic lang=rust lto=0 scaling=weak style=SINUSOIDAL rep=1
Parallel Research Kernels
MPI Particle-in-Cell execution on 2D grid
Number of ranks                    = 80
Load balancing                     = None
Grid size                          = 1000
Tiles in x/y-direction             = 8/10
Number of particles requested      = 8192000
Number of time steps               = 100
Initialization mode                = SINUSOIDAL
Particle charge semi-increment (k) = 0
Vertical velocity              (m) = 1
Rank search mode used              = simple
Number of particles placed         = 8189349
total time: 2.145984423
Solution validates
Rate (Mparticles_moved/s): 381.736228
### code=pic lang=rust lto=1 scaling=weak style=SINUSOIDAL rep=1
Parallel Research Kernels
MPI Particle-in-Cell execution on 2D grid
Number of ranks                    = 80
Load balancing                     = None
Grid size                          = 1000
Tiles in x/y-direction             = 8/10
Number of particles requested      = 8192000
Number of time steps               = 100
Initialization mode                = SINUSOIDAL
Particle charge semi-increment (k) = 0
Vertical velocity              (m) = 1
Rank search mode used              = simple
Number of particles placed         = 8189349
total time: 2.149972965
Solution validates
Rate (Mparticles_moved/s): 381.028047
### code=pic lang=c lto=0 scaling=weak style=LINEAR rep=1
Parallel Research Kernels version 2.17
MPI Particle-in-Cell execution on 2D grid
Number of ranks                    = 80
Load balancing                     = None
Grid size                          = 1000
Tiles in x/y-direction             = 8/10
Number of particles requested      = 8192000
Number of time steps               = 100
Initialization mode                = LINEAR
  Negative slope                   = 1.000000
  Offset                           = 3.000000
Particle charge semi-increment (k) = 1
Vertical velocity              (m) = 0
Rank search mode used              = simple
Number of particles placed         = 8189941
Solution validates
Rate (Mparticles_moved/s): 747.922699
### code=pic lang=c lto=1 scaling=weak style=LINEAR rep=1
Parallel Research Kernels version 2.17
MPI Particle-in-Cell execution on 2D grid
Number of ranks                    = 80
Load balancing                     = None
Grid size                          = 1000
Tiles in x/y-direction             = 8/10
Number of particles requested      = 8192000
Number of time steps               = 100
Initialization mode                = LINEAR
  Negative slope                   = 1.000000
  Offset                           = 3.000000
Particle charge semi-increment (k) = 1
Vertical velocity              (m) = 0
Rank search mode used              = simple
Number of particles placed         = 8189941
Solution validates
Rate (Mparticles_moved/s): 767.157303
### code=pic lang=rust lto=0 scaling=weak style=LINEAR rep=1
Parallel Research Kernels
MPI Particle-in-Cell execution on 2D grid
Number of ranks                    = 80
Load balancing                     = None
Grid size                          = 1000
Tiles in x/y-direction             = 8/10
Number of particles requested      = 8192000
Number of time steps               = 100
Initialization mode            = LINEAR
  Negative slope               = 1.000000
  Offset                       = 3.000000
Particle charge semi-increment (k) = 1
Vertical velocity              (m) = 0
Rank search mode used              = simple
Number of particles placed         = 8189941
total time: 1.6411759959999999
Solution validates
Rate (Mparticles_moved/s): 499.154266
### code=pic lang=rust lto=1 scaling=weak style=LINEAR rep=1
Parallel Research Kernels
MPI Particle-in-Cell execution on 2D grid
Number of ranks                    = 80
Load balancing                     = None
Grid size                          = 1000
Tiles in x/y-direction             = 8/10
Number of particles requested      = 8192000
Number of time steps               = 100
Initialization mode            = LINEAR
  Negative slope               = 1.000000
  Offset                       = 3.000000
Particle charge semi-increment (k) = 1
Vertical velocity              (m) = 0
Rank search mode used              = simple
Number of particles placed         = 8189941
total time: 1.6358652660000002
Solution validates
Rate (Mparticles_moved/s): 500.774738
### code=pic lang=c lto=0 scaling=weak style=PATCH rep=1
Parallel Research Kernels version 2.17
MPI Particle-in-Cell execution on 2D grid
Number of ranks                    = 80
Load balancing                     = None
Grid size                          = 1000
Tiles in x/y-direction             = 8/10
Number of particles requested      = 8192000
Number of time steps               = 100
Initialization mode                = PATCH
  Bounding box                     = 0, 200, 100, 200
Particle charge semi-increment (k) = 1
Vertical velocity              (m) = 0
Rank search mode used              = simple
Number of particles placed         = 8181718
Solution validates
Rate (Mparticles_moved/s): 19.967024
### code=pic lang=c lto=1 scaling=weak style=PATCH rep=1
Parallel Research Kernels version 2.17
MPI Particle-in-Cell execution on 2D grid
Number of ranks                    = 80
Load balancing                     = None
Grid size                          = 1000
Tiles in x/y-direction             = 8/10
Number of particles requested      = 8192000
Number of time steps               = 100
Initialization mode                = PATCH
  Bounding box                     = 0, 200, 100, 200
Particle charge semi-increment (k) = 1
Vertical velocity              (m) = 0
Rank search mode used              = simple
Number of particles placed         = 8181718
Solution validates
Rate (Mparticles_moved/s): 20.792010
### code=pic lang=rust lto=0 scaling=weak style=PATCH rep=1
Parallel Research Kernels
MPI Particle-in-Cell execution on 2D grid
Number of ranks                    = 80
Load balancing                     = None
Grid size                          = 1000
Tiles in x/y-direction             = 8/10
Number of particles requested      = 8192000
Number of time steps               = 100
Initialization mode            = PATCH
  Bounding box                 = 0, 200, 100, 200
Particle charge semi-increment (k) = 1
Vertical velocity              (m) = 0
Rank search mode used              = simple
Number of particles placed         = 8181718
total time: 37.861593076
Solution validates
Rate (Mparticles_moved/s): 21.636702
### code=pic lang=rust lto=1 scaling=weak style=PATCH rep=1
Parallel Research Kernels
MPI Particle-in-Cell execution on 2D grid
Number of ranks                    = 80
Load balancing                     = None
Grid size                          = 1000
Tiles in x/y-direction             = 8/10
Number of particles requested      = 8192000
Number of time steps               = 100
Initialization mode            = PATCH
  Bounding box                 = 0, 200, 100, 200
Particle charge semi-increment (k) = 1
Vertical velocity              (m) = 0
Rank search mode used              = simple
Number of particles placed         = 8181718
total time: 37.729176064
Solution validates
Rate (Mparticles_moved/s): 21.712640
### code=pic lang=c lto=0 scaling=weak style=GEOMETRIC rep=2
Parallel Research Kernels version 2.17
MPI Particle-in-Cell execution on 2D grid
Number of ranks                    = 80
Load balancing                     = None
Grid size                          = 1000
Tiles in x/y-direction             = 8/10
Number of particles requested      = 8192000
Number of time steps               = 100
Initialization mode                = GEOMETRIC
  Attenuation factor               = 0.990000
Particle charge semi-increment (k) = 1
Vertical velocity              (m) = 2
Rank search mode used              = simple
Number of particles placed         = 8190072
Solution validates
Rate (Mparticles_moved/s): 180.449539
### code=pic lang=c lto=1 scaling=weak style=GEOMETRIC rep=2
Parallel Research Kernels version 2.17
MPI Particle-in-Cell execution on 2D grid
Number of ranks                    = 80
Load balancing                     = None
Grid size                          = 1000
Tiles in x/y-direction             = 8/10
Number of particles requested      = 8192000
Number of time steps               = 100
Initialization mode                = GEOMETRIC
  Attenuation factor               = 0.990000
Particle charge semi-increment (k) = 1
Vertical velocity              (m) = 2
Rank search mode used              = simple
Number of particles placed         = 8190072
Solution validates
Rate (Mparticles_moved/s): 188.995208
### code=pic lang=rust lto=0 scaling=weak style=GEOMETRIC rep=2
Parallel Research Kernels
MPI Particle-in-Cell execution on 2D grid
Number of ranks                    = 80
Load balancing                     = None
Grid size                          = 1000
Tiles in x/y-direction             = 8/10
Number of particles requested      = 8192000
Number of time steps               = 100
Initialization mode            = GEOMETRIC
  Attenuation factor           = 0.990000
Particle charge semi-increment (k) = 1
Vertical velocity              (m) = 2
Rank search mode used              = simple
Number of particles placed         = 8190072
total time: 4.328766566
Solution validates
Rate (Mparticles_moved/s): 189.245594
### code=pic lang=rust lto=1 scaling=weak style=GEOMETRIC rep=2
Parallel Research Kernels
MPI Particle-in-Cell execution on 2D grid
Number of ranks                    = 80
Load balancing                     = None
Grid size                          = 1000
Tiles in x/y-direction             = 8/10
Number of particles requested      = 8192000
Number of time steps               = 100
Initialization mode            = GEOMETRIC
  Attenuation factor           = 0.990000
Particle charge semi-increment (k) = 1
Vertical velocity              (m) = 2
Rank search mode used              = simple
Number of particles placed         = 8190072
total time: 4.313985922
Solution validates
Rate (Mparticles_moved/s): 189.893990
### code=pic lang=c lto=0 scaling=weak style=SINUSOIDAL rep=2
Parallel Research Kernels version 2.17
MPI Particle-in-Cell execution on 2D grid
Number of ranks                    = 80
Load balancing                     = None
Grid size                          = 1000
Tiles in x/y-direction             = 8/10
Number of particles requested      = 8192000
Number of time steps               = 100
Initialization mode                = SINUSOIDAL
Particle charge semi-increment (k) = 0
Vertical velocity              (m) = 1
Rank search mode used              = simple
Number of particles placed         = 8189349
Solution validates
Rate (Mparticles_moved/s): 450.369918
### code=pic lang=c lto=1 scaling=weak style=SINUSOIDAL rep=2
Parallel Research Kernels version 2.17
MPI Particle-in-Cell execution on 2D grid
Number of ranks                    = 80
Load balancing                     = None
Grid size                          = 1000
Tiles in x/y-direction             = 8/10
Number of particles requested      = 8192000
Number of time steps               = 100
Initialization mode                = SINUSOIDAL
Particle charge semi-increment (k) = 0
Vertical velocity              (m) = 1
Rank search mode used              = simple
Number of particles placed         = 8189349
Solution validates
Rate (Mparticles_moved/s): 469.154665
### code=pic lang=rust lto=0 scaling=weak style=SINUSOIDAL rep=2
Parallel Research Kernels
MPI Particle-in-Cell execution on 2D grid
Number of ranks                    = 80
Load balancing                     = None
Grid size                          = 1000
Tiles in x/y-direction             = 8/10
Number of particles requested      = 8192000
Number of time steps               = 100
Initialization mode                = SINUSOIDAL
Particle charge semi-increment (k) = 0
Vertical velocity              (m) = 1
Rank search mode used              = simple
Number of particles placed         = 8189349
total time: 2.1595129809999998
Solution validates
Rate (Mparticles_moved/s): 379.344791
### code=pic lang=rust lto=1 scaling=weak style=SINUSOIDAL rep=2
Parallel Research Kernels
MPI Particle-in-Cell execution on 2D grid
Number of ranks                    = 80
Load balancing                     = None
Grid size                          = 1000
Tiles in x/y-direction             = 8/10
Number of particles requested      = 8192000
Number of time steps               = 100
Initialization mode                = SINUSOIDAL
Particle charge semi-increment (k) = 0
Vertical velocity              (m) = 1
Rank search mode used              = simple
Number of particles placed         = 8189349
total time: 2.147302728
Solution validates
Rate (Mparticles_moved/s): 381.501867
### code=pic lang=c lto=0 scaling=weak style=LINEAR rep=2
Parallel Research Kernels version 2.17
MPI Particle-in-Cell execution on 2D grid
Number of ranks                    = 80
Load balancing                     = None
Grid size                          = 1000
Tiles in x/y-direction             = 8/10
Number of particles requested      = 8192000
Number of time steps               = 100
Initialization mode                = LINEAR
  Negative slope                   = 1.000000
  Offset                           = 3.000000
Particle charge semi-increment (k) = 1
Vertical velocity              (m) = 0
Rank search mode used              = simple
Number of particles placed         = 8189941
Solution validates
Rate (Mparticles_moved/s): 752.977779
### code=pic lang=c lto=1 scaling=weak style=LINEAR rep=2
Parallel Research Kernels version 2.17
MPI Particle-in-Cell execution on 2D grid
Number of ranks                    = 80
Load balancing                     = None
Grid size                          = 1000
Tiles in x/y-direction             = 8/10
Number of particles requested      = 8192000
Number of time steps               = 100
Initialization mode                = LINEAR
  Negative slope                   = 1.000000
  Offset                           = 3.000000
Particle charge semi-increment (k) = 1
Vertical velocity              (m) = 0
Rank search mode used              = simple
Number of particles placed         = 8189941
Solution validates
Rate (Mparticles_moved/s): 780.179186
### code=pic lang=rust lto=0 scaling=weak style=LINEAR rep=2
Parallel Research Kernels
MPI Particle-in-Cell execution on 2D grid
Number of ranks                    = 80
Load balancing                     = None
Grid size                          = 1000
Tiles in x/y-direction             = 8/10
Number of particles requested      = 8192000
Number of time steps               = 100
Initialization mode            = LINEAR
  Negative slope               = 1.000000
  Offset                       = 3.000000
Particle charge semi-increment (k) = 1
Vertical velocity              (m) = 0
Rank search mode used              = simple
Number of particles placed         = 8189941
total time: 1.5781333979999999
Solution validates
Rate (Mparticles_moved/s): 519.094267
### code=pic lang=rust lto=1 scaling=weak style=LINEAR rep=2
Parallel Research Kernels
MPI Particle-in-Cell execution on 2D grid
Number of ranks                    = 80
Load balancing                     = None
Grid size                          = 1000
Tiles in x/y-direction             = 8/10
Number of particles requested      = 8192000
Number of time steps               = 100
Initialization mode            = LINEAR
  Negative slope               = 1.000000
  Offset                       = 3.000000
Particle charge semi-increment (k) = 1
Vertical velocity              (m) = 0
Rank search mode used              = simple
Number of particles placed         = 8189941
total time: 1.6433847080000001
Solution validates
Rate (Mparticles_moved/s): 498.483402
### code=pic lang=c lto=0 scaling=weak style=PATCH rep=2
Parallel Research Kernels version 2.17
MPI Particle-in-Cell execution on 2D grid
Number of ranks                    = 80
Load balancing                     = None
Grid size                          = 1000
Tiles in x/y-direction             = 8/10
Number of particles requested      = 8192000
Number of time steps               = 100
Initialization mode                = PATCH
  Bounding box                     = 0, 200, 100, 200
Particle charge semi-increment (k) = 1
Vertical velocity              (m) = 0
Rank search mode used              = simple
Number of particles placed         = 8181718
Solution validates
Rate (Mparticles_moved/s): 19.930991
### code=pic lang=c lto=1 scaling=weak style=PATCH rep=2
Parallel Research Kernels version 2.17
MPI Particle-in-Cell execution on 2D grid
Number of ranks                    = 80
Load balancing                     = None
Grid size                          = 1000
Tiles in x/y-direction             = 8/10
Number of particles requested      = 8192000
Number of time steps               = 100
Initialization mode                = PATCH
  Bounding box                     = 0, 200, 100, 200
Particle charge semi-increment (k) = 1
Vertical velocity              (m) = 0
Rank search mode used              = simple
Number of particles placed         = 8181718
Solution validates
Rate (Mparticles_moved/s): 20.788630
### code=pic lang=rust lto=0 scaling=weak style=PATCH rep=2
Parallel Research Kernels
MPI Particle-in-Cell execution on 2D grid
Number of ranks                    = 80
Load balancing                     = None
Grid size                          = 1000
Tiles in x/y-direction             = 8/10
Number of particles requested      = 8192000
Number of time steps               = 100
Initialization mode            = PATCH
  Bounding box                 = 0, 200, 100, 200
Particle charge semi-increment (k) = 1
Vertical velocity              (m) = 0
Rank search mode used              = simple
Number of particles placed         = 8181718
total time: 37.670233159
Solution validates
Rate (Mparticles_moved/s): 21.746613
### code=pic lang=rust lto=1 scaling=weak style=PATCH rep=2
Parallel Research Kernels
MPI Particle-in-Cell execution on 2D grid
Number of ranks                    = 80
Load balancing                     = None
Grid size                          = 1000
Tiles in x/y-direction             = 8/10
Number of particles requested      = 8192000
Number of time steps               = 100
Initialization mode            = PATCH
  Bounding box                 = 0, 200, 100, 200
Particle charge semi-increment (k) = 1
Vertical velocity              (m) = 0
Rank search mode used              = simple
Number of particles placed         = 8181718
total time: 37.556274791999996
Solution validates
Rate (Mparticles_moved/s): 21.812600
### code=pic lang=c lto=0 scaling=weak style=GEOMETRIC rep=3
Parallel Research Kernels version 2.17
MPI Particle-in-Cell execution on 2D grid
Number of ranks                    = 80
Load balancing                     = None
Grid size                          = 1000
Tiles in x/y-direction             = 8/10
Number of particles requested      = 8192000
Number of time steps               = 100
Initialization mode                = GEOMETRIC
  Attenuation factor               = 0.990000
Particle charge semi-increment (k) = 1
Vertical velocity              (m) = 2
Rank search mode used              = simple
Number of particles placed         = 8190072
Solution validates
Rate (Mparticles_moved/s): 180.262560
### code=pic lang=c lto=1 scaling=weak style=GEOMETRIC rep=3
Parallel Research Kernels version 2.17
MPI Particle-in-Cell execution on 2D grid
Number of ranks                    = 80
Load balancing                     = None
Grid size                          = 1000
Tiles in x/y-direction             = 8/10
Number of particles requested      = 8192000
Number of time steps               = 100
Initialization mode                = GEOMETRIC
  Attenuation factor               = 0.990000
Particle charge semi-increment (k) = 1
Vertical velocity              (m) = 2
Rank search mode used              = simple
Number of particles placed         = 8190072
Solution validates
Rate (Mparticles_moved/s): 188.629581
### code=pic lang=rust lto=0 scaling=weak style=GEOMETRIC rep=3
Parallel Research Kernels
MPI Particle-in-Cell execution on 2D grid
Number of ranks                    = 80
Load balancing                     = None
Grid size                          = 1000
Tiles in x/y-direction             = 8/10
Number of particles requested      = 8192000
Number of time steps               = 100
Initialization mode            = GEOMETRIC
  Attenuation factor           = 0.990000
Particle charge semi-increment (k) = 1
Vertical velocity              (m) = 2
Rank search mode used              = simple
Number of particles placed         = 8190072
total time: 4.4424430489999995
Solution validates
Rate (Mparticles_moved/s): 184.403039
### code=pic lang=rust lto=1 scaling=weak style=GEOMETRIC rep=3
Parallel Research Kernels
MPI Particle-in-Cell execution on 2D grid
Number of ranks                    = 80
Load balancing                     = None
Grid size                          = 1000
Tiles in x/y-direction             = 8/10
Number of particles requested      = 8192000
Number of time steps               = 100
Initialization mode            = GEOMETRIC
  Attenuation factor           = 0.990000
Particle charge semi-increment (k) = 1
Vertical velocity              (m) = 2
Rank search mode used              = simple
Number of particles placed         = 8190072
total time: 4.310664382
Solution validates
Rate (Mparticles_moved/s): 190.040311
### code=pic lang=c lto=0 scaling=weak style=SINUSOIDAL rep=3
Parallel Research Kernels version 2.17
MPI Particle-in-Cell execution on 2D grid
Number of ranks                    = 80
Load balancing                     = None
Grid size                          = 1000
Tiles in x/y-direction             = 8/10
Number of particles requested      = 8192000
Number of time steps               = 100
Initialization mode                = SINUSOIDAL
Particle charge semi-increment (k) = 0
Vertical velocity              (m) = 1
Rank search mode used              = simple
Number of particles placed         = 8189349
Solution validates
Rate (Mparticles_moved/s): 449.839731
### code=pic lang=c lto=1 scaling=weak style=SINUSOIDAL rep=3
Parallel Research Kernels version 2.17
MPI Particle-in-Cell execution on 2D grid
Number of ranks                    = 80
Load balancing                     = None
Grid size                          = 1000
Tiles in x/y-direction             = 8/10
Number of particles requested      = 8192000
Number of time steps               = 100
Initialization mode                = SINUSOIDAL
Particle charge semi-increment (k) = 0
Vertical velocity              (m) = 1
Rank search mode used              = simple
Number of particles placed         = 8189349
Solution validates
Rate (Mparticles_moved/s): 471.502263
### code=pic lang=rust lto=0 scaling=weak style=SINUSOIDAL rep=3
Parallel Research Kernels
MPI Particle-in-Cell execution on 2D grid
Number of ranks                    = 80
Load balancing                     = None
Grid size                          = 1000
Tiles in x/y-direction             = 8/10
Number of particles requested      = 8192000
Number of time steps               = 100
Initialization mode                = SINUSOIDAL
Particle charge semi-increment (k) = 0
Vertical velocity              (m) = 1
Rank search mode used              = simple
Number of particles placed         = 8189349
total time: 2.155300331
Solution validates
Rate (Mparticles_moved/s): 380.086241
### code=pic lang=rust lto=1 scaling=weak style=SINUSOIDAL rep=3
Parallel Research Kernels
MPI Particle-in-Cell execution on 2D grid
Number of ranks                    = 80
Load balancing                     = None
Grid size                          = 1000
Tiles in x/y-direction             = 8/10
Number of particles requested      = 8192000
Number of time steps               = 100
Initialization mode                = SINUSOIDAL
Particle charge semi-increment (k) = 0
Vertical velocity              (m) = 1
Rank search mode used              = simple
Number of particles placed         = 8189349
total time: 2.16463829
Solution validates
Rate (Mparticles_moved/s): 378.446600
### code=pic lang=c lto=0 scaling=weak style=LINEAR rep=3
Parallel Research Kernels version 2.17
MPI Particle-in-Cell execution on 2D grid
Number of ranks                    = 80
Load balancing                     = None
Grid size                          = 1000
Tiles in x/y-direction             = 8/10
Number of particles requested      = 8192000
Number of time steps               = 100
Initialization mode                = LINEAR
  Negative slope                   = 1.000000
  Offset                           = 3.000000
Particle charge semi-increment (k) = 1
Vertical velocity              (m) = 0
Rank search mode used              = simple
Number of particles placed         = 8189941
Solution validates
Rate (Mparticles_moved/s): 738.278984
### code=pic lang=c lto=1 scaling=weak style=LINEAR rep=3
Parallel Research Kernels version 2.17
MPI Particle-in-Cell execution on 2D grid
Number of ranks                    = 80
Load balancing                     = None
Grid size                          = 1000
Tiles in x/y-direction             = 8/10
Number of particles requested      = 8192000
Number of time steps               = 100
Initialization mode                = LINEAR
  Negative slope                   = 1.000000
  Offset                           = 3.000000
Particle charge semi-increment (k) = 1
Vertical velocity              (m) = 0
Rank search mode used              = simple
Number of particles placed         = 8189941
Solution validates
Rate (Mparticles_moved/s): 774.805144
### code=pic lang=rust lto=0 scaling=weak style=LINEAR rep=3
Parallel Research Kernels
MPI Particle-in-Cell execution on 2D grid
Number of ranks                    = 80
Load balancing                     = None
Grid size                          = 1000
Tiles in x/y-direction             = 8/10
Number of particles requested      = 8192000
Number of time steps               = 100
Initialization mode            = LINEAR
  Negative slope               = 1.000000
  Offset                       = 3.000000
Particle charge semi-increment (k) = 1
Vertical velocity              (m) = 0
Rank search mode used              = simple
Number of particles placed         = 8189941
total time: 1.701933746
Solution validates
Rate (Mparticles_moved/s): 481.334836
### code=pic lang=rust lto=1 scaling=weak style=LINEAR rep=3
Parallel Research Kernels
MPI Particle-in-Cell execution on 2D grid
Number of ranks                    = 80
Load balancing                     = None
Grid size                          = 1000
Tiles in x/y-direction             = 8/10
Number of particles requested      = 8192000
Number of time steps               = 100
Initialization mode            = LINEAR
  Negative slope               = 1.000000
  Offset                       = 3.000000
Particle charge semi-increment (k) = 1
Vertical velocity              (m) = 0
Rank search mode used              = simple
Number of particles placed         = 8189941
total time: 1.630174721
Solution validates
Rate (Mparticles_moved/s): 502.522821
### code=pic lang=c lto=0 scaling=weak style=PATCH rep=3
Parallel Research Kernels version 2.17
MPI Particle-in-Cell execution on 2D grid
Number of ranks                    = 80
Load balancing                     = None
Grid size                          = 1000
Tiles in x/y-direction             = 8/10
Number of particles requested      = 8192000
Number of time steps               = 100
Initialization mode                = PATCH
  Bounding box                     = 0, 200, 100, 200
Particle charge semi-increment (k) = 1
Vertical velocity              (m) = 0
Rank search mode used              = simple
Number of particles placed         = 8181718
Solution validates
Rate (Mparticles_moved/s): 19.989898
### code=pic lang=c lto=1 scaling=weak style=PATCH rep=3
Parallel Research Kernels version 2.17
MPI Particle-in-Cell execution on 2D grid
Number of ranks                    = 80
Load balancing                     = None
Grid size                          = 1000
Tiles in x/y-direction             = 8/10
Number of particles requested      = 8192000
Number of time steps               = 100
Initialization mode                = PATCH
  Bounding box                     = 0, 200, 100, 200
Particle charge semi-increment (k) = 1
Vertical velocity              (m) = 0
Rank search mode used              = simple
Number of particles placed         = 8181718
Solution validates
Rate (Mparticles_moved/s): 20.810066
### code=pic lang=rust lto=0 scaling=weak style=PATCH rep=3
Parallel Research Kernels
MPI Particle-in-Cell execution on 2D grid
Number of ranks                    = 80
Load balancing                     = None
Grid size                          = 1000
Tiles in x/y-direction             = 8/10
Number of particles requested      = 8192000
Number of time steps               = 100
Initialization mode            = PATCH
  Bounding box                 = 0, 200, 100, 200
Particle charge semi-increment (k) = 1
Vertical velocity              (m) = 0
Rank search mode used              = simple
Number of particles placed         = 8181718
total time: 38.13961234
Solution validates
Rate (Mparticles_moved/s): 21.478981
### code=pic lang=rust lto=1 scaling=weak style=PATCH rep=3
Parallel Research Kernels
MPI Particle-in-Cell execution on 2D grid
Number of ranks                    = 80
Load balancing                     = None
Grid size                          = 1000
Tiles in x/y-direction             = 8/10
Number of particles requested      = 8192000
Number of time steps               = 100
Initialization mode            = PATCH
  Bounding box                 = 0, 200, 100, 200
Particle charge semi-increment (k) = 1
Vertical velocity              (m) = 0
Rank search mode used              = simple
Number of particles placed         = 8181718
total time: 37.450981378
Solution validates
Rate (Mparticles_moved/s): 21.873926
### code=pic lang=c lto=0 scaling=weak style=GEOMETRIC rep=4
Parallel Research Kernels version 2.17
MPI Particle-in-Cell execution on 2D grid
Number of ranks                    = 80
Load balancing                     = None
Grid size                          = 1000
Tiles in x/y-direction             = 8/10
Number of particles requested      = 8192000
Number of time steps               = 100
Initialization mode                = GEOMETRIC
  Attenuation factor               = 0.990000
Particle charge semi-increment (k) = 1
Vertical velocity              (m) = 2
Rank search mode used              = simple
Number of particles placed         = 8190072
Solution validates
Rate (Mparticles_moved/s): 182.405960
### code=pic lang=c lto=1 scaling=weak style=GEOMETRIC rep=4
Parallel Research Kernels version 2.17
MPI Particle-in-Cell execution on 2D grid
Number of ranks                    = 80
Load balancing                     = None
Grid size                          = 1000
Tiles in x/y-direction             = 8/10
Number of particles requested      = 8192000
Number of time steps               = 100
Initialization mode                = GEOMETRIC
  Attenuation factor               = 0.990000
Particle charge semi-increment (k) = 1
Vertical velocity              (m) = 2
Rank search mode used              = simple
Number of particles placed         = 8190072
Solution validates
Rate (Mparticles_moved/s): 184.947015
### code=pic lang=rust lto=0 scaling=weak style=GEOMETRIC rep=4
Parallel Research Kernels
MPI Particle-in-Cell execution on 2D grid
Number of ranks                    = 80
Load balancing                     = None
Grid size                          = 1000
Tiles in x/y-direction             = 8/10
Number of particles requested      = 8192000
Number of time steps               = 100
Initialization mode            = GEOMETRIC
  Attenuation factor           = 0.990000
Particle charge semi-increment (k) = 1
Vertical velocity              (m) = 2
Rank search mode used              = simple
Number of particles placed         = 8190072
total time: 4.326042157
Solution validates
Rate (Mparticles_moved/s): 189.364775
### code=pic lang=rust lto=1 scaling=weak style=GEOMETRIC rep=4
Parallel Research Kernels
MPI Particle-in-Cell execution on 2D grid
Number of ranks                    = 80
Load balancing                     = None
Grid size                          = 1000
Tiles in x/y-direction             = 8/10
Number of particles requested      = 8192000
Number of time steps               = 100
Initialization mode            = GEOMETRIC
  Attenuation factor           = 0.990000
Particle charge semi-increment (k) = 1
Vertical velocity              (m) = 2
Rank search mode used              = simple
Number of particles placed         = 8190072
total time: 4.292011773
Solution validates
Rate (Mparticles_moved/s): 190.866205
### code=pic lang=c lto=0 scaling=weak style=SINUSOIDAL rep=4
Parallel Research Kernels version 2.17
MPI Particle-in-Cell execution on 2D grid
Number of ranks                    = 80
Load balancing                     = None
Grid size                          = 1000
Tiles in x/y-direction             = 8/10
Number of particles requested      = 8192000
Number of time steps               = 100
Initialization mode                = SINUSOIDAL
Particle charge semi-increment (k) = 0
Vertical velocity              (m) = 1
Rank search mode used              = simple
Number of particles placed         = 8189349
Solution validates
Rate (Mparticles_moved/s): 465.328192
### code=pic lang=c lto=1 scaling=weak style=SINUSOIDAL rep=4
Parallel Research Kernels version 2.17
MPI Particle-in-Cell execution on 2D grid
Number of ranks                    = 80
Load balancing                     = None
Grid size                          = 1000
Tiles in x/y-direction             = 8/10
Number of particles requested      = 8192000
Number of time steps               = 100
Initialization mode                = SINUSOIDAL
Particle charge semi-increment (k) = 0
Vertical velocity              (m) = 1
Rank search mode used              = simple
Number of particles placed         = 8189349
Solution validates
Rate (Mparticles_moved/s): 473.973324
### code=pic lang=rust lto=0 scaling=weak style=SINUSOIDAL rep=4
Parallel Research Kernels
MPI Particle-in-Cell execution on 2D grid
Number of ranks                    = 80
Load balancing                     = None
Grid size                          = 1000
Tiles in x/y-direction             = 8/10
Number of particles requested      = 8192000
Number of time steps               = 100
Initialization mode                = SINUSOIDAL
Particle charge semi-increment (k) = 0
Vertical velocity              (m) = 1
Rank search mode used              = simple
Number of particles placed         = 8189349
total time: 2.167328773
Solution validates
Rate (Mparticles_moved/s): 377.976803
### code=pic lang=rust lto=1 scaling=weak style=SINUSOIDAL rep=4
Parallel Research Kernels
MPI Particle-in-Cell execution on 2D grid
Number of ranks                    = 80
Load balancing                     = None
Grid size                          = 1000
Tiles in x/y-direction             = 8/10
Number of particles requested      = 8192000
Number of time steps               = 100
Initialization mode                = SINUSOIDAL
Particle charge semi-increment (k) = 0
Vertical velocity              (m) = 1
Rank search mode used              = simple
Number of particles placed         = 8189349
total time: 2.122630553
Solution validates
Rate (Mparticles_moved/s): 385.936214
### code=pic lang=c lto=0 scaling=weak style=LINEAR rep=4
Parallel Research Kernels version 2.17
MPI Particle-in-Cell execution on 2D grid
Number of ranks                    = 80
Load balancing                     = None
Grid size                          = 1000
Tiles in x/y-direction             = 8/10
Number of particles requested      = 8192000
Number of time steps               = 100
Initialization mode                = LINEAR
  Negative slope                   = 1.000000
  Offset                           = 3.000000
Particle charge semi-increment (k) = 1
Vertical velocity              (m) = 0
Rank search mode used              = simple
Number of particles placed         = 8189941
Solution validates
Rate (Mparticles_moved/s): 728.476126
### code=pic lang=c lto=1 scaling=weak style=LINEAR rep=4
Parallel Research Kernels version 2.17
MPI Particle-in-Cell execution on 2D grid
Number of ranks                    = 80
Load balancing                     = None
Grid size                          = 1000
Tiles in x/y-direction             = 8/10
Number of particles requested      = 8192000
Number of time steps               = 100
Initialization mode                = LINEAR
  Negative slope                   = 1.000000
  Offset                           = 3.000000
Particle charge semi-increment (k) = 1
Vertical velocity              (m) = 0
Rank search mode used              = simple
Number of particles placed         = 8189941
Solution validates
Rate (Mparticles_moved/s): 745.820441
### code=pic lang=rust lto=0 scaling=weak style=LINEAR rep=4
Parallel Research Kernels
MPI Particle-in-Cell execution on 2D grid
Number of ranks                    = 80
Load balancing                     = None
Grid size                          = 1000
Tiles in x/y-direction             = 8/10
Number of particles requested      = 8192000
Number of time steps               = 100
Initialization mode            = LINEAR
  Negative slope               = 1.000000
  Offset                       = 3.000000
Particle charge semi-increment (k) = 1
Vertical velocity              (m) = 0
Rank search mode used              = simple
Number of particles placed         = 8189941
total time: 1.661746257
Solution validates
Rate (Mparticles_moved/s): 492.975385
### code=pic lang=rust lto=1 scaling=weak style=LINEAR rep=4
Parallel Research Kernels
MPI Particle-in-Cell execution on 2D grid
Number of ranks                    = 80
Load balancing                     = None
Grid size                          = 1000
Tiles in x/y-direction             = 8/10
Number of particles requested      = 8192000
Number of time steps               = 100
Initialization mode            = LINEAR
  Negative slope               = 1.000000
  Offset                       = 3.000000
Particle charge semi-increment (k) = 1
Vertical velocity              (m) = 0
Rank search mode used              = simple
Number of particles placed         = 8189941
total time: 1.5951770760000001
Solution validates
Rate (Mparticles_moved/s): 513.548002
### code=pic lang=c lto=0 scaling=weak style=PATCH rep=4
Parallel Research Kernels version 2.17
MPI Particle-in-Cell execution on 2D grid
Number of ranks                    = 80
Load balancing                     = None
Grid size                          = 1000
Tiles in x/y-direction             = 8/10
Number of particles requested      = 8192000
Number of time steps               = 100
Initialization mode                = PATCH
  Bounding box                     = 0, 200, 100, 200
Particle charge semi-increment (k) = 1
Vertical velocity              (m) = 0
Rank search mode used              = simple
Number of particles placed         = 8181718
Solution validates
Rate (Mparticles_moved/s): 19.976837
### code=pic lang=c lto=1 scaling=weak style=PATCH rep=4
Parallel Research Kernels version 2.17
MPI Particle-in-Cell execution on 2D grid
Number of ranks                    = 80
Load balancing                     = None
Grid size                          = 1000
Tiles in x/y-direction             = 8/10
Number of particles requested      = 8192000
Number of time steps               = 100
Initialization mode                = PATCH
  Bounding box                     = 0, 200, 100, 200
Particle charge semi-increment (k) = 1
Vertical velocity              (m) = 0
Rank search mode used              = simple
Number of particles placed         = 8181718
Solution validates
Rate (Mparticles_moved/s): 20.827665
### code=pic lang=rust lto=0 scaling=weak style=PATCH rep=4
Parallel Research Kernels
MPI Particle-in-Cell execution on 2D grid
Number of ranks                    = 80
Load balancing                     = None
Grid size                          = 1000
Tiles in x/y-direction             = 8/10
Number of particles requested      = 8192000
Number of time steps               = 100
Initialization mode            = PATCH
  Bounding box                 = 0, 200, 100, 200
Particle charge semi-increment (k) = 1
Vertical velocity              (m) = 0
Rank search mode used              = simple
Number of particles placed         = 8181718
total time: 37.950729183
Solution validates
Rate (Mparticles_moved/s): 21.585883
### code=pic lang=rust lto=1 scaling=weak style=PATCH rep=4
Parallel Research Kernels
MPI Particle-in-Cell execution on 2D grid
Number of ranks                    = 80
Load balancing                     = None
Grid size                          = 1000
Tiles in x/y-direction             = 8/10
Number of particles requested      = 8192000
Number of time steps               = 100
Initialization mode            = PATCH
  Bounding box                 = 0, 200, 100, 200
Particle charge semi-increment (k) = 1
Vertical velocity              (m) = 0
Rank search mode used              = simple
Number of particles placed         = 8181718
total time: 37.543003895
Solution validates
Rate (Mparticles_moved/s): 21.820310
### code=pic lang=c lto=0 scaling=weak style=GEOMETRIC rep=5
Parallel Research Kernels version 2.17
MPI Particle-in-Cell execution on 2D grid
Number of ranks                    = 80
Load balancing                     = None
Grid size                          = 1000
Tiles in x/y-direction             = 8/10
Number of particles requested      = 8192000
Number of time steps               = 100
Initialization mode                = GEOMETRIC
  Attenuation factor               = 0.990000
Particle charge semi-increment (k) = 1
Vertical velocity              (m) = 2
Rank search mode used              = simple
Number of particles placed         = 8190072
Solution validates
Rate (Mparticles_moved/s): 179.110438
### code=pic lang=c lto=1 scaling=weak style=GEOMETRIC rep=5
Parallel Research Kernels version 2.17
MPI Particle-in-Cell execution on 2D grid
Number of ranks                    = 80
Load balancing                     = None
Grid size                          = 1000
Tiles in x/y-direction             = 8/10
Number of particles requested      = 8192000
Number of time steps               = 100
Initialization mode                = GEOMETRIC
  Attenuation factor               = 0.990000
Particle charge semi-increment (k) = 1
Vertical velocity              (m) = 2
Rank search mode used              = simple
Number of particles placed         = 8190072
Solution validates
Rate (Mparticles_moved/s): 187.201625
### code=pic lang=rust lto=0 scaling=weak style=GEOMETRIC rep=5
Parallel Research Kernels
MPI Particle-in-Cell execution on 2D grid
Number of ranks                    = 80
Load balancing                     = None
Grid size                          = 1000
Tiles in x/y-direction             = 8/10
Number of particles requested      = 8192000
Number of time steps               = 100
Initialization mode            = GEOMETRIC
  Attenuation factor           = 0.990000
Particle charge semi-increment (k) = 1
Vertical velocity              (m) = 2
Rank search mode used              = simple
Number of particles placed         = 8190072
total time: 4.319094428
Solution validates
Rate (Mparticles_moved/s): 189.669389
### code=pic lang=rust lto=1 scaling=weak style=GEOMETRIC rep=5
Parallel Research Kernels
MPI Particle-in-Cell execution on 2D grid
Number of ranks                    = 80
Load balancing                     = None
Grid size                          = 1000
Tiles in x/y-direction             = 8/10
Number of particles requested      = 8192000
Number of time steps               = 100
Initialization mode            = GEOMETRIC
  Attenuation factor           = 0.990000
Particle charge semi-increment (k) = 1
Vertical velocity              (m) = 2
Rank search mode used              = simple
Number of particles placed         = 8190072
total time: 4.298181286
Solution validates
Rate (Mparticles_moved/s): 190.592240
### code=pic lang=c lto=0 scaling=weak style=SINUSOIDAL rep=5
Parallel Research Kernels version 2.17
MPI Particle-in-Cell execution on 2D grid
Number of ranks                    = 80
Load balancing                     = None
Grid size                          = 1000
Tiles in x/y-direction             = 8/10
Number of particles requested      = 8192000
Number of time steps               = 100
Initialization mode                = SINUSOIDAL
Particle charge semi-increment (k) = 0
Vertical velocity              (m) = 1
Rank search mode used              = simple
Number of particles placed         = 8189349
Solution validates
Rate (Mparticles_moved/s): 465.194713
### code=pic lang=c lto=1 scaling=weak style=SINUSOIDAL rep=5
Parallel Research Kernels version 2.17
MPI Particle-in-Cell execution on 2D grid
Number of ranks                    = 80
Load balancing                     = None
Grid size                          = 1000
Tiles in x/y-direction             = 8/10
Number of particles requested      = 8192000
Number of time steps               = 100
Initialization mode                = SINUSOIDAL
Particle charge semi-increment (k) = 0
Vertical velocity              (m) = 1
Rank search mode used              = simple
Number of particles placed         = 8189349
Solution validates
Rate (Mparticles_moved/s): 477.836194
### code=pic lang=rust lto=0 scaling=weak style=SINUSOIDAL rep=5
Parallel Research Kernels
MPI Particle-in-Cell execution on 2D grid
Number of ranks                    = 80
Load balancing                     = None
Grid size                          = 1000
Tiles in x/y-direction             = 8/10
Number of particles requested      = 8192000
Number of time steps               = 100
Initialization mode                = SINUSOIDAL
Particle charge semi-increment (k) = 0
Vertical velocity              (m) = 1
Rank search mode used              = simple
Number of particles placed         = 8189349
total time: 2.17194954
Solution validates
Rate (Mparticles_moved/s): 377.172667
### code=pic lang=rust lto=1 scaling=weak style=SINUSOIDAL rep=5
Parallel Research Kernels
MPI Particle-in-Cell execution on 2D grid
Number of ranks                    = 80
Load balancing                     = None
Grid size                          = 1000
Tiles in x/y-direction             = 8/10
Number of particles requested      = 8192000
Number of time steps               = 100
Initialization mode                = SINUSOIDAL
Particle charge semi-increment (k) = 0
Vertical velocity              (m) = 1
Rank search mode used              = simple
Number of particles placed         = 8189349
total time: 2.133742354
Solution validates
Rate (Mparticles_moved/s): 383.926390
### code=pic lang=c lto=0 scaling=weak style=LINEAR rep=5
Parallel Research Kernels version 2.17
MPI Particle-in-Cell execution on 2D grid
Number of ranks                    = 80
Load balancing                     = None
Grid size                          = 1000
Tiles in x/y-direction             = 8/10
Number of particles requested      = 8192000
Number of time steps               = 100
Initialization mode                = LINEAR
  Negative slope                   = 1.000000
  Offset                           = 3.000000
Particle charge semi-increment (k) = 1
Vertical velocity              (m) = 0
Rank search mode used              = simple
Number of particles placed         = 8189941
Solution validates
Rate (Mparticles_moved/s): 673.599630
### code=pic lang=c lto=1 scaling=weak style=LINEAR rep=5
Parallel Research Kernels version 2.17
MPI Particle-in-Cell execution on 2D grid
Number of ranks                    = 80
Load balancing                     = None
Grid size                          = 1000
Tiles in x/y-direction             = 8/10
Number of particles requested      = 8192000
Number of time steps               = 100
Initialization mode                = LINEAR
  Negative slope                   = 1.000000
  Offset                           = 3.000000
Particle charge semi-increment (k) = 1
Vertical velocity              (m) = 0
Rank search mode used              = simple
Number of particles placed         = 8189941
Solution validates
Rate (Mparticles_moved/s): 771.106420
### code=pic lang=rust lto=0 scaling=weak style=LINEAR rep=5
Parallel Research Kernels
MPI Particle-in-Cell execution on 2D grid
Number of ranks                    = 80
Load balancing                     = None
Grid size                          = 1000
Tiles in x/y-direction             = 8/10
Number of particles requested      = 8192000
Number of time steps               = 100
Initialization mode            = LINEAR
  Negative slope               = 1.000000
  Offset                       = 3.000000
Particle charge semi-increment (k) = 1
Vertical velocity              (m) = 0
Rank search mode used              = simple
Number of particles placed         = 8189941
total time: 1.6463196249999998
Solution validates
Rate (Mparticles_moved/s): 497.594749
### code=pic lang=rust lto=1 scaling=weak style=LINEAR rep=5
Parallel Research Kernels
MPI Particle-in-Cell execution on 2D grid
Number of ranks                    = 80
Load balancing                     = None
Grid size                          = 1000
Tiles in x/y-direction             = 8/10
Number of particles requested      = 8192000
Number of time steps               = 100
Initialization mode            = LINEAR
  Negative slope               = 1.000000
  Offset                       = 3.000000
Particle charge semi-increment (k) = 1
Vertical velocity              (m) = 0
Rank search mode used              = simple
Number of particles placed         = 8189941
total time: 1.700529161
Solution validates
Rate (Mparticles_moved/s): 481.732404
### code=pic lang=c lto=0 scaling=weak style=PATCH rep=5
Parallel Research Kernels version 2.17
MPI Particle-in-Cell execution on 2D grid
Number of ranks                    = 80
Load balancing                     = None
Grid size                          = 1000
Tiles in x/y-direction             = 8/10
Number of particles requested      = 8192000
Number of time steps               = 100
Initialization mode                = PATCH
  Bounding box                     = 0, 200, 100, 200
Particle charge semi-increment (k) = 1
Vertical velocity              (m) = 0
Rank search mode used              = simple
Number of particles placed         = 8181718
Solution validates
Rate (Mparticles_moved/s): 19.979094
### code=pic lang=c lto=1 scaling=weak style=PATCH rep=5
Parallel Research Kernels version 2.17
MPI Particle-in-Cell execution on 2D grid
Number of ranks                    = 80
Load balancing                     = None
Grid size                          = 1000
Tiles in x/y-direction             = 8/10
Number of particles requested      = 8192000
Number of time steps               = 100
Initialization mode                = PATCH
  Bounding box                     = 0, 200, 100, 200
Particle charge semi-increment (k) = 1
Vertical velocity              (m) = 0
Rank search mode used              = simple
Number of particles placed         = 8181718
Solution validates
Rate (Mparticles_moved/s): 20.755575
### code=pic lang=rust lto=0 scaling=weak style=PATCH rep=5
Parallel Research Kernels
MPI Particle-in-Cell execution on 2D grid
Number of ranks                    = 80
Load balancing                     = None
Grid size                          = 1000
Tiles in x/y-direction             = 8/10
Number of particles requested      = 8192000
Number of time steps               = 100
Initialization mode            = PATCH
  Bounding box                 = 0, 200, 100, 200
Particle charge semi-increment (k) = 1
Vertical velocity              (m) = 0
Rank search mode used              = simple
Number of particles placed         = 8181718
total time: 37.644527983
Solution validates
Rate (Mparticles_moved/s): 21.761463
### code=pic lang=rust lto=1 scaling=weak style=PATCH rep=5
Parallel Research Kernels
MPI Particle-in-Cell execution on 2D grid
Number of ranks                    = 80
Load balancing                     = None
Grid size                          = 1000
Tiles in x/y-direction             = 8/10
Number of particles requested      = 8192000
Number of time steps               = 100
Initialization mode            = PATCH
  Bounding box                 = 0, 200, 100, 200
Particle charge semi-increment (k) = 1
Vertical velocity              (m) = 0
Rank search mode used              = simple
Number of particles placed         = 8181718
total time: 37.52401588
Solution validates
Rate (Mparticles_moved/s): 21.831352
### code=pic lang=c lto=0 scaling=weak style=GEOMETRIC rep=6
Parallel Research Kernels version 2.17
MPI Particle-in-Cell execution on 2D grid
Number of ranks                    = 80
Load balancing                     = None
Grid size                          = 1000
Tiles in x/y-direction             = 8/10
Number of particles requested      = 8192000
Number of time steps               = 100
Initialization mode                = GEOMETRIC
  Attenuation factor               = 0.990000
Particle charge semi-increment (k) = 1
Vertical velocity              (m) = 2
Rank search mode used              = simple
Number of particles placed         = 8190072
Solution validates
Rate (Mparticles_moved/s): 180.762081
### code=pic lang=c lto=1 scaling=weak style=GEOMETRIC rep=6
Parallel Research Kernels version 2.17
MPI Particle-in-Cell execution on 2D grid
Number of ranks                    = 80
Load balancing                     = None
Grid size                          = 1000
Tiles in x/y-direction             = 8/10
Number of particles requested      = 8192000
Number of time steps               = 100
Initialization mode                = GEOMETRIC
  Attenuation factor               = 0.990000
Particle charge semi-increment (k) = 1
Vertical velocity              (m) = 2
Rank search mode used              = simple
Number of particles placed         = 8190072
Solution validates
Rate (Mparticles_moved/s): 188.256349
### code=pic lang=rust lto=0 scaling=weak style=GEOMETRIC rep=6
Parallel Research Kernels
MPI Particle-in-Cell execution on 2D grid
Number of ranks                    = 80
Load balancing                     = None
Grid size                          = 1000
Tiles in x/y-direction             = 8/10
Number of particles requested      = 8192000
Number of time steps               = 100
Initialization mode            = GEOMETRIC
  Attenuation factor           = 0.990000
Particle charge semi-increment (k) = 1
Vertical velocity              (m) = 2
Rank search mode used              = simple
Number of particles placed         = 8190072
total time: 4.33736864
Solution validates
Rate (Mparticles_moved/s): 188.870273
### code=pic lang=rust lto=1 scaling=weak style=GEOMETRIC rep=6
Parallel Research Kernels
MPI Particle-in-Cell execution on 2D grid
Number of ranks                    = 80
Load balancing                     = None
Grid size                          = 1000
Tiles in x/y-direction             = 8/10
Number of particles requested      = 8192000
Number of time steps               = 100
Initialization mode            = GEOMETRIC
  Attenuation factor           = 0.990000
Particle charge semi-increment (k) = 1
Vertical velocity              (m) = 2
Rank search mode used              = simple
Number of particles placed         = 8190072
total time: 4.2379871080000004
Solution validates
Rate (Mparticles_moved/s): 193.299314
### code=pic lang=c lto=0 scaling=weak style=SINUSOIDAL rep=6
Parallel Research Kernels version 2.17
MPI Particle-in-Cell execution on 2D grid
Number of ranks                    = 80
Load balancing                     = None
Grid size                          = 1000
Tiles in x/y-direction             = 8/10
Number of particles requested      = 8192000
Number of time steps               = 100
Initialization mode                = SINUSOIDAL
Particle charge semi-increment (k) = 0
Vertical velocity              (m) = 1
Rank search mode used              = simple
Number of particles placed         = 8189349
Solution validates
Rate (Mparticles_moved/s): 460.092002
### code=pic lang=c lto=1 scaling=weak style=SINUSOIDAL rep=6
Parallel Research Kernels version 2.17
MPI Particle-in-Cell execution on 2D grid
Number of ranks                    = 80
Load balancing                     = None
Grid size                          = 1000
Tiles in x/y-direction             = 8/10
Number of particles requested      = 8192000
Number of time steps               = 100
Initialization mode                = SINUSOIDAL
Particle charge semi-increment (k) = 0
Vertical velocity              (m) = 1
Rank search mode used              = simple
Number of particles placed         = 8189349
Solution validates
Rate (Mparticles_moved/s): 469.996904
### code=pic lang=rust lto=0 scaling=weak style=SINUSOIDAL rep=6
Parallel Research Kernels
MPI Particle-in-Cell execution on 2D grid
Number of ranks                    = 80
Load balancing                     = None
Grid size                          = 1000
Tiles in x/y-direction             = 8/10
Number of particles requested      = 8192000
Number of time steps               = 100
Initialization mode                = SINUSOIDAL
Particle charge semi-increment (k) = 0
Vertical velocity              (m) = 1
Rank search mode used              = simple
Number of particles placed         = 8189349
total time: 2.179208069
Solution validates
Rate (Mparticles_moved/s): 375.916376
### code=pic lang=rust lto=1 scaling=weak style=SINUSOIDAL rep=6
Parallel Research Kernels
MPI Particle-in-Cell execution on 2D grid
Number of ranks                    = 80
Load balancing                     = None
Grid size                          = 1000
Tiles in x/y-direction             = 8/10
Number of particles requested      = 8192000
Number of time steps               = 100
Initialization mode                = SINUSOIDAL
Particle charge semi-increment (k) = 0
Vertical velocity              (m) = 1
Rank search mode used              = simple
Number of particles placed         = 8189349
total time: 2.189455113
Solution validates
Rate (Mparticles_moved/s): 374.157020
### code=pic lang=c lto=0 scaling=weak style=LINEAR rep=6
Parallel Research Kernels version 2.17
MPI Particle-in-Cell execution on 2D grid
Number of ranks                    = 80
Load balancing                     = None
Grid size                          = 1000
Tiles in x/y-direction             = 8/10
Number of particles requested      = 8192000
Number of time steps               = 100
Initialization mode                = LINEAR
  Negative slope                   = 1.000000
  Offset                           = 3.000000
Particle charge semi-increment (k) = 1
Vertical velocity              (m) = 0
Rank search mode used              = simple
Number of particles placed         = 8189941
Solution validates
Rate (Mparticles_moved/s): 740.035368
### code=pic lang=c lto=1 scaling=weak style=LINEAR rep=6
Parallel Research Kernels version 2.17
MPI Particle-in-Cell execution on 2D grid
Number of ranks                    = 80
Load balancing                     = None
Grid size                          = 1000
Tiles in x/y-direction             = 8/10
Number of particles requested      = 8192000
Number of time steps               = 100
Initialization mode                = LINEAR
  Negative slope                   = 1.000000
  Offset                           = 3.000000
Particle charge semi-increment (k) = 1
Vertical velocity              (m) = 0
Rank search mode used              = simple
Number of particles placed         = 8189941
Solution validates
Rate (Mparticles_moved/s): 785.065770
### code=pic lang=rust lto=0 scaling=weak style=LINEAR rep=6
Parallel Research Kernels
MPI Particle-in-Cell execution on 2D grid
Number of ranks                    = 80
Load balancing                     = None
Grid size                          = 1000
Tiles in x/y-direction             = 8/10
Number of particles requested      = 8192000
Number of time steps               = 100
Initialization mode            = LINEAR
  Negative slope               = 1.000000
  Offset                       = 3.000000
Particle charge semi-increment (k) = 1
Vertical velocity              (m) = 0
Rank search mode used              = simple
Number of particles placed         = 8189941
total time: 1.603893127
Solution validates
Rate (Mparticles_moved/s): 510.757223
### code=pic lang=rust lto=1 scaling=weak style=LINEAR rep=6
Parallel Research Kernels
MPI Particle-in-Cell execution on 2D grid
Number of ranks                    = 80
Load balancing                     = None
Grid size                          = 1000
Tiles in x/y-direction             = 8/10
Number of particles requested      = 8192000
Number of time steps               = 100
Initialization mode            = LINEAR
  Negative slope               = 1.000000
  Offset                       = 3.000000
Particle charge semi-increment (k) = 1
Vertical velocity              (m) = 0
Rank search mode used              = simple
Number of particles placed         = 8189941
total time: 1.635736021
Solution validates
Rate (Mparticles_moved/s): 500.814306
### code=pic lang=c lto=0 scaling=weak style=PATCH rep=6
Parallel Research Kernels version 2.17
MPI Particle-in-Cell execution on 2D grid
Number of ranks                    = 80
Load balancing                     = None
Grid size                          = 1000
Tiles in x/y-direction             = 8/10
Number of particles requested      = 8192000
Number of time steps               = 100
Initialization mode                = PATCH
  Bounding box                     = 0, 200, 100, 200
Particle charge semi-increment (k) = 1
Vertical velocity              (m) = 0
Rank search mode used              = simple
Number of particles placed         = 8181718
Solution validates
Rate (Mparticles_moved/s): 19.959637
### code=pic lang=c lto=1 scaling=weak style=PATCH rep=6
Parallel Research Kernels version 2.17
MPI Particle-in-Cell execution on 2D grid
Number of ranks                    = 80
Load balancing                     = None
Grid size                          = 1000
Tiles in x/y-direction             = 8/10
Number of particles requested      = 8192000
Number of time steps               = 100
Initialization mode                = PATCH
  Bounding box                     = 0, 200, 100, 200
Particle charge semi-increment (k) = 1
Vertical velocity              (m) = 0
Rank search mode used              = simple
Number of particles placed         = 8181718
Solution validates
Rate (Mparticles_moved/s): 20.800685
### code=pic lang=rust lto=0 scaling=weak style=PATCH rep=6
Parallel Research Kernels
MPI Particle-in-Cell execution on 2D grid
Number of ranks                    = 80
Load balancing                     = None
Grid size                          = 1000
Tiles in x/y-direction             = 8/10
Number of particles requested      = 8192000
Number of time steps               = 100
Initialization mode            = PATCH
  Bounding box                 = 0, 200, 100, 200
Particle charge semi-increment (k) = 1
Vertical velocity              (m) = 0
Rank search mode used              = simple
Number of particles placed         = 8181718
total time: 37.949382442
Solution validates
Rate (Mparticles_moved/s): 21.586649
### code=pic lang=rust lto=1 scaling=weak style=PATCH rep=6
Parallel Research Kernels
MPI Particle-in-Cell execution on 2D grid
Number of ranks                    = 80
Load balancing                     = None
Grid size                          = 1000
Tiles in x/y-direction             = 8/10
Number of particles requested      = 8192000
Number of time steps               = 100
Initialization mode            = PATCH
  Bounding box                 = 0, 200, 100, 200
Particle charge semi-increment (k) = 1
Vertical velocity              (m) = 0
Rank search mode used              = simple
Number of particles placed         = 8181718
total time: 37.289201824
Solution validates
Rate (Mparticles_moved/s): 21.968826
### code=pic lang=c lto=0 scaling=weak style=GEOMETRIC rep=7
Parallel Research Kernels version 2.17
MPI Particle-in-Cell execution on 2D grid
Number of ranks                    = 80
Load balancing                     = None
Grid size                          = 1000
Tiles in x/y-direction             = 8/10
Number of particles requested      = 8192000
Number of time steps               = 100
Initialization mode                = GEOMETRIC
  Attenuation factor               = 0.990000
Particle charge semi-increment (k) = 1
Vertical velocity              (m) = 2
Rank search mode used              = simple
Number of particles placed         = 8190072
Solution validates
Rate (Mparticles_moved/s): 176.456710
### code=pic lang=c lto=1 scaling=weak style=GEOMETRIC rep=7
Parallel Research Kernels version 2.17
MPI Particle-in-Cell execution on 2D grid
Number of ranks                    = 80
Load balancing                     = None
Grid size                          = 1000
Tiles in x/y-direction             = 8/10
Number of particles requested      = 8192000
Number of time steps               = 100
Initialization mode                = GEOMETRIC
  Attenuation factor               = 0.990000
Particle charge semi-increment (k) = 1
Vertical velocity              (m) = 2
Rank search mode used              = simple
Number of particles placed         = 8190072
Solution validates
Rate (Mparticles_moved/s): 186.502361
### code=pic lang=rust lto=0 scaling=weak style=GEOMETRIC rep=7
Parallel Research Kernels
MPI Particle-in-Cell execution on 2D grid
Number of ranks                    = 80
Load balancing                     = None
Grid size                          = 1000
Tiles in x/y-direction             = 8/10
Number of particles requested      = 8192000
Number of time steps               = 100
Initialization mode            = GEOMETRIC
  Attenuation factor           = 0.990000
Particle charge semi-increment (k) = 1
Vertical velocity              (m) = 2
Rank search mode used              = simple
Number of particles placed         = 8190072
total time: 4.338657194
Solution validates
Rate (Mparticles_moved/s): 188.814180
### code=pic lang=rust lto=1 scaling=weak style=GEOMETRIC rep=7
Parallel Research Kernels
MPI Particle-in-Cell execution on 2D grid
Number of ranks                    = 80
Load balancing                     = None
Grid size                          = 1000
Tiles in x/y-direction             = 8/10
Number of particles requested      = 8192000
Number of time steps               = 100
Initialization mode            = GEOMETRIC
  Attenuation factor           = 0.990000
Particle charge semi-increment (k) = 1
Vertical velocity              (m) = 2
Rank search mode used              = simple
Number of particles placed         = 8190072
total time: 4.250149675
Solution validates
Rate (Mparticles_moved/s): 192.746153
### code=pic lang=c lto=0 scaling=weak style=SINUSOIDAL rep=7
Parallel Research Kernels version 2.17
MPI Particle-in-Cell execution on 2D grid
Number of ranks                    = 80
Load balancing                     = None
Grid size                          = 1000
Tiles in x/y-direction             = 8/10
Number of particles requested      = 8192000
Number of time steps               = 100
Initialization mode                = SINUSOIDAL
Particle charge semi-increment (k) = 0
Vertical velocity              (m) = 1
Rank search mode used              = simple
Number of particles placed         = 8189349
Solution validates
Rate (Mparticles_moved/s): 462.836498
### code=pic lang=c lto=1 scaling=weak style=SINUSOIDAL rep=7
Parallel Research Kernels version 2.17
MPI Particle-in-Cell execution on 2D grid
Number of ranks                    = 80
Load balancing                     = None
Grid size                          = 1000
Tiles in x/y-direction             = 8/10
Number of particles requested      = 8192000
Number of time steps               = 100
Initialization mode                = SINUSOIDAL
Particle charge semi-increment (k) = 0
Vertical velocity              (m) = 1
Rank search mode used              = simple
Number of particles placed         = 8189349
Solution validates
Rate (Mparticles_moved/s): 470.475023
### code=pic lang=rust lto=0 scaling=weak style=SINUSOIDAL rep=7
Parallel Research Kernels
MPI Particle-in-Cell execution on 2D grid
Number of ranks                    = 80
Load balancing                     = None
Grid size                          = 1000
Tiles in x/y-direction             = 8/10
Number of particles requested      = 8192000
Number of time steps               = 100
Initialization mode                = SINUSOIDAL
Particle charge semi-increment (k) = 0
Vertical velocity              (m) = 1
Rank search mode used              = simple
Number of particles placed         = 8189349
total time: 2.198110686
Solution validates
Rate (Mparticles_moved/s): 372.683689
### code=pic lang=rust lto=1 scaling=weak style=SINUSOIDAL rep=7
Parallel Research Kernels
MPI Particle-in-Cell execution on 2D grid
Number of ranks                    = 80
Load balancing                     = None
Grid size                          = 1000
Tiles in x/y-direction             = 8/10
Number of particles requested      = 8192000
Number of time steps               = 100
Initialization mode                = SINUSOIDAL
Particle charge semi-increment (k) = 0
Vertical velocity              (m) = 1
Rank search mode used              = simple
Number of particles placed         = 8189349
total time: 2.16121483
Solution validates
Rate (Mparticles_moved/s): 379.046076
### code=pic lang=c lto=0 scaling=weak style=LINEAR rep=7
Parallel Research Kernels version 2.17
MPI Particle-in-Cell execution on 2D grid
Number of ranks                    = 80
Load balancing                     = None
Grid size                          = 1000
Tiles in x/y-direction             = 8/10
Number of particles requested      = 8192000
Number of time steps               = 100
Initialization mode                = LINEAR
  Negative slope                   = 1.000000
  Offset                           = 3.000000
Particle charge semi-increment (k) = 1
Vertical velocity              (m) = 0
Rank search mode used              = simple
Number of particles placed         = 8189941
Solution validates
Rate (Mparticles_moved/s): 736.519074
### code=pic lang=c lto=1 scaling=weak style=LINEAR rep=7
Parallel Research Kernels version 2.17
MPI Particle-in-Cell execution on 2D grid
Number of ranks                    = 80
Load balancing                     = None
Grid size                          = 1000
Tiles in x/y-direction             = 8/10
Number of particles requested      = 8192000
Number of time steps               = 100
Initialization mode                = LINEAR
  Negative slope                   = 1.000000
  Offset                           = 3.000000
Particle charge semi-increment (k) = 1
Vertical velocity              (m) = 0
Rank search mode used              = simple
Number of particles placed         = 8189941
Solution validates
Rate (Mparticles_moved/s): 756.455425
### code=pic lang=rust lto=0 scaling=weak style=LINEAR rep=7
Parallel Research Kernels
MPI Particle-in-Cell execution on 2D grid
Number of ranks                    = 80
Load balancing                     = None
Grid size                          = 1000
Tiles in x/y-direction             = 8/10
Number of particles requested      = 8192000
Number of time steps               = 100
Initialization mode            = LINEAR
  Negative slope               = 1.000000
  Offset                       = 3.000000
Particle charge semi-increment (k) = 1
Vertical velocity              (m) = 0
Rank search mode used              = simple
Number of particles placed         = 8189941
total time: 1.661710942
Solution validates
Rate (Mparticles_moved/s): 492.985861
### code=pic lang=rust lto=1 scaling=weak style=LINEAR rep=7
Parallel Research Kernels
MPI Particle-in-Cell execution on 2D grid
Number of ranks                    = 80
Load balancing                     = None
Grid size                          = 1000
Tiles in x/y-direction             = 8/10
Number of particles requested      = 8192000
Number of time steps               = 100
Initialization mode            = LINEAR
  Negative slope               = 1.000000
  Offset                       = 3.000000
Particle charge semi-increment (k) = 1
Vertical velocity              (m) = 0
Rank search mode used              = simple
Number of particles placed         = 8189941
total time: 1.602325905
Solution validates
Rate (Mparticles_moved/s): 511.256791
### code=pic lang=c lto=0 scaling=weak style=PATCH rep=7
Parallel Research Kernels version 2.17
MPI Particle-in-Cell execution on 2D grid
Number of ranks                    = 80
Load balancing                     = None
Grid size                          = 1000
Tiles in x/y-direction             = 8/10
Number of particles requested      = 8192000
Number of time steps               = 100
Initialization mode                = PATCH
  Bounding box                     = 0, 200, 100, 200
Particle charge semi-increment (k) = 1
Vertical velocity              (m) = 0
Rank search mode used              = simple
Number of particles placed         = 8181718
Solution validates
Rate (Mparticles_moved/s): 19.967257
### code=pic lang=c lto=1 scaling=weak style=PATCH rep=7
Parallel Research Kernels version 2.17
MPI Particle-in-Cell execution on 2D grid
Number of ranks                    = 80
Load balancing                     = None
Grid size                          = 1000
Tiles in x/y-direction             = 8/10
Number of particles requested      = 8192000
Number of time steps               = 100
Initialization mode                = PATCH
  Bounding box                     = 0, 200, 100, 200
Particle charge semi-increment (k) = 1
Vertical velocity              (m) = 0
Rank search mode used              = simple
Number of particles placed         = 8181718
Solution validates
Rate (Mparticles_moved/s): 20.795147
### code=pic lang=rust lto=0 scaling=weak style=PATCH rep=7
Parallel Research Kernels
MPI Particle-in-Cell execution on 2D grid
Number of ranks                    = 80
Load balancing                     = None
Grid size                          = 1000
Tiles in x/y-direction             = 8/10
Number of particles requested      = 8192000
Number of time steps               = 100
Initialization mode            = PATCH
  Bounding box                 = 0, 200, 100, 200
Particle charge semi-increment (k) = 1
Vertical velocity              (m) = 0
Rank search mode used              = simple
Number of particles placed         = 8181718
total time: 38.006859301
Solution validates
Rate (Mparticles_moved/s): 21.554004
### code=pic lang=rust lto=1 scaling=weak style=PATCH rep=7
Parallel Research Kernels
MPI Particle-in-Cell execution on 2D grid
Number of ranks                    = 80
Load balancing                     = None
Grid size                          = 1000
Tiles in x/y-direction             = 8/10
Number of particles requested      = 8192000
Number of time steps               = 100
Initialization mode            = PATCH
  Bounding box                 = 0, 200, 100, 200
Particle charge semi-increment (k) = 1
Vertical velocity              (m) = 0
Rank search mode used              = simple
Number of particles placed         = 8181718
total time: 37.290863803
Solution validates
Rate (Mparticles_moved/s): 21.967847
### code=pic lang=c lto=0 scaling=weak style=GEOMETRIC rep=8
Parallel Research Kernels version 2.17
MPI Particle-in-Cell execution on 2D grid
Number of ranks                    = 80
Load balancing                     = None
Grid size                          = 1000
Tiles in x/y-direction             = 8/10
Number of particles requested      = 8192000
Number of time steps               = 100
Initialization mode                = GEOMETRIC
  Attenuation factor               = 0.990000
Particle charge semi-increment (k) = 1
Vertical velocity              (m) = 2
Rank search mode used              = simple
Number of particles placed         = 8190072
Solution validates
Rate (Mparticles_moved/s): 182.329572
### code=pic lang=c lto=1 scaling=weak style=GEOMETRIC rep=8
Parallel Research Kernels version 2.17
MPI Particle-in-Cell execution on 2D grid
Number of ranks                    = 80
Load balancing                     = None
Grid size                          = 1000
Tiles in x/y-direction             = 8/10
Number of particles requested      = 8192000
Number of time steps               = 100
Initialization mode                = GEOMETRIC
  Attenuation factor               = 0.990000
Particle charge semi-increment (k) = 1
Vertical velocity              (m) = 2
Rank search mode used              = simple
Number of particles placed         = 8190072
Solution validates
Rate (Mparticles_moved/s): 188.232798
### code=pic lang=rust lto=0 scaling=weak style=GEOMETRIC rep=8
Parallel Research Kernels
MPI Particle-in-Cell execution on 2D grid
Number of ranks                    = 80
Load balancing                     = None
Grid size                          = 1000
Tiles in x/y-direction             = 8/10
Number of particles requested      = 8192000
Number of time steps               = 100
Initialization mode            = GEOMETRIC
  Attenuation factor           = 0.990000
Particle charge semi-increment (k) = 1
Vertical velocity              (m) = 2
Rank search mode used              = simple
Number of particles placed         = 8190072
total time: 4.443730168
Solution validates
Rate (Mparticles_moved/s): 184.349627
### code=pic lang=rust lto=1 scaling=weak style=GEOMETRIC rep=8
Parallel Research Kernels
MPI Particle-in-Cell execution on 2D grid
Number of ranks                    = 80
Load balancing                     = None
Grid size                          = 1000
Tiles in x/y-direction             = 8/10
Number of particles requested      = 8192000
Number of time steps               = 100
Initialization mode            = GEOMETRIC
  Attenuation factor           = 0.990000
Particle charge semi-increment (k) = 1
Vertical velocity              (m) = 2
Rank search mode used              = simple
Number of particles placed         = 8190072
total time: 4.276108385
Solution validates
Rate (Mparticles_moved/s): 191.576061
### code=pic lang=c lto=0 scaling=weak style=SINUSOIDAL rep=8
Parallel Research Kernels version 2.17
MPI Particle-in-Cell execution on 2D grid
Number of ranks                    = 80
Load balancing                     = None
Grid size                          = 1000
Tiles in x/y-direction             = 8/10
Number of particles requested      = 8192000
Number of time steps               = 100
Initialization mode                = SINUSOIDAL
Particle charge semi-increment (k) = 0
Vertical velocity              (m) = 1
Rank search mode used              = simple
Number of particles placed         = 8189349
Solution validates
Rate (Mparticles_moved/s): 464.703495
### code=pic lang=c lto=1 scaling=weak style=SINUSOIDAL rep=8
Parallel Research Kernels version 2.17
MPI Particle-in-Cell execution on 2D grid
Number of ranks                    = 80
Load balancing                     = None
Grid size                          = 1000
Tiles in x/y-direction             = 8/10
Number of particles requested      = 8192000
Number of time steps               = 100
Initialization mode                = SINUSOIDAL
Particle charge semi-increment (k) = 0
Vertical velocity              (m) = 1
Rank search mode used              = simple
Number of particles placed         = 8189349
Solution validates
Rate (Mparticles_moved/s): 471.948951
### code=pic lang=rust lto=0 scaling=weak style=SINUSOIDAL rep=8
Parallel Research Kernels
MPI Particle-in-Cell execution on 2D grid
Number of ranks                    = 80
Load balancing                     = None
Grid size                          = 1000
Tiles in x/y-direction             = 8/10
Number of particles requested      = 8192000
Number of time steps               = 100
Initialization mode                = SINUSOIDAL
Particle charge semi-increment (k) = 0
Vertical velocity              (m) = 1
Rank search mode used              = simple
Number of particles placed         = 8189349
total time: 2.138915364
Solution validates
Rate (Mparticles_moved/s): 382.997857
### code=pic lang=rust lto=1 scaling=weak style=SINUSOIDAL rep=8
Parallel Research Kernels
MPI Particle-in-Cell execution on 2D grid
Number of ranks                    = 80
Load balancing                     = None
Grid size                          = 1000
Tiles in x/y-direction             = 8/10
Number of particles requested      = 8192000
Number of time steps               = 100
Initialization mode                = SINUSOIDAL
Particle charge semi-increment (k) = 0
Vertical velocity              (m) = 1
Rank search mode used              = simple
Number of particles placed         = 8189349
total time: 2.150333678
Solution validates
Rate (Mparticles_moved/s): 380.964131
### code=pic lang=c lto=0 scaling=weak style=LINEAR rep=8
Parallel Research Kernels version 2.17
MPI Particle-in-Cell execution on 2D grid
Number of ranks                    = 80
Load balancing                     = None
Grid size                          = 1000
Tiles in x/y-direction             = 8/10
Number of particles requested      = 8192000
Number of time steps               = 100
Initialization mode                = LINEAR
  Negative slope                   = 1.000000
  Offset                           = 3.000000
Particle charge semi-increment (k) = 1
Vertical velocity              (m) = 0
Rank search mode used              = simple
Number of particles placed         = 8189941
Solution validates
Rate (Mparticles_moved/s): 748.318457
### code=pic lang=c lto=1 scaling=weak style=LINEAR rep=8
Parallel Research Kernels version 2.17
MPI Particle-in-Cell execution on 2D grid
Number of ranks                    = 80
Load balancing                     = None
Grid size                          = 1000
Tiles in x/y-direction             = 8/10
Number of particles requested      = 8192000
Number of time steps               = 100
Initialization mode                = LINEAR
  Negative slope                   = 1.000000
  Offset                           = 3.000000
Particle charge semi-increment (k) = 1
Vertical velocity              (m) = 0
Rank search mode used              = simple
Number of particles placed         = 8189941
Solution validates
Rate (Mparticles_moved/s): 784.826675
### code=pic lang=rust lto=0 scaling=weak style=LINEAR rep=8
Parallel Research Kernels
MPI Particle-in-Cell execution on 2D grid
Number of ranks                    = 80
Load balancing                     = None
Grid size                          = 1000
Tiles in x/y-direction             = 8/10
Number of particles requested      = 8192000
Number of time steps               = 100
Initialization mode            = LINEAR
  Negative slope               = 1.000000
  Offset                       = 3.000000
Particle charge semi-increment (k) = 1
Vertical velocity              (m) = 0
Rank search mode used              = simple
Number of particles placed         = 8189941
total time: 1.6460829559999999
Solution validates
Rate (Mparticles_moved/s): 497.666291
### code=pic lang=rust lto=1 scaling=weak style=LINEAR rep=8
Parallel Research Kernels
MPI Particle-in-Cell execution on 2D grid
Number of ranks                    = 80
Load balancing                     = None
Grid size                          = 1000
Tiles in x/y-direction             = 8/10
Number of particles requested      = 8192000
Number of time steps               = 100
Initialization mode            = LINEAR
  Negative slope               = 1.000000
  Offset                       = 3.000000
Particle charge semi-increment (k) = 1
Vertical velocity              (m) = 0
Rank search mode used              = simple
Number of particles placed         = 8189941
total time: 1.602140859
Solution validates
Rate (Mparticles_moved/s): 511.315841
### code=pic lang=c lto=0 scaling=weak style=PATCH rep=8
Parallel Research Kernels version 2.17
MPI Particle-in-Cell execution on 2D grid
Number of ranks                    = 80
Load balancing                     = None
Grid size                          = 1000
Tiles in x/y-direction             = 8/10
Number of particles requested      = 8192000
Number of time steps               = 100
Initialization mode                = PATCH
  Bounding box                     = 0, 200, 100, 200
Particle charge semi-increment (k) = 1
Vertical velocity              (m) = 0
Rank search mode used              = simple
Number of particles placed         = 8181718
Solution validates
Rate (Mparticles_moved/s): 19.985567
### code=pic lang=c lto=1 scaling=weak style=PATCH rep=8
Parallel Research Kernels version 2.17
MPI Particle-in-Cell execution on 2D grid
Number of ranks                    = 80
Load balancing                     = None
Grid size                          = 1000
Tiles in x/y-direction             = 8/10
Number of particles requested      = 8192000
Number of time steps               = 100
Initialization mode                = PATCH
  Bounding box                     = 0, 200, 100, 200
Particle charge semi-increment (k) = 1
Vertical velocity              (m) = 0
Rank search mode used              = simple
Number of particles placed         = 8181718
Solution validates
Rate (Mparticles_moved/s): 20.743013
### code=pic lang=rust lto=0 scaling=weak style=PATCH rep=8
Parallel Research Kernels
MPI Particle-in-Cell execution on 2D grid
Number of ranks                    = 80
Load balancing                     = None
Grid size                          = 1000
Tiles in x/y-direction             = 8/10
Number of particles requested      = 8192000
Number of time steps               = 100
Initialization mode            = PATCH
  Bounding box                 = 0, 200, 100, 200
Particle charge semi-increment (k) = 1
Vertical velocity              (m) = 0
Rank search mode used              = simple
Number of particles placed         = 8181718
total time: 37.842255397
Solution validates
Rate (Mparticles_moved/s): 21.647758
### code=pic lang=rust lto=1 scaling=weak style=PATCH rep=8
Parallel Research Kernels
MPI Particle-in-Cell execution on 2D grid
Number of ranks                    = 80
Load balancing                     = None
Grid size                          = 1000
Tiles in x/y-direction             = 8/10
Number of particles requested      = 8192000
Number of time steps               = 100
Initialization mode            = PATCH
  Bounding box                 = 0, 200, 100, 200
Particle charge semi-increment (k) = 1
Vertical velocity              (m) = 0
Rank search mode used              = simple
Number of particles placed         = 8181718
total time: 37.283693027
Solution validates
Rate (Mparticles_moved/s): 21.972072
### code=pic lang=c lto=0 scaling=weak style=GEOMETRIC rep=9
Parallel Research Kernels version 2.17
MPI Particle-in-Cell execution on 2D grid
Number of ranks                    = 80
Load balancing                     = None
Grid size                          = 1000
Tiles in x/y-direction             = 8/10
Number of particles requested      = 8192000
Number of time steps               = 100
Initialization mode                = GEOMETRIC
  Attenuation factor               = 0.990000
Particle charge semi-increment (k) = 1
Vertical velocity              (m) = 2
Rank search mode used              = simple
Number of particles placed         = 8190072
Solution validates
Rate (Mparticles_moved/s): 182.278383
### code=pic lang=c lto=1 scaling=weak style=GEOMETRIC rep=9
Parallel Research Kernels version 2.17
MPI Particle-in-Cell execution on 2D grid
Number of ranks                    = 80
Load balancing                     = None
Grid size                          = 1000
Tiles in x/y-direction             = 8/10
Number of particles requested      = 8192000
Number of time steps               = 100
Initialization mode                = GEOMETRIC
  Attenuation factor               = 0.990000
Particle charge semi-increment (k) = 1
Vertical velocity              (m) = 2
Rank search mode used              = simple
Number of particles placed         = 8190072
Solution validates
Rate (Mparticles_moved/s): 188.754808
### code=pic lang=rust lto=0 scaling=weak style=GEOMETRIC rep=9
Parallel Research Kernels
MPI Particle-in-Cell execution on 2D grid
Number of ranks                    = 80
Load balancing                     = None
Grid size                          = 1000
Tiles in x/y-direction             = 8/10
Number of particles requested      = 8192000
Number of time steps               = 100
Initialization mode            = GEOMETRIC
  Attenuation factor           = 0.990000
Particle charge semi-increment (k) = 1
Vertical velocity              (m) = 2
Rank search mode used              = simple
Number of particles placed         = 8190072
total time: 4.337143589
Solution validates
Rate (Mparticles_moved/s): 188.880074
### code=pic lang=rust lto=1 scaling=weak style=GEOMETRIC rep=9
Parallel Research Kernels
MPI Particle-in-Cell execution on 2D grid
Number of ranks                    = 80
Load balancing                     = None
Grid size                          = 1000
Tiles in x/y-direction             = 8/10
Number of particles requested      = 8192000
Number of time steps               = 100
Initialization mode            = GEOMETRIC
  Attenuation factor           = 0.990000
Particle charge semi-increment (k) = 1
Vertical velocity              (m) = 2
Rank search mode used              = simple
Number of particles placed         = 8190072
total time: 4.344950681
Solution validates
Rate (Mparticles_moved/s): 188.540690
### code=pic lang=c lto=0 scaling=weak style=SINUSOIDAL rep=9
Parallel Research Kernels version 2.17
MPI Particle-in-Cell execution on 2D grid
Number of ranks                    = 80
Load balancing                     = None
Grid size                          = 1000
Tiles in x/y-direction             = 8/10
Number of particles requested      = 8192000
Number of time steps               = 100
Initialization mode                = SINUSOIDAL
Particle charge semi-increment (k) = 0
Vertical velocity              (m) = 1
Rank search mode used              = simple
Number of particles placed         = 8189349
Solution validates
Rate (Mparticles_moved/s): 464.455166
### code=pic lang=c lto=1 scaling=weak style=SINUSOIDAL rep=9
Parallel Research Kernels version 2.17
MPI Particle-in-Cell execution on 2D grid
Number of ranks                    = 80
Load balancing                     = None
Grid size                          = 1000
Tiles in x/y-direction             = 8/10
Number of particles requested      = 8192000
Number of time steps               = 100
Initialization mode                = SINUSOIDAL
Particle charge semi-increment (k) = 0
Vertical velocity              (m) = 1
Rank search mode used              = simple
Number of particles placed         = 8189349
Solution validates
Rate (Mparticles_moved/s): 481.417036
### code=pic lang=rust lto=0 scaling=weak style=SINUSOIDAL rep=9
Parallel Research Kernels
MPI Particle-in-Cell execution on 2D grid
Number of ranks                    = 80
Load balancing                     = None
Grid size                          = 1000
Tiles in x/y-direction             = 8/10
Number of particles requested      = 8192000
Number of time steps               = 100
Initialization mode                = SINUSOIDAL
Particle charge semi-increment (k) = 0
Vertical velocity              (m) = 1
Rank search mode used              = simple
Number of particles placed         = 8189349
total time: 2.18675546
Solution validates
Rate (Mparticles_moved/s): 374.618934
### code=pic lang=rust lto=1 scaling=weak style=SINUSOIDAL rep=9
Parallel Research Kernels
MPI Particle-in-Cell execution on 2D grid
Number of ranks                    = 80
Load balancing                     = None
Grid size                          = 1000
Tiles in x/y-direction             = 8/10
Number of particles requested      = 8192000
Number of time steps               = 100
Initialization mode                = SINUSOIDAL
Particle charge semi-increment (k) = 0
Vertical velocity              (m) = 1
Rank search mode used              = simple
Number of particles placed         = 8189349
total time: 2.0891525
Solution validates
Rate (Mparticles_moved/s): 392.120728
### code=pic lang=c lto=0 scaling=weak style=LINEAR rep=9
Parallel Research Kernels version 2.17
MPI Particle-in-Cell execution on 2D grid
Number of ranks                    = 80
Load balancing                     = None
Grid size                          = 1000
Tiles in x/y-direction             = 8/10
Number of particles requested      = 8192000
Number of time steps               = 100
Initialization mode                = LINEAR
  Negative slope                   = 1.000000
  Offset                           = 3.000000
Particle charge semi-increment (k) = 1
Vertical velocity              (m) = 0
Rank search mode used              = simple
Number of particles placed         = 8189941
Solution validates
Rate (Mparticles_moved/s): 732.741761
### code=pic lang=c lto=1 scaling=weak style=LINEAR rep=9
Parallel Research Kernels version 2.17
MPI Particle-in-Cell execution on 2D grid
Number of ranks                    = 80
Load balancing                     = None
Grid size                          = 1000
Tiles in x/y-direction             = 8/10
Number of particles requested      = 8192000
Number of time steps               = 100
Initialization mode                = LINEAR
  Negative slope                   = 1.000000
  Offset                           = 3.000000
Particle charge semi-increment (k) = 1
Vertical velocity              (m) = 0
Rank search mode used              = simple
Number of particles placed         = 8189941
Solution validates
Rate (Mparticles_moved/s): 815.583636
### code=pic lang=rust lto=0 scaling=weak style=LINEAR rep=9
Parallel Research Kernels
MPI Particle-in-Cell execution on 2D grid
Number of ranks                    = 80
Load balancing                     = None
Grid size                          = 1000
Tiles in x/y-direction             = 8/10
Number of particles requested      = 8192000
Number of time steps               = 100
Initialization mode            = LINEAR
  Negative slope               = 1.000000
  Offset                       = 3.000000
Particle charge semi-increment (k) = 1
Vertical velocity              (m) = 0
Rank search mode used              = simple
Number of particles placed         = 8189941
total time: 1.681342879
Solution validates
Rate (Mparticles_moved/s): 487.229589
### code=pic lang=rust lto=1 scaling=weak style=LINEAR rep=9
Parallel Research Kernels
MPI Particle-in-Cell execution on 2D grid
Number of ranks                    = 80
Load balancing                     = None
Grid size                          = 1000
Tiles in x/y-direction             = 8/10
Number of particles requested      = 8192000
Number of time steps               = 100
Initialization mode            = LINEAR
  Negative slope               = 1.000000
  Offset                       = 3.000000
Particle charge semi-increment (k) = 1
Vertical velocity              (m) = 0
Rank search mode used              = simple
Number of particles placed         = 8189941
total time: 1.670187491
Solution validates
Rate (Mparticles_moved/s): 490.483856
### code=pic lang=c lto=0 scaling=weak style=PATCH rep=9
Parallel Research Kernels version 2.17
MPI Particle-in-Cell execution on 2D grid
Number of ranks                    = 80
Load balancing                     = None
Grid size                          = 1000
Tiles in x/y-direction             = 8/10
Number of particles requested      = 8192000
Number of time steps               = 100
Initialization mode                = PATCH
  Bounding box                     = 0, 200, 100, 200
Particle charge semi-increment (k) = 1
Vertical velocity              (m) = 0
Rank search mode used              = simple
Number of particles placed         = 8181718
Solution validates
Rate (Mparticles_moved/s): 19.992772
### code=pic lang=c lto=1 scaling=weak style=PATCH rep=9
Parallel Research Kernels version 2.17
MPI Particle-in-Cell execution on 2D grid
Number of ranks                    = 80
Load balancing                     = None
Grid size                          = 1000
Tiles in x/y-direction             = 8/10
Number of particles requested      = 8192000
Number of time steps               = 100
Initialization mode                = PATCH
  Bounding box                     = 0, 200, 100, 200
Particle charge semi-increment (k) = 1
Vertical velocity              (m) = 0
Rank search mode used              = simple
Number of particles placed         = 8181718
Solution validates
Rate (Mparticles_moved/s): 20.794343
### code=pic lang=rust lto=0 scaling=weak style=PATCH rep=9
Parallel Research Kernels
MPI Particle-in-Cell execution on 2D grid
Number of ranks                    = 80
Load balancing                     = None
Grid size                          = 1000
Tiles in x/y-direction             = 8/10
Number of particles requested      = 8192000
Number of time steps               = 100
Initialization mode            = PATCH
  Bounding box                 = 0, 200, 100, 200
Particle charge semi-increment (k) = 1
Vertical velocity              (m) = 0
Rank search mode used              = simple
Number of particles placed         = 8181718
total time: 38.040684872
Solution validates
Rate (Mparticles_moved/s): 21.534838
### code=pic lang=rust lto=1 scaling=weak style=PATCH rep=9
Parallel Research Kernels
MPI Particle-in-Cell execution on 2D grid
Number of ranks                    = 80
Load balancing                     = None
Grid size                          = 1000
Tiles in x/y-direction             = 8/10
Number of particles requested      = 8192000
Number of time steps               = 100
Initialization mode            = PATCH
  Bounding box                 = 0, 200, 100, 200
Particle charge semi-increment (k) = 1
Vertical velocity              (m) = 0
Rank search mode used              = simple
Number of particles placed         = 8181718
total time: 37.185385995
Solution validates
Rate (Mparticles_moved/s): 22.030160
### code=solctra lang=c lto=0 scaling=strong style=NA rep=0
Communicator Size=[4].
Running with:
Resource Path=[resources/].
JobId=[61203800].
Steps=[1000].
Steps size=[0.001].
Particles=[61440].
Input Current=[-4350] A.
Mode=[1].
Output path=[results_61203800].
Loading input_big.txt with length=61440
Particles initialized
Loading resources//Bobina0m.txt with length=361
Loading resources//Bobina1m.txt with length=361
Loading resources//Bobina2m.txt with length=361
Loading resources//Bobina3m.txt with length=361
Loading resources//Bobina4m.txt with length=361
Loading resources//Bobina5m.txt with length=361
Loading resources//Bobina6m.txt with length=361
Loading resources//Bobina7m.txt with length=361
Loading resources//Bobina8m.txt with length=361
Loading resources//Bobina9m.txt with length=361
Loading resources//Bobina10m.txt with length=361
Loading resources//Bobina11m.txt with length=361
Coil data loaded
Executing simulation
Simulation finished
Total execution time=[120.59].
Timestamp: Mon Sep  7 19:32:15 2026

### code=solctra lang=c lto=1 scaling=strong style=NA rep=0
Communicator Size=[4].
Running with:
Resource Path=[resources/].
JobId=[61203810].
Steps=[1000].
Steps size=[0.001].
Particles=[61440].
Input Current=[-4350] A.
Mode=[1].
Output path=[results_61203810].
Loading input_big.txt with length=61440
Particles initialized
Loading resources//Bobina0m.txt with length=361
Loading resources//Bobina1m.txt with length=361
Loading resources//Bobina2m.txt with length=361
Loading resources//Bobina3m.txt with length=361
Loading resources//Bobina4m.txt with length=361
Loading resources//Bobina5m.txt with length=361
Loading resources//Bobina6m.txt with length=361
Loading resources//Bobina7m.txt with length=361
Loading resources//Bobina8m.txt with length=361
Loading resources//Bobina9m.txt with length=361
Loading resources//Bobina10m.txt with length=361
Loading resources//Bobina11m.txt with length=361
Coil data loaded
Executing simulation
Simulation finished
Total execution time=[120.19].
Timestamp: Mon Sep  7 19:34:15 2026

### code=solctra lang=rust lto=0 scaling=strong style=NA rep=0
### code=solctra lang=rust lto=1 scaling=strong style=NA rep=0
### code=solctra lang=c lto=0 scaling=strong style=NA rep=1
Communicator Size=[4].
Running with:
Resource Path=[resources/].
JobId=[61203801].
Steps=[1000].
Steps size=[0.001].
Particles=[61440].
Input Current=[-4350] A.
Mode=[1].
Output path=[results_61203801].
Loading input_big.txt with length=61440
Particles initialized
Loading resources//Bobina0m.txt with length=361
Loading resources//Bobina1m.txt with length=361
Loading resources//Bobina2m.txt with length=361
Loading resources//Bobina3m.txt with length=361
Loading resources//Bobina4m.txt with length=361
Loading resources//Bobina5m.txt with length=361
Loading resources//Bobina6m.txt with length=361
Loading resources//Bobina7m.txt with length=361
Loading resources//Bobina8m.txt with length=361
Loading resources//Bobina9m.txt with length=361
Loading resources//Bobina10m.txt with length=361
Loading resources//Bobina11m.txt with length=361
Coil data loaded
Executing simulation
Simulation finished
Total execution time=[120.24].
Timestamp: Mon Sep  7 19:40:17 2026

### code=solctra lang=c lto=1 scaling=strong style=NA rep=1
Communicator Size=[4].
Running with:
Resource Path=[resources/].
JobId=[61203811].
Steps=[1000].
Steps size=[0.001].
Particles=[61440].
Input Current=[-4350] A.
Mode=[1].
Output path=[results_61203811].
Loading input_big.txt with length=61440
Particles initialized
Loading resources//Bobina0m.txt with length=361
Loading resources//Bobina1m.txt with length=361
Loading resources//Bobina2m.txt with length=361
Loading resources//Bobina3m.txt with length=361
Loading resources//Bobina4m.txt with length=361
Loading resources//Bobina5m.txt with length=361
Loading resources//Bobina6m.txt with length=361
Loading resources//Bobina7m.txt with length=361
Loading resources//Bobina8m.txt with length=361
Loading resources//Bobina9m.txt with length=361
Loading resources//Bobina10m.txt with length=361
Loading resources//Bobina11m.txt with length=361
Coil data loaded
Executing simulation
Simulation finished
Total execution time=[120.35].
Timestamp: Mon Sep  7 19:42:18 2026

### code=solctra lang=rust lto=0 scaling=strong style=NA rep=1
### code=solctra lang=rust lto=1 scaling=strong style=NA rep=1
### code=solctra lang=c lto=0 scaling=strong style=NA rep=2
Communicator Size=[4].
Running with:
Resource Path=[resources/].
JobId=[61203802].
Steps=[1000].
Steps size=[0.001].
Particles=[61440].
Input Current=[-4350] A.
Mode=[1].
Output path=[results_61203802].
Loading input_big.txt with length=61440
Particles initialized
Loading resources//Bobina0m.txt with length=361
Loading resources//Bobina1m.txt with length=361
Loading resources//Bobina2m.txt with length=361
Loading resources//Bobina3m.txt with length=361
Loading resources//Bobina4m.txt with length=361
Loading resources//Bobina5m.txt with length=361
Loading resources//Bobina6m.txt with length=361
Loading resources//Bobina7m.txt with length=361
Loading resources//Bobina8m.txt with length=361
Loading resources//Bobina9m.txt with length=361
Loading resources//Bobina10m.txt with length=361
Loading resources//Bobina11m.txt with length=361
Coil data loaded
Executing simulation
Simulation finished
Total execution time=[120.37].
Timestamp: Mon Sep  7 19:48:19 2026

### code=solctra lang=c lto=1 scaling=strong style=NA rep=2
Communicator Size=[4].
Running with:
Resource Path=[resources/].
JobId=[61203812].
Steps=[1000].
Steps size=[0.001].
Particles=[61440].
Input Current=[-4350] A.
Mode=[1].
Output path=[results_61203812].
Loading input_big.txt with length=61440
Particles initialized
Loading resources//Bobina0m.txt with length=361
Loading resources//Bobina1m.txt with length=361
Loading resources//Bobina2m.txt with length=361
Loading resources//Bobina3m.txt with length=361
Loading resources//Bobina4m.txt with length=361
Loading resources//Bobina5m.txt with length=361
Loading resources//Bobina6m.txt with length=361
Loading resources//Bobina7m.txt with length=361
Loading resources//Bobina8m.txt with length=361
Loading resources//Bobina9m.txt with length=361
Loading resources//Bobina10m.txt with length=361
Loading resources//Bobina11m.txt with length=361
Coil data loaded
Executing simulation
Simulation finished
Total execution time=[120.19].
Timestamp: Mon Sep  7 19:50:20 2026

### code=solctra lang=rust lto=0 scaling=strong style=NA rep=2
### code=solctra lang=rust lto=1 scaling=strong style=NA rep=2
### code=solctra lang=c lto=0 scaling=strong style=NA rep=3
Communicator Size=[4].
Running with:
Resource Path=[resources/].
JobId=[61203803].
Steps=[1000].
Steps size=[0.001].
Particles=[61440].
Input Current=[-4350] A.
Mode=[1].
Output path=[results_61203803].
Loading input_big.txt with length=61440
Particles initialized
Loading resources//Bobina0m.txt with length=361
Loading resources//Bobina1m.txt with length=361
Loading resources//Bobina2m.txt with length=361
Loading resources//Bobina3m.txt with length=361
Loading resources//Bobina4m.txt with length=361
Loading resources//Bobina5m.txt with length=361
Loading resources//Bobina6m.txt with length=361
Loading resources//Bobina7m.txt with length=361
Loading resources//Bobina8m.txt with length=361
Loading resources//Bobina9m.txt with length=361
Loading resources//Bobina10m.txt with length=361
Loading resources//Bobina11m.txt with length=361
Coil data loaded
Executing simulation
Simulation finished
Total execution time=[121.2].
Timestamp: Mon Sep  7 19:56:23 2026

### code=solctra lang=c lto=1 scaling=strong style=NA rep=3
Communicator Size=[4].
Running with:
Resource Path=[resources/].
JobId=[61203813].
Steps=[1000].
Steps size=[0.001].
Particles=[61440].
Input Current=[-4350] A.
Mode=[1].
Output path=[results_61203813].
Loading input_big.txt with length=61440
Particles initialized
Loading resources//Bobina0m.txt with length=361
Loading resources//Bobina1m.txt with length=361
Loading resources//Bobina2m.txt with length=361
Loading resources//Bobina3m.txt with length=361
Loading resources//Bobina4m.txt with length=361
Loading resources//Bobina5m.txt with length=361
Loading resources//Bobina6m.txt with length=361
Loading resources//Bobina7m.txt with length=361
Loading resources//Bobina8m.txt with length=361
Loading resources//Bobina9m.txt with length=361
Loading resources//Bobina10m.txt with length=361
Loading resources//Bobina11m.txt with length=361
Coil data loaded
Executing simulation
Simulation finished
Total execution time=[120.28].
Timestamp: Mon Sep  7 19:58:23 2026

### code=solctra lang=rust lto=0 scaling=strong style=NA rep=3
### code=solctra lang=rust lto=1 scaling=strong style=NA rep=3
### code=solctra lang=c lto=0 scaling=strong style=NA rep=4
Communicator Size=[4].
Running with:
Resource Path=[resources/].
JobId=[61203804].
Steps=[1000].
Steps size=[0.001].
Particles=[61440].
Input Current=[-4350] A.
Mode=[1].
Output path=[results_61203804].
Loading input_big.txt with length=61440
Particles initialized
Loading resources//Bobina0m.txt with length=361
Loading resources//Bobina1m.txt with length=361
Loading resources//Bobina2m.txt with length=361
Loading resources//Bobina3m.txt with length=361
Loading resources//Bobina4m.txt with length=361
Loading resources//Bobina5m.txt with length=361
Loading resources//Bobina6m.txt with length=361
Loading resources//Bobina7m.txt with length=361
Loading resources//Bobina8m.txt with length=361
Loading resources//Bobina9m.txt with length=361
Loading resources//Bobina10m.txt with length=361
Loading resources//Bobina11m.txt with length=361
Coil data loaded
Executing simulation
Simulation finished
Total execution time=[120.38].
Timestamp: Mon Sep  7 20:04:25 2026

### code=solctra lang=c lto=1 scaling=strong style=NA rep=4
Communicator Size=[4].
Running with:
Resource Path=[resources/].
JobId=[61203814].
Steps=[1000].
Steps size=[0.001].
Particles=[61440].
Input Current=[-4350] A.
Mode=[1].
Output path=[results_61203814].
Loading input_big.txt with length=61440
Particles initialized
Loading resources//Bobina0m.txt with length=361
Loading resources//Bobina1m.txt with length=361
Loading resources//Bobina2m.txt with length=361
Loading resources//Bobina3m.txt with length=361
Loading resources//Bobina4m.txt with length=361
Loading resources//Bobina5m.txt with length=361
Loading resources//Bobina6m.txt with length=361
Loading resources//Bobina7m.txt with length=361
Loading resources//Bobina8m.txt with length=361
Loading resources//Bobina9m.txt with length=361
Loading resources//Bobina10m.txt with length=361
Loading resources//Bobina11m.txt with length=361
Coil data loaded
Executing simulation
Simulation finished
Total execution time=[120.39].
Timestamp: Mon Sep  7 20:06:26 2026

### code=solctra lang=rust lto=0 scaling=strong style=NA rep=4
### code=solctra lang=rust lto=1 scaling=strong style=NA rep=4
### end=2026-09-07T20:10:27-06:00
