### job=612036 nodes=1 ntasks=20 nodelist=kura-1d.cnca start=2026-09-07T15:48:59-06:00
fbcdc31afbcbb4cc6416c3ad4328460d  pic
b0fc67b1e38cf1a1d5386bff0b5ad736  pic-lto
992efe734e123a6eed588bad792abc6b  pic-mpi
70194c16ec1d18309d77821b760ea7b8  pic-mpi-lto
564c0f68a93fb6ed53d368280dac4445  bs-solctra-multinode
22016471f0492d168d143c53f72ecd31  bs-solctra-multinode-lto
fd401c5c8e8f461cf2e0ca665e5a026f  bs-solctra-rs
a64c85102b6c093b813a1b7b5c9a709e  bs-solctra-rs-lto
### code=pic lang=c lto=0 scaling=strong style=GEOMETRIC rep=0
Parallel Research Kernels version 2.17
MPI Particle-in-Cell execution on 2D grid
Number of ranks                    = 20
Load balancing                     = None
Grid size                          = 1000
Tiles in x/y-direction             = 4/5
Number of particles requested      = 1228800
Number of time steps               = 100
Initialization mode                = GEOMETRIC
  Attenuation factor               = 0.990000
Particle charge semi-increment (k) = 1
Vertical velocity              (m) = 2
Rank search mode used              = simple
Number of particles placed         = 1226576
Solution validates
Rate (Mparticles_moved/s): 73.118567
### code=pic lang=c lto=1 scaling=strong style=GEOMETRIC rep=0
Parallel Research Kernels version 2.17
MPI Particle-in-Cell execution on 2D grid
Number of ranks                    = 20
Load balancing                     = None
Grid size                          = 1000
Tiles in x/y-direction             = 4/5
Number of particles requested      = 1228800
Number of time steps               = 100
Initialization mode                = GEOMETRIC
  Attenuation factor               = 0.990000
Particle charge semi-increment (k) = 1
Vertical velocity              (m) = 2
Rank search mode used              = simple
Number of particles placed         = 1226576
Solution validates
Rate (Mparticles_moved/s): 74.910529
### code=pic lang=rust lto=0 scaling=strong style=GEOMETRIC rep=0
Parallel Research Kernels
MPI Particle-in-Cell execution on 2D grid
Number of ranks                    = 20
Load balancing                     = None
Grid size                          = 1000
Tiles in x/y-direction             = 4/5
Number of particles requested      = 1228800
Number of time steps               = 100
Initialization mode            = GEOMETRIC
  Attenuation factor           = 0.990000
Particle charge semi-increment (k) = 1
Vertical velocity              (m) = 2
Rank search mode used              = simple
Number of particles placed         = 1226576
total time: 1.7604993850000001
Solution validates
Rate (Mparticles_moved/s): 69.798377
### code=pic lang=rust lto=1 scaling=strong style=GEOMETRIC rep=0
Parallel Research Kernels
MPI Particle-in-Cell execution on 2D grid
Number of ranks                    = 20
Load balancing                     = None
Grid size                          = 1000
Tiles in x/y-direction             = 4/5
Number of particles requested      = 1228800
Number of time steps               = 100
Initialization mode            = GEOMETRIC
  Attenuation factor           = 0.990000
Particle charge semi-increment (k) = 1
Vertical velocity              (m) = 2
Rank search mode used              = simple
Number of particles placed         = 1226576
total time: 1.750376015
Solution validates
Rate (Mparticles_moved/s): 70.202059
### code=pic lang=c lto=0 scaling=strong style=SINUSOIDAL rep=0
Parallel Research Kernels version 2.17
MPI Particle-in-Cell execution on 2D grid
Number of ranks                    = 20
Load balancing                     = None
Grid size                          = 1000
Tiles in x/y-direction             = 4/5
Number of particles requested      = 1228800
Number of time steps               = 100
Initialization mode                = SINUSOIDAL
Particle charge semi-increment (k) = 0
Vertical velocity              (m) = 1
Rank search mode used              = simple
Number of particles placed         = 1218658
Solution validates
Rate (Mparticles_moved/s): 121.438422
### code=pic lang=c lto=1 scaling=strong style=SINUSOIDAL rep=0
Parallel Research Kernels version 2.17
MPI Particle-in-Cell execution on 2D grid
Number of ranks                    = 20
Load balancing                     = None
Grid size                          = 1000
Tiles in x/y-direction             = 4/5
Number of particles requested      = 1228800
Number of time steps               = 100
Initialization mode                = SINUSOIDAL
Particle charge semi-increment (k) = 0
Vertical velocity              (m) = 1
Rank search mode used              = simple
Number of particles placed         = 1218658
Solution validates
Rate (Mparticles_moved/s): 130.699198
### code=pic lang=rust lto=0 scaling=strong style=SINUSOIDAL rep=0
Parallel Research Kernels
MPI Particle-in-Cell execution on 2D grid
Number of ranks                    = 20
Load balancing                     = None
Grid size                          = 1000
Tiles in x/y-direction             = 4/5
Number of particles requested      = 1228800
Number of time steps               = 100
Initialization mode                = SINUSOIDAL
Particle charge semi-increment (k) = 0
Vertical velocity              (m) = 1
Rank search mode used              = simple
Number of particles placed         = 1218658
total time: 1.224429846
Solution validates
Rate (Mparticles_moved/s): 100.356913
### code=pic lang=rust lto=1 scaling=strong style=SINUSOIDAL rep=0
Parallel Research Kernels
MPI Particle-in-Cell execution on 2D grid
Number of ranks                    = 20
Load balancing                     = None
Grid size                          = 1000
Tiles in x/y-direction             = 4/5
Number of particles requested      = 1228800
Number of time steps               = 100
Initialization mode                = SINUSOIDAL
Particle charge semi-increment (k) = 0
Vertical velocity              (m) = 1
Rank search mode used              = simple
Number of particles placed         = 1218658
total time: 1.186797917
Solution validates
Rate (Mparticles_moved/s): 103.539110
### code=pic lang=c lto=0 scaling=strong style=LINEAR rep=0
Parallel Research Kernels version 2.17
MPI Particle-in-Cell execution on 2D grid
Number of ranks                    = 20
Load balancing                     = None
Grid size                          = 1000
Tiles in x/y-direction             = 4/5
Number of particles requested      = 1228800
Number of time steps               = 100
Initialization mode                = LINEAR
  Negative slope                   = 1.000000
  Offset                           = 3.000000
Particle charge semi-increment (k) = 1
Vertical velocity              (m) = 0
Rank search mode used              = simple
Number of particles placed         = 1129164
Solution validates
Rate (Mparticles_moved/s): 187.499563
### code=pic lang=c lto=1 scaling=strong style=LINEAR rep=0
Parallel Research Kernels version 2.17
MPI Particle-in-Cell execution on 2D grid
Number of ranks                    = 20
Load balancing                     = None
Grid size                          = 1000
Tiles in x/y-direction             = 4/5
Number of particles requested      = 1228800
Number of time steps               = 100
Initialization mode                = LINEAR
  Negative slope                   = 1.000000
  Offset                           = 3.000000
Particle charge semi-increment (k) = 1
Vertical velocity              (m) = 0
Rank search mode used              = simple
Number of particles placed         = 1129164
Solution validates
Rate (Mparticles_moved/s): 193.380516
### code=pic lang=rust lto=0 scaling=strong style=LINEAR rep=0
Parallel Research Kernels
MPI Particle-in-Cell execution on 2D grid
Number of ranks                    = 20
Load balancing                     = None
Grid size                          = 1000
Tiles in x/y-direction             = 4/5
Number of particles requested      = 1228800
Number of time steps               = 100
Initialization mode            = LINEAR
  Negative slope               = 1.000000
  Offset                       = 3.000000
Particle charge semi-increment (k) = 1
Vertical velocity              (m) = 0
Rank search mode used              = simple
Number of particles placed         = 1129164
total time: 0.857813516
Solution validates
Rate (Mparticles_moved/s): 143.247918
### code=pic lang=rust lto=1 scaling=strong style=LINEAR rep=0
Parallel Research Kernels
MPI Particle-in-Cell execution on 2D grid
Number of ranks                    = 20
Load balancing                     = None
Grid size                          = 1000
Tiles in x/y-direction             = 4/5
Number of particles requested      = 1228800
Number of time steps               = 100
Initialization mode            = LINEAR
  Negative slope               = 1.000000
  Offset                       = 3.000000
Particle charge semi-increment (k) = 1
Vertical velocity              (m) = 0
Rank search mode used              = simple
Number of particles placed         = 1129164
total time: 0.885337758
Solution validates
Rate (Mparticles_moved/s): 138.794487
### code=pic lang=c lto=0 scaling=strong style=PATCH rep=0
Parallel Research Kernels version 2.17
MPI Particle-in-Cell execution on 2D grid
Number of ranks                    = 20
Load balancing                     = None
Grid size                          = 1000
Tiles in x/y-direction             = 4/5
Number of particles requested      = 1228800
Number of time steps               = 100
Initialization mode                = PATCH
  Bounding box                     = 0, 200, 100, 200
Particle charge semi-increment (k) = 1
Vertical velocity              (m) = 0
Rank search mode used              = simple
Number of particles placed         = 1227313
Solution validates
Rate (Mparticles_moved/s): 14.204039
### code=pic lang=c lto=1 scaling=strong style=PATCH rep=0
Parallel Research Kernels version 2.17
MPI Particle-in-Cell execution on 2D grid
Number of ranks                    = 20
Load balancing                     = None
Grid size                          = 1000
Tiles in x/y-direction             = 4/5
Number of particles requested      = 1228800
Number of time steps               = 100
Initialization mode                = PATCH
  Bounding box                     = 0, 200, 100, 200
Particle charge semi-increment (k) = 1
Vertical velocity              (m) = 0
Rank search mode used              = simple
Number of particles placed         = 1227313
Solution validates
Rate (Mparticles_moved/s): 14.818705
### code=pic lang=rust lto=0 scaling=strong style=PATCH rep=0
Parallel Research Kernels
MPI Particle-in-Cell execution on 2D grid
Number of ranks                    = 20
Load balancing                     = None
Grid size                          = 1000
Tiles in x/y-direction             = 4/5
Number of particles requested      = 1228800
Number of time steps               = 100
Initialization mode            = PATCH
  Bounding box                 = 0, 200, 100, 200
Particle charge semi-increment (k) = 1
Vertical velocity              (m) = 0
Rank search mode used              = simple
Number of particles placed         = 1227313
total time: 8.02507173
Solution validates
Rate (Mparticles_moved/s): 15.312013
### code=pic lang=rust lto=1 scaling=strong style=PATCH rep=0
Parallel Research Kernels
MPI Particle-in-Cell execution on 2D grid
Number of ranks                    = 20
Load balancing                     = None
Grid size                          = 1000
Tiles in x/y-direction             = 4/5
Number of particles requested      = 1228800
Number of time steps               = 100
Initialization mode            = PATCH
  Bounding box                 = 0, 200, 100, 200
Particle charge semi-increment (k) = 1
Vertical velocity              (m) = 0
Rank search mode used              = simple
Number of particles placed         = 1227313
total time: 7.832568945
Solution validates
Rate (Mparticles_moved/s): 15.688339
### code=pic lang=c lto=0 scaling=strong style=GEOMETRIC rep=1
Parallel Research Kernels version 2.17
MPI Particle-in-Cell execution on 2D grid
Number of ranks                    = 20
Load balancing                     = None
Grid size                          = 1000
Tiles in x/y-direction             = 4/5
Number of particles requested      = 1228800
Number of time steps               = 100
Initialization mode                = GEOMETRIC
  Attenuation factor               = 0.990000
Particle charge semi-increment (k) = 1
Vertical velocity              (m) = 2
Rank search mode used              = simple
Number of particles placed         = 1226576
Solution validates
Rate (Mparticles_moved/s): 72.528752
### code=pic lang=c lto=1 scaling=strong style=GEOMETRIC rep=1
Parallel Research Kernels version 2.17
MPI Particle-in-Cell execution on 2D grid
Number of ranks                    = 20
Load balancing                     = None
Grid size                          = 1000
Tiles in x/y-direction             = 4/5
Number of particles requested      = 1228800
Number of time steps               = 100
Initialization mode                = GEOMETRIC
  Attenuation factor               = 0.990000
Particle charge semi-increment (k) = 1
Vertical velocity              (m) = 2
Rank search mode used              = simple
Number of particles placed         = 1226576
Solution validates
Rate (Mparticles_moved/s): 74.151437
### code=pic lang=rust lto=0 scaling=strong style=GEOMETRIC rep=1
Parallel Research Kernels
MPI Particle-in-Cell execution on 2D grid
Number of ranks                    = 20
Load balancing                     = None
Grid size                          = 1000
Tiles in x/y-direction             = 4/5
Number of particles requested      = 1228800
Number of time steps               = 100
Initialization mode            = GEOMETRIC
  Attenuation factor           = 0.990000
Particle charge semi-increment (k) = 1
Vertical velocity              (m) = 2
Rank search mode used              = simple
Number of particles placed         = 1226576
total time: 1.749342393
Solution validates
Rate (Mparticles_moved/s): 70.243539
### code=pic lang=rust lto=1 scaling=strong style=GEOMETRIC rep=1
Parallel Research Kernels
MPI Particle-in-Cell execution on 2D grid
Number of ranks                    = 20
Load balancing                     = None
Grid size                          = 1000
Tiles in x/y-direction             = 4/5
Number of particles requested      = 1228800
Number of time steps               = 100
Initialization mode            = GEOMETRIC
  Attenuation factor           = 0.990000
Particle charge semi-increment (k) = 1
Vertical velocity              (m) = 2
Rank search mode used              = simple
Number of particles placed         = 1226576
total time: 1.8100380980000002
Solution validates
Rate (Mparticles_moved/s): 67.888074
### code=pic lang=c lto=0 scaling=strong style=SINUSOIDAL rep=1
Parallel Research Kernels version 2.17
MPI Particle-in-Cell execution on 2D grid
Number of ranks                    = 20
Load balancing                     = None
Grid size                          = 1000
Tiles in x/y-direction             = 4/5
Number of particles requested      = 1228800
Number of time steps               = 100
Initialization mode                = SINUSOIDAL
Particle charge semi-increment (k) = 0
Vertical velocity              (m) = 1
Rank search mode used              = simple
Number of particles placed         = 1218658
Solution validates
Rate (Mparticles_moved/s): 125.810300
### code=pic lang=c lto=1 scaling=strong style=SINUSOIDAL rep=1
Parallel Research Kernels version 2.17
MPI Particle-in-Cell execution on 2D grid
Number of ranks                    = 20
Load balancing                     = None
Grid size                          = 1000
Tiles in x/y-direction             = 4/5
Number of particles requested      = 1228800
Number of time steps               = 100
Initialization mode                = SINUSOIDAL
Particle charge semi-increment (k) = 0
Vertical velocity              (m) = 1
Rank search mode used              = simple
Number of particles placed         = 1218658
Solution validates
Rate (Mparticles_moved/s): 130.628586
### code=pic lang=rust lto=0 scaling=strong style=SINUSOIDAL rep=1
Parallel Research Kernels
MPI Particle-in-Cell execution on 2D grid
Number of ranks                    = 20
Load balancing                     = None
Grid size                          = 1000
Tiles in x/y-direction             = 4/5
Number of particles requested      = 1228800
Number of time steps               = 100
Initialization mode                = SINUSOIDAL
Particle charge semi-increment (k) = 0
Vertical velocity              (m) = 1
Rank search mode used              = simple
Number of particles placed         = 1218658
total time: 1.190924049
Solution validates
Rate (Mparticles_moved/s): 103.180383
### code=pic lang=rust lto=1 scaling=strong style=SINUSOIDAL rep=1
Parallel Research Kernels
MPI Particle-in-Cell execution on 2D grid
Number of ranks                    = 20
Load balancing                     = None
Grid size                          = 1000
Tiles in x/y-direction             = 4/5
Number of particles requested      = 1228800
Number of time steps               = 100
Initialization mode                = SINUSOIDAL
Particle charge semi-increment (k) = 0
Vertical velocity              (m) = 1
Rank search mode used              = simple
Number of particles placed         = 1218658
total time: 1.25329982
Solution validates
Rate (Mparticles_moved/s): 98.045175
### code=pic lang=c lto=0 scaling=strong style=LINEAR rep=1
Parallel Research Kernels version 2.17
MPI Particle-in-Cell execution on 2D grid
Number of ranks                    = 20
Load balancing                     = None
Grid size                          = 1000
Tiles in x/y-direction             = 4/5
Number of particles requested      = 1228800
Number of time steps               = 100
Initialization mode                = LINEAR
  Negative slope                   = 1.000000
  Offset                           = 3.000000
Particle charge semi-increment (k) = 1
Vertical velocity              (m) = 0
Rank search mode used              = simple
Number of particles placed         = 1129164
Solution validates
Rate (Mparticles_moved/s): 201.149848
### code=pic lang=c lto=1 scaling=strong style=LINEAR rep=1
Parallel Research Kernels version 2.17
MPI Particle-in-Cell execution on 2D grid
Number of ranks                    = 20
Load balancing                     = None
Grid size                          = 1000
Tiles in x/y-direction             = 4/5
Number of particles requested      = 1228800
Number of time steps               = 100
Initialization mode                = LINEAR
  Negative slope                   = 1.000000
  Offset                           = 3.000000
Particle charge semi-increment (k) = 1
Vertical velocity              (m) = 0
Rank search mode used              = simple
Number of particles placed         = 1129164
Solution validates
Rate (Mparticles_moved/s): 204.684393
### code=pic lang=rust lto=0 scaling=strong style=LINEAR rep=1
Parallel Research Kernels
MPI Particle-in-Cell execution on 2D grid
Number of ranks                    = 20
Load balancing                     = None
Grid size                          = 1000
Tiles in x/y-direction             = 4/5
Number of particles requested      = 1228800
Number of time steps               = 100
Initialization mode            = LINEAR
  Negative slope               = 1.000000
  Offset                       = 3.000000
Particle charge semi-increment (k) = 1
Vertical velocity              (m) = 0
Rank search mode used              = simple
Number of particles placed         = 1129164
total time: 0.853863813
Solution validates
Rate (Mparticles_moved/s): 143.910537
### code=pic lang=rust lto=1 scaling=strong style=LINEAR rep=1
Parallel Research Kernels
MPI Particle-in-Cell execution on 2D grid
Number of ranks                    = 20
Load balancing                     = None
Grid size                          = 1000
Tiles in x/y-direction             = 4/5
Number of particles requested      = 1228800
Number of time steps               = 100
Initialization mode            = LINEAR
  Negative slope               = 1.000000
  Offset                       = 3.000000
Particle charge semi-increment (k) = 1
Vertical velocity              (m) = 0
Rank search mode used              = simple
Number of particles placed         = 1129164
total time: 1.089752636
Solution validates
Rate (Mparticles_moved/s): 112.759535
### code=pic lang=c lto=0 scaling=strong style=PATCH rep=1
Parallel Research Kernels version 2.17
MPI Particle-in-Cell execution on 2D grid
Number of ranks                    = 20
Load balancing                     = None
Grid size                          = 1000
Tiles in x/y-direction             = 4/5
Number of particles requested      = 1228800
Number of time steps               = 100
Initialization mode                = PATCH
  Bounding box                     = 0, 200, 100, 200
Particle charge semi-increment (k) = 1
Vertical velocity              (m) = 0
Rank search mode used              = simple
Number of particles placed         = 1227313
Solution validates
Rate (Mparticles_moved/s): 14.199542
### code=pic lang=c lto=1 scaling=strong style=PATCH rep=1
Parallel Research Kernels version 2.17
MPI Particle-in-Cell execution on 2D grid
Number of ranks                    = 20
Load balancing                     = None
Grid size                          = 1000
Tiles in x/y-direction             = 4/5
Number of particles requested      = 1228800
Number of time steps               = 100
Initialization mode                = PATCH
  Bounding box                     = 0, 200, 100, 200
Particle charge semi-increment (k) = 1
Vertical velocity              (m) = 0
Rank search mode used              = simple
Number of particles placed         = 1227313
Solution validates
Rate (Mparticles_moved/s): 14.796997
### code=pic lang=rust lto=0 scaling=strong style=PATCH rep=1
Parallel Research Kernels
MPI Particle-in-Cell execution on 2D grid
Number of ranks                    = 20
Load balancing                     = None
Grid size                          = 1000
Tiles in x/y-direction             = 4/5
Number of particles requested      = 1228800
Number of time steps               = 100
Initialization mode            = PATCH
  Bounding box                 = 0, 200, 100, 200
Particle charge semi-increment (k) = 1
Vertical velocity              (m) = 0
Rank search mode used              = simple
Number of particles placed         = 1227313
total time: 7.964208779
Solution validates
Rate (Mparticles_moved/s): 15.429028
### code=pic lang=rust lto=1 scaling=strong style=PATCH rep=1
Parallel Research Kernels
MPI Particle-in-Cell execution on 2D grid
Number of ranks                    = 20
Load balancing                     = None
Grid size                          = 1000
Tiles in x/y-direction             = 4/5
Number of particles requested      = 1228800
Number of time steps               = 100
Initialization mode            = PATCH
  Bounding box                 = 0, 200, 100, 200
Particle charge semi-increment (k) = 1
Vertical velocity              (m) = 0
Rank search mode used              = simple
Number of particles placed         = 1227313
total time: 7.887805886
Solution validates
Rate (Mparticles_moved/s): 15.578477
### code=pic lang=c lto=0 scaling=strong style=GEOMETRIC rep=2
Parallel Research Kernels version 2.17
MPI Particle-in-Cell execution on 2D grid
Number of ranks                    = 20
Load balancing                     = None
Grid size                          = 1000
Tiles in x/y-direction             = 4/5
Number of particles requested      = 1228800
Number of time steps               = 100
Initialization mode                = GEOMETRIC
  Attenuation factor               = 0.990000
Particle charge semi-increment (k) = 1
Vertical velocity              (m) = 2
Rank search mode used              = simple
Number of particles placed         = 1226576
Solution validates
Rate (Mparticles_moved/s): 72.564608
### code=pic lang=c lto=1 scaling=strong style=GEOMETRIC rep=2
Parallel Research Kernels version 2.17
MPI Particle-in-Cell execution on 2D grid
Number of ranks                    = 20
Load balancing                     = None
Grid size                          = 1000
Tiles in x/y-direction             = 4/5
Number of particles requested      = 1228800
Number of time steps               = 100
Initialization mode                = GEOMETRIC
  Attenuation factor               = 0.990000
Particle charge semi-increment (k) = 1
Vertical velocity              (m) = 2
Rank search mode used              = simple
Number of particles placed         = 1226576
Solution validates
Rate (Mparticles_moved/s): 75.123713
### code=pic lang=rust lto=0 scaling=strong style=GEOMETRIC rep=2
Parallel Research Kernels
MPI Particle-in-Cell execution on 2D grid
Number of ranks                    = 20
Load balancing                     = None
Grid size                          = 1000
Tiles in x/y-direction             = 4/5
Number of particles requested      = 1228800
Number of time steps               = 100
Initialization mode            = GEOMETRIC
  Attenuation factor           = 0.990000
Particle charge semi-increment (k) = 1
Vertical velocity              (m) = 2
Rank search mode used              = simple
Number of particles placed         = 1226576
total time: 1.756288662
Solution validates
Rate (Mparticles_moved/s): 69.965720
### code=pic lang=rust lto=1 scaling=strong style=GEOMETRIC rep=2
Parallel Research Kernels
MPI Particle-in-Cell execution on 2D grid
Number of ranks                    = 20
Load balancing                     = None
Grid size                          = 1000
Tiles in x/y-direction             = 4/5
Number of particles requested      = 1228800
Number of time steps               = 100
Initialization mode            = GEOMETRIC
  Attenuation factor           = 0.990000
Particle charge semi-increment (k) = 1
Vertical velocity              (m) = 2
Rank search mode used              = simple
Number of particles placed         = 1226576
total time: 1.7742953259999998
Solution validates
Rate (Mparticles_moved/s): 69.255663
### code=pic lang=c lto=0 scaling=strong style=SINUSOIDAL rep=2
Parallel Research Kernels version 2.17
MPI Particle-in-Cell execution on 2D grid
Number of ranks                    = 20
Load balancing                     = None
Grid size                          = 1000
Tiles in x/y-direction             = 4/5
Number of particles requested      = 1228800
Number of time steps               = 100
Initialization mode                = SINUSOIDAL
Particle charge semi-increment (k) = 0
Vertical velocity              (m) = 1
Rank search mode used              = simple
Number of particles placed         = 1218658
Solution validates
Rate (Mparticles_moved/s): 126.210914
### code=pic lang=c lto=1 scaling=strong style=SINUSOIDAL rep=2
Parallel Research Kernels version 2.17
MPI Particle-in-Cell execution on 2D grid
Number of ranks                    = 20
Load balancing                     = None
Grid size                          = 1000
Tiles in x/y-direction             = 4/5
Number of particles requested      = 1228800
Number of time steps               = 100
Initialization mode                = SINUSOIDAL
Particle charge semi-increment (k) = 0
Vertical velocity              (m) = 1
Rank search mode used              = simple
Number of particles placed         = 1218658
Solution validates
Rate (Mparticles_moved/s): 127.043650
### code=pic lang=rust lto=0 scaling=strong style=SINUSOIDAL rep=2
Parallel Research Kernels
MPI Particle-in-Cell execution on 2D grid
Number of ranks                    = 20
Load balancing                     = None
Grid size                          = 1000
Tiles in x/y-direction             = 4/5
Number of particles requested      = 1228800
Number of time steps               = 100
Initialization mode                = SINUSOIDAL
Particle charge semi-increment (k) = 0
Vertical velocity              (m) = 1
Rank search mode used              = simple
Number of particles placed         = 1218658
total time: 1.238284043
Solution validates
Rate (Mparticles_moved/s): 99.234098
### code=pic lang=rust lto=1 scaling=strong style=SINUSOIDAL rep=2
Parallel Research Kernels
MPI Particle-in-Cell execution on 2D grid
Number of ranks                    = 20
Load balancing                     = None
Grid size                          = 1000
Tiles in x/y-direction             = 4/5
Number of particles requested      = 1228800
Number of time steps               = 100
Initialization mode                = SINUSOIDAL
Particle charge semi-increment (k) = 0
Vertical velocity              (m) = 1
Rank search mode used              = simple
Number of particles placed         = 1218658
total time: 1.188193714
Solution validates
Rate (Mparticles_moved/s): 103.417480
### code=pic lang=c lto=0 scaling=strong style=LINEAR rep=2
Parallel Research Kernels version 2.17
MPI Particle-in-Cell execution on 2D grid
Number of ranks                    = 20
Load balancing                     = None
Grid size                          = 1000
Tiles in x/y-direction             = 4/5
Number of particles requested      = 1228800
Number of time steps               = 100
Initialization mode                = LINEAR
  Negative slope                   = 1.000000
  Offset                           = 3.000000
Particle charge semi-increment (k) = 1
Vertical velocity              (m) = 0
Rank search mode used              = simple
Number of particles placed         = 1129164
Solution validates
Rate (Mparticles_moved/s): 200.111931
### code=pic lang=c lto=1 scaling=strong style=LINEAR rep=2
Parallel Research Kernels version 2.17
MPI Particle-in-Cell execution on 2D grid
Number of ranks                    = 20
Load balancing                     = None
Grid size                          = 1000
Tiles in x/y-direction             = 4/5
Number of particles requested      = 1228800
Number of time steps               = 100
Initialization mode                = LINEAR
  Negative slope                   = 1.000000
  Offset                           = 3.000000
Particle charge semi-increment (k) = 1
Vertical velocity              (m) = 0
Rank search mode used              = simple
Number of particles placed         = 1129164
Solution validates
Rate (Mparticles_moved/s): 204.667233
### code=pic lang=rust lto=0 scaling=strong style=LINEAR rep=2
Parallel Research Kernels
MPI Particle-in-Cell execution on 2D grid
Number of ranks                    = 20
Load balancing                     = None
Grid size                          = 1000
Tiles in x/y-direction             = 4/5
Number of particles requested      = 1228800
Number of time steps               = 100
Initialization mode            = LINEAR
  Negative slope               = 1.000000
  Offset                       = 3.000000
Particle charge semi-increment (k) = 1
Vertical velocity              (m) = 0
Rank search mode used              = simple
Number of particles placed         = 1129164
total time: 0.856231978
Solution validates
Rate (Mparticles_moved/s): 143.512510
### code=pic lang=rust lto=1 scaling=strong style=LINEAR rep=2
Parallel Research Kernels
MPI Particle-in-Cell execution on 2D grid
Number of ranks                    = 20
Load balancing                     = None
Grid size                          = 1000
Tiles in x/y-direction             = 4/5
Number of particles requested      = 1228800
Number of time steps               = 100
Initialization mode            = LINEAR
  Negative slope               = 1.000000
  Offset                       = 3.000000
Particle charge semi-increment (k) = 1
Vertical velocity              (m) = 0
Rank search mode used              = simple
Number of particles placed         = 1129164
total time: 0.873472327
Solution validates
Rate (Mparticles_moved/s): 140.679900
### code=pic lang=c lto=0 scaling=strong style=PATCH rep=2
Parallel Research Kernels version 2.17
MPI Particle-in-Cell execution on 2D grid
Number of ranks                    = 20
Load balancing                     = None
Grid size                          = 1000
Tiles in x/y-direction             = 4/5
Number of particles requested      = 1228800
Number of time steps               = 100
Initialization mode                = PATCH
  Bounding box                     = 0, 200, 100, 200
Particle charge semi-increment (k) = 1
Vertical velocity              (m) = 0
Rank search mode used              = simple
Number of particles placed         = 1227313
Solution validates
Rate (Mparticles_moved/s): 14.199154
### code=pic lang=c lto=1 scaling=strong style=PATCH rep=2
Parallel Research Kernels version 2.17
MPI Particle-in-Cell execution on 2D grid
Number of ranks                    = 20
Load balancing                     = None
Grid size                          = 1000
Tiles in x/y-direction             = 4/5
Number of particles requested      = 1228800
Number of time steps               = 100
Initialization mode                = PATCH
  Bounding box                     = 0, 200, 100, 200
Particle charge semi-increment (k) = 1
Vertical velocity              (m) = 0
Rank search mode used              = simple
Number of particles placed         = 1227313
Solution validates
Rate (Mparticles_moved/s): 14.768282
### code=pic lang=rust lto=0 scaling=strong style=PATCH rep=2
Parallel Research Kernels
MPI Particle-in-Cell execution on 2D grid
Number of ranks                    = 20
Load balancing                     = None
Grid size                          = 1000
Tiles in x/y-direction             = 4/5
Number of particles requested      = 1228800
Number of time steps               = 100
Initialization mode            = PATCH
  Bounding box                 = 0, 200, 100, 200
Particle charge semi-increment (k) = 1
Vertical velocity              (m) = 0
Rank search mode used              = simple
Number of particles placed         = 1227313
total time: 7.87820955
Solution validates
Rate (Mparticles_moved/s): 15.597453
### code=pic lang=rust lto=1 scaling=strong style=PATCH rep=2
Parallel Research Kernels
MPI Particle-in-Cell execution on 2D grid
Number of ranks                    = 20
Load balancing                     = None
Grid size                          = 1000
Tiles in x/y-direction             = 4/5
Number of particles requested      = 1228800
Number of time steps               = 100
Initialization mode            = PATCH
  Bounding box                 = 0, 200, 100, 200
Particle charge semi-increment (k) = 1
Vertical velocity              (m) = 0
Rank search mode used              = simple
Number of particles placed         = 1227313
total time: 7.818054626
Solution validates
Rate (Mparticles_moved/s): 15.717465
### code=pic lang=c lto=0 scaling=strong style=GEOMETRIC rep=3
Parallel Research Kernels version 2.17
MPI Particle-in-Cell execution on 2D grid
Number of ranks                    = 20
Load balancing                     = None
Grid size                          = 1000
Tiles in x/y-direction             = 4/5
Number of particles requested      = 1228800
Number of time steps               = 100
Initialization mode                = GEOMETRIC
  Attenuation factor               = 0.990000
Particle charge semi-increment (k) = 1
Vertical velocity              (m) = 2
Rank search mode used              = simple
Number of particles placed         = 1226576
Solution validates
Rate (Mparticles_moved/s): 71.341265
### code=pic lang=c lto=1 scaling=strong style=GEOMETRIC rep=3
Parallel Research Kernels version 2.17
MPI Particle-in-Cell execution on 2D grid
Number of ranks                    = 20
Load balancing                     = None
Grid size                          = 1000
Tiles in x/y-direction             = 4/5
Number of particles requested      = 1228800
Number of time steps               = 100
Initialization mode                = GEOMETRIC
  Attenuation factor               = 0.990000
Particle charge semi-increment (k) = 1
Vertical velocity              (m) = 2
Rank search mode used              = simple
Number of particles placed         = 1226576
Solution validates
Rate (Mparticles_moved/s): 75.246424
### code=pic lang=rust lto=0 scaling=strong style=GEOMETRIC rep=3
Parallel Research Kernels
MPI Particle-in-Cell execution on 2D grid
Number of ranks                    = 20
Load balancing                     = None
Grid size                          = 1000
Tiles in x/y-direction             = 4/5
Number of particles requested      = 1228800
Number of time steps               = 100
Initialization mode            = GEOMETRIC
  Attenuation factor           = 0.990000
Particle charge semi-increment (k) = 1
Vertical velocity              (m) = 2
Rank search mode used              = simple
Number of particles placed         = 1226576
total time: 1.837764307
Solution validates
Rate (Mparticles_moved/s): 66.863852
### code=pic lang=rust lto=1 scaling=strong style=GEOMETRIC rep=3
Parallel Research Kernels
MPI Particle-in-Cell execution on 2D grid
Number of ranks                    = 20
Load balancing                     = None
Grid size                          = 1000
Tiles in x/y-direction             = 4/5
Number of particles requested      = 1228800
Number of time steps               = 100
Initialization mode            = GEOMETRIC
  Attenuation factor           = 0.990000
Particle charge semi-increment (k) = 1
Vertical velocity              (m) = 2
Rank search mode used              = simple
Number of particles placed         = 1226576
total time: 1.7422489049999998
Solution validates
Rate (Mparticles_moved/s): 70.529532
### code=pic lang=c lto=0 scaling=strong style=SINUSOIDAL rep=3
Parallel Research Kernels version 2.17
MPI Particle-in-Cell execution on 2D grid
Number of ranks                    = 20
Load balancing                     = None
Grid size                          = 1000
Tiles in x/y-direction             = 4/5
Number of particles requested      = 1228800
Number of time steps               = 100
Initialization mode                = SINUSOIDAL
Particle charge semi-increment (k) = 0
Vertical velocity              (m) = 1
Rank search mode used              = simple
Number of particles placed         = 1218658
Solution validates
Rate (Mparticles_moved/s): 120.990428
### code=pic lang=c lto=1 scaling=strong style=SINUSOIDAL rep=3
Parallel Research Kernels version 2.17
MPI Particle-in-Cell execution on 2D grid
Number of ranks                    = 20
Load balancing                     = None
Grid size                          = 1000
Tiles in x/y-direction             = 4/5
Number of particles requested      = 1228800
Number of time steps               = 100
Initialization mode                = SINUSOIDAL
Particle charge semi-increment (k) = 0
Vertical velocity              (m) = 1
Rank search mode used              = simple
Number of particles placed         = 1218658
Solution validates
Rate (Mparticles_moved/s): 126.293990
### code=pic lang=rust lto=0 scaling=strong style=SINUSOIDAL rep=3
Parallel Research Kernels
MPI Particle-in-Cell execution on 2D grid
Number of ranks                    = 20
Load balancing                     = None
Grid size                          = 1000
Tiles in x/y-direction             = 4/5
Number of particles requested      = 1228800
Number of time steps               = 100
Initialization mode                = SINUSOIDAL
Particle charge semi-increment (k) = 0
Vertical velocity              (m) = 1
Rank search mode used              = simple
Number of particles placed         = 1218658
total time: 1.2783180729999999
Solution validates
Rate (Mparticles_moved/s): 96.126310
### code=pic lang=rust lto=1 scaling=strong style=SINUSOIDAL rep=3
Parallel Research Kernels
MPI Particle-in-Cell execution on 2D grid
Number of ranks                    = 20
Load balancing                     = None
Grid size                          = 1000
Tiles in x/y-direction             = 4/5
Number of particles requested      = 1228800
Number of time steps               = 100
Initialization mode                = SINUSOIDAL
Particle charge semi-increment (k) = 0
Vertical velocity              (m) = 1
Rank search mode used              = simple
Number of particles placed         = 1218658
total time: 1.224382762
Solution validates
Rate (Mparticles_moved/s): 100.360773
### code=pic lang=c lto=0 scaling=strong style=LINEAR rep=3
Parallel Research Kernels version 2.17
MPI Particle-in-Cell execution on 2D grid
Number of ranks                    = 20
Load balancing                     = None
Grid size                          = 1000
Tiles in x/y-direction             = 4/5
Number of particles requested      = 1228800
Number of time steps               = 100
Initialization mode                = LINEAR
  Negative slope                   = 1.000000
  Offset                           = 3.000000
Particle charge semi-increment (k) = 1
Vertical velocity              (m) = 0
Rank search mode used              = simple
Number of particles placed         = 1129164
Solution validates
Rate (Mparticles_moved/s): 197.348375
### code=pic lang=c lto=1 scaling=strong style=LINEAR rep=3
Parallel Research Kernels version 2.17
MPI Particle-in-Cell execution on 2D grid
Number of ranks                    = 20
Load balancing                     = None
Grid size                          = 1000
Tiles in x/y-direction             = 4/5
Number of particles requested      = 1228800
Number of time steps               = 100
Initialization mode                = LINEAR
  Negative slope                   = 1.000000
  Offset                           = 3.000000
Particle charge semi-increment (k) = 1
Vertical velocity              (m) = 0
Rank search mode used              = simple
Number of particles placed         = 1129164
Solution validates
Rate (Mparticles_moved/s): 186.565150
### code=pic lang=rust lto=0 scaling=strong style=LINEAR rep=3
Parallel Research Kernels
MPI Particle-in-Cell execution on 2D grid
Number of ranks                    = 20
Load balancing                     = None
Grid size                          = 1000
Tiles in x/y-direction             = 4/5
Number of particles requested      = 1228800
Number of time steps               = 100
Initialization mode            = LINEAR
  Negative slope               = 1.000000
  Offset                       = 3.000000
Particle charge semi-increment (k) = 1
Vertical velocity              (m) = 0
Rank search mode used              = simple
Number of particles placed         = 1129164
total time: 0.92726412
Solution validates
Rate (Mparticles_moved/s): 132.518877
### code=pic lang=rust lto=1 scaling=strong style=LINEAR rep=3
Parallel Research Kernels
MPI Particle-in-Cell execution on 2D grid
Number of ranks                    = 20
Load balancing                     = None
Grid size                          = 1000
Tiles in x/y-direction             = 4/5
Number of particles requested      = 1228800
Number of time steps               = 100
Initialization mode            = LINEAR
  Negative slope               = 1.000000
  Offset                       = 3.000000
Particle charge semi-increment (k) = 1
Vertical velocity              (m) = 0
Rank search mode used              = simple
Number of particles placed         = 1129164
total time: 0.890724983
Solution validates
Rate (Mparticles_moved/s): 137.955039
### code=pic lang=c lto=0 scaling=strong style=PATCH rep=3
Parallel Research Kernels version 2.17
MPI Particle-in-Cell execution on 2D grid
Number of ranks                    = 20
Load balancing                     = None
Grid size                          = 1000
Tiles in x/y-direction             = 4/5
Number of particles requested      = 1228800
Number of time steps               = 100
Initialization mode                = PATCH
  Bounding box                     = 0, 200, 100, 200
Particle charge semi-increment (k) = 1
Vertical velocity              (m) = 0
Rank search mode used              = simple
Number of particles placed         = 1227313
Solution validates
Rate (Mparticles_moved/s): 14.201290
### code=pic lang=c lto=1 scaling=strong style=PATCH rep=3
Parallel Research Kernels version 2.17
MPI Particle-in-Cell execution on 2D grid
Number of ranks                    = 20
Load balancing                     = None
Grid size                          = 1000
Tiles in x/y-direction             = 4/5
Number of particles requested      = 1228800
Number of time steps               = 100
Initialization mode                = PATCH
  Bounding box                     = 0, 200, 100, 200
Particle charge semi-increment (k) = 1
Vertical velocity              (m) = 0
Rank search mode used              = simple
Number of particles placed         = 1227313
Solution validates
Rate (Mparticles_moved/s): 14.807762
### code=pic lang=rust lto=0 scaling=strong style=PATCH rep=3
Parallel Research Kernels
MPI Particle-in-Cell execution on 2D grid
Number of ranks                    = 20
Load balancing                     = None
Grid size                          = 1000
Tiles in x/y-direction             = 4/5
Number of particles requested      = 1228800
Number of time steps               = 100
Initialization mode            = PATCH
  Bounding box                 = 0, 200, 100, 200
Particle charge semi-increment (k) = 1
Vertical velocity              (m) = 0
Rank search mode used              = simple
Number of particles placed         = 1227313
total time: 7.893003735
Solution validates
Rate (Mparticles_moved/s): 15.568218
### code=pic lang=rust lto=1 scaling=strong style=PATCH rep=3
Parallel Research Kernels
MPI Particle-in-Cell execution on 2D grid
Number of ranks                    = 20
Load balancing                     = None
Grid size                          = 1000
Tiles in x/y-direction             = 4/5
Number of particles requested      = 1228800
Number of time steps               = 100
Initialization mode            = PATCH
  Bounding box                 = 0, 200, 100, 200
Particle charge semi-increment (k) = 1
Vertical velocity              (m) = 0
Rank search mode used              = simple
Number of particles placed         = 1227313
total time: 7.976207314
Solution validates
Rate (Mparticles_moved/s): 15.405818
### code=pic lang=c lto=0 scaling=strong style=GEOMETRIC rep=4
Parallel Research Kernels version 2.17
MPI Particle-in-Cell execution on 2D grid
Number of ranks                    = 20
Load balancing                     = None
Grid size                          = 1000
Tiles in x/y-direction             = 4/5
Number of particles requested      = 1228800
Number of time steps               = 100
Initialization mode                = GEOMETRIC
  Attenuation factor               = 0.990000
Particle charge semi-increment (k) = 1
Vertical velocity              (m) = 2
Rank search mode used              = simple
Number of particles placed         = 1226576
Solution validates
Rate (Mparticles_moved/s): 72.496608
### code=pic lang=c lto=1 scaling=strong style=GEOMETRIC rep=4
Parallel Research Kernels version 2.17
MPI Particle-in-Cell execution on 2D grid
Number of ranks                    = 20
Load balancing                     = None
Grid size                          = 1000
Tiles in x/y-direction             = 4/5
Number of particles requested      = 1228800
Number of time steps               = 100
Initialization mode                = GEOMETRIC
  Attenuation factor               = 0.990000
Particle charge semi-increment (k) = 1
Vertical velocity              (m) = 2
Rank search mode used              = simple
Number of particles placed         = 1226576
Solution validates
Rate (Mparticles_moved/s): 73.840897
### code=pic lang=rust lto=0 scaling=strong style=GEOMETRIC rep=4
Parallel Research Kernels
MPI Particle-in-Cell execution on 2D grid
Number of ranks                    = 20
Load balancing                     = None
Grid size                          = 1000
Tiles in x/y-direction             = 4/5
Number of particles requested      = 1228800
Number of time steps               = 100
Initialization mode            = GEOMETRIC
  Attenuation factor           = 0.990000
Particle charge semi-increment (k) = 1
Vertical velocity              (m) = 2
Rank search mode used              = simple
Number of particles placed         = 1226576
total time: 1.74542471
Solution validates
Rate (Mparticles_moved/s): 70.401203
### code=pic lang=rust lto=1 scaling=strong style=GEOMETRIC rep=4
Parallel Research Kernels
MPI Particle-in-Cell execution on 2D grid
Number of ranks                    = 20
Load balancing                     = None
Grid size                          = 1000
Tiles in x/y-direction             = 4/5
Number of particles requested      = 1228800
Number of time steps               = 100
Initialization mode            = GEOMETRIC
  Attenuation factor           = 0.990000
Particle charge semi-increment (k) = 1
Vertical velocity              (m) = 2
Rank search mode used              = simple
Number of particles placed         = 1226576
total time: 1.745213568
Solution validates
Rate (Mparticles_moved/s): 70.409721
### code=pic lang=c lto=0 scaling=strong style=SINUSOIDAL rep=4
Parallel Research Kernels version 2.17
MPI Particle-in-Cell execution on 2D grid
Number of ranks                    = 20
Load balancing                     = None
Grid size                          = 1000
Tiles in x/y-direction             = 4/5
Number of particles requested      = 1228800
Number of time steps               = 100
Initialization mode                = SINUSOIDAL
Particle charge semi-increment (k) = 0
Vertical velocity              (m) = 1
Rank search mode used              = simple
Number of particles placed         = 1218658
Solution validates
Rate (Mparticles_moved/s): 118.656397
### code=pic lang=c lto=1 scaling=strong style=SINUSOIDAL rep=4
Parallel Research Kernels version 2.17
MPI Particle-in-Cell execution on 2D grid
Number of ranks                    = 20
Load balancing                     = None
Grid size                          = 1000
Tiles in x/y-direction             = 4/5
Number of particles requested      = 1228800
Number of time steps               = 100
Initialization mode                = SINUSOIDAL
Particle charge semi-increment (k) = 0
Vertical velocity              (m) = 1
Rank search mode used              = simple
Number of particles placed         = 1218658
Solution validates
Rate (Mparticles_moved/s): 130.728848
### code=pic lang=rust lto=0 scaling=strong style=SINUSOIDAL rep=4
Parallel Research Kernels
MPI Particle-in-Cell execution on 2D grid
Number of ranks                    = 20
Load balancing                     = None
Grid size                          = 1000
Tiles in x/y-direction             = 4/5
Number of particles requested      = 1228800
Number of time steps               = 100
Initialization mode                = SINUSOIDAL
Particle charge semi-increment (k) = 0
Vertical velocity              (m) = 1
Rank search mode used              = simple
Number of particles placed         = 1218658
total time: 1.244408967
Solution validates
Rate (Mparticles_moved/s): 98.745672
### code=pic lang=rust lto=1 scaling=strong style=SINUSOIDAL rep=4
Parallel Research Kernels
MPI Particle-in-Cell execution on 2D grid
Number of ranks                    = 20
Load balancing                     = None
Grid size                          = 1000
Tiles in x/y-direction             = 4/5
Number of particles requested      = 1228800
Number of time steps               = 100
Initialization mode                = SINUSOIDAL
Particle charge semi-increment (k) = 0
Vertical velocity              (m) = 1
Rank search mode used              = simple
Number of particles placed         = 1218658
total time: 1.27042399
Solution validates
Rate (Mparticles_moved/s): 96.723614
### code=pic lang=c lto=0 scaling=strong style=LINEAR rep=4
Parallel Research Kernels version 2.17
MPI Particle-in-Cell execution on 2D grid
Number of ranks                    = 20
Load balancing                     = None
Grid size                          = 1000
Tiles in x/y-direction             = 4/5
Number of particles requested      = 1228800
Number of time steps               = 100
Initialization mode                = LINEAR
  Negative slope                   = 1.000000
  Offset                           = 3.000000
Particle charge semi-increment (k) = 1
Vertical velocity              (m) = 0
Rank search mode used              = simple
Number of particles placed         = 1129164
Solution validates
Rate (Mparticles_moved/s): 189.784427
### code=pic lang=c lto=1 scaling=strong style=LINEAR rep=4
Parallel Research Kernels version 2.17
MPI Particle-in-Cell execution on 2D grid
Number of ranks                    = 20
Load balancing                     = None
Grid size                          = 1000
Tiles in x/y-direction             = 4/5
Number of particles requested      = 1228800
Number of time steps               = 100
Initialization mode                = LINEAR
  Negative slope                   = 1.000000
  Offset                           = 3.000000
Particle charge semi-increment (k) = 1
Vertical velocity              (m) = 0
Rank search mode used              = simple
Number of particles placed         = 1129164
Solution validates
Rate (Mparticles_moved/s): 208.535915
### code=pic lang=rust lto=0 scaling=strong style=LINEAR rep=4
Parallel Research Kernels
MPI Particle-in-Cell execution on 2D grid
Number of ranks                    = 20
Load balancing                     = None
Grid size                          = 1000
Tiles in x/y-direction             = 4/5
Number of particles requested      = 1228800
Number of time steps               = 100
Initialization mode            = LINEAR
  Negative slope               = 1.000000
  Offset                       = 3.000000
Particle charge semi-increment (k) = 1
Vertical velocity              (m) = 0
Rank search mode used              = simple
Number of particles placed         = 1129164
total time: 0.847953627
Solution validates
Rate (Mparticles_moved/s): 144.913585
### code=pic lang=rust lto=1 scaling=strong style=LINEAR rep=4
Parallel Research Kernels
MPI Particle-in-Cell execution on 2D grid
Number of ranks                    = 20
Load balancing                     = None
Grid size                          = 1000
Tiles in x/y-direction             = 4/5
Number of particles requested      = 1228800
Number of time steps               = 100
Initialization mode            = LINEAR
  Negative slope               = 1.000000
  Offset                       = 3.000000
Particle charge semi-increment (k) = 1
Vertical velocity              (m) = 0
Rank search mode used              = simple
Number of particles placed         = 1129164
total time: 0.868315854
Solution validates
Rate (Mparticles_moved/s): 141.515325
### code=pic lang=c lto=0 scaling=strong style=PATCH rep=4
Parallel Research Kernels version 2.17
MPI Particle-in-Cell execution on 2D grid
Number of ranks                    = 20
Load balancing                     = None
Grid size                          = 1000
Tiles in x/y-direction             = 4/5
Number of particles requested      = 1228800
Number of time steps               = 100
Initialization mode                = PATCH
  Bounding box                     = 0, 200, 100, 200
Particle charge semi-increment (k) = 1
Vertical velocity              (m) = 0
Rank search mode used              = simple
Number of particles placed         = 1227313
Solution validates
Rate (Mparticles_moved/s): 14.179708
### code=pic lang=c lto=1 scaling=strong style=PATCH rep=4
Parallel Research Kernels version 2.17
MPI Particle-in-Cell execution on 2D grid
Number of ranks                    = 20
Load balancing                     = None
Grid size                          = 1000
Tiles in x/y-direction             = 4/5
Number of particles requested      = 1228800
Number of time steps               = 100
Initialization mode                = PATCH
  Bounding box                     = 0, 200, 100, 200
Particle charge semi-increment (k) = 1
Vertical velocity              (m) = 0
Rank search mode used              = simple
Number of particles placed         = 1227313
Solution validates
Rate (Mparticles_moved/s): 14.778965
### code=pic lang=rust lto=0 scaling=strong style=PATCH rep=4
Parallel Research Kernels
MPI Particle-in-Cell execution on 2D grid
Number of ranks                    = 20
Load balancing                     = None
Grid size                          = 1000
Tiles in x/y-direction             = 4/5
Number of particles requested      = 1228800
Number of time steps               = 100
Initialization mode            = PATCH
  Bounding box                 = 0, 200, 100, 200
Particle charge semi-increment (k) = 1
Vertical velocity              (m) = 0
Rank search mode used              = simple
Number of particles placed         = 1227313
total time: 7.939182049
Solution validates
Rate (Mparticles_moved/s): 15.477665
### code=pic lang=rust lto=1 scaling=strong style=PATCH rep=4
Parallel Research Kernels
MPI Particle-in-Cell execution on 2D grid
Number of ranks                    = 20
Load balancing                     = None
Grid size                          = 1000
Tiles in x/y-direction             = 4/5
Number of particles requested      = 1228800
Number of time steps               = 100
Initialization mode            = PATCH
  Bounding box                 = 0, 200, 100, 200
Particle charge semi-increment (k) = 1
Vertical velocity              (m) = 0
Rank search mode used              = simple
Number of particles placed         = 1227313
total time: 7.785354838
Solution validates
Rate (Mparticles_moved/s): 15.783481
### code=pic lang=c lto=0 scaling=strong style=GEOMETRIC rep=5
Parallel Research Kernels version 2.17
MPI Particle-in-Cell execution on 2D grid
Number of ranks                    = 20
Load balancing                     = None
Grid size                          = 1000
Tiles in x/y-direction             = 4/5
Number of particles requested      = 1228800
Number of time steps               = 100
Initialization mode                = GEOMETRIC
  Attenuation factor               = 0.990000
Particle charge semi-increment (k) = 1
Vertical velocity              (m) = 2
Rank search mode used              = simple
Number of particles placed         = 1226576
Solution validates
Rate (Mparticles_moved/s): 72.358761
### code=pic lang=c lto=1 scaling=strong style=GEOMETRIC rep=5
Parallel Research Kernels version 2.17
MPI Particle-in-Cell execution on 2D grid
Number of ranks                    = 20
Load balancing                     = None
Grid size                          = 1000
Tiles in x/y-direction             = 4/5
Number of particles requested      = 1228800
Number of time steps               = 100
Initialization mode                = GEOMETRIC
  Attenuation factor               = 0.990000
Particle charge semi-increment (k) = 1
Vertical velocity              (m) = 2
Rank search mode used              = simple
Number of particles placed         = 1226576
Solution validates
Rate (Mparticles_moved/s): 73.923189
### code=pic lang=rust lto=0 scaling=strong style=GEOMETRIC rep=5
Parallel Research Kernels
MPI Particle-in-Cell execution on 2D grid
Number of ranks                    = 20
Load balancing                     = None
Grid size                          = 1000
Tiles in x/y-direction             = 4/5
Number of particles requested      = 1228800
Number of time steps               = 100
Initialization mode            = GEOMETRIC
  Attenuation factor           = 0.990000
Particle charge semi-increment (k) = 1
Vertical velocity              (m) = 2
Rank search mode used              = simple
Number of particles placed         = 1226576
total time: 1.7511462949999999
Solution validates
Rate (Mparticles_moved/s): 70.171179
### code=pic lang=rust lto=1 scaling=strong style=GEOMETRIC rep=5
Parallel Research Kernels
MPI Particle-in-Cell execution on 2D grid
Number of ranks                    = 20
Load balancing                     = None
Grid size                          = 1000
Tiles in x/y-direction             = 4/5
Number of particles requested      = 1228800
Number of time steps               = 100
Initialization mode            = GEOMETRIC
  Attenuation factor           = 0.990000
Particle charge semi-increment (k) = 1
Vertical velocity              (m) = 2
Rank search mode used              = simple
Number of particles placed         = 1226576
total time: 1.7353001620000001
Solution validates
Rate (Mparticles_moved/s): 70.811957
### code=pic lang=c lto=0 scaling=strong style=SINUSOIDAL rep=5
Parallel Research Kernels version 2.17
MPI Particle-in-Cell execution on 2D grid
Number of ranks                    = 20
Load balancing                     = None
Grid size                          = 1000
Tiles in x/y-direction             = 4/5
Number of particles requested      = 1228800
Number of time steps               = 100
Initialization mode                = SINUSOIDAL
Particle charge semi-increment (k) = 0
Vertical velocity              (m) = 1
Rank search mode used              = simple
Number of particles placed         = 1218658
Solution validates
Rate (Mparticles_moved/s): 125.783241
### code=pic lang=c lto=1 scaling=strong style=SINUSOIDAL rep=5
Parallel Research Kernels version 2.17
MPI Particle-in-Cell execution on 2D grid
Number of ranks                    = 20
Load balancing                     = None
Grid size                          = 1000
Tiles in x/y-direction             = 4/5
Number of particles requested      = 1228800
Number of time steps               = 100
Initialization mode                = SINUSOIDAL
Particle charge semi-increment (k) = 0
Vertical velocity              (m) = 1
Rank search mode used              = simple
Number of particles placed         = 1218658
Solution validates
Rate (Mparticles_moved/s): 124.770383
### code=pic lang=rust lto=0 scaling=strong style=SINUSOIDAL rep=5
Parallel Research Kernels
MPI Particle-in-Cell execution on 2D grid
Number of ranks                    = 20
Load balancing                     = None
Grid size                          = 1000
Tiles in x/y-direction             = 4/5
Number of particles requested      = 1228800
Number of time steps               = 100
Initialization mode                = SINUSOIDAL
Particle charge semi-increment (k) = 0
Vertical velocity              (m) = 1
Rank search mode used              = simple
Number of particles placed         = 1218658
total time: 1.305748391
Solution validates
Rate (Mparticles_moved/s): 94.106951
### code=pic lang=rust lto=1 scaling=strong style=SINUSOIDAL rep=5
Parallel Research Kernels
MPI Particle-in-Cell execution on 2D grid
Number of ranks                    = 20
Load balancing                     = None
Grid size                          = 1000
Tiles in x/y-direction             = 4/5
Number of particles requested      = 1228800
Number of time steps               = 100
Initialization mode                = SINUSOIDAL
Particle charge semi-increment (k) = 0
Vertical velocity              (m) = 1
Rank search mode used              = simple
Number of particles placed         = 1218658
total time: 1.203306456
Solution validates
Rate (Mparticles_moved/s): 102.118624
### code=pic lang=c lto=0 scaling=strong style=LINEAR rep=5
Parallel Research Kernels version 2.17
MPI Particle-in-Cell execution on 2D grid
Number of ranks                    = 20
Load balancing                     = None
Grid size                          = 1000
Tiles in x/y-direction             = 4/5
Number of particles requested      = 1228800
Number of time steps               = 100
Initialization mode                = LINEAR
  Negative slope                   = 1.000000
  Offset                           = 3.000000
Particle charge semi-increment (k) = 1
Vertical velocity              (m) = 0
Rank search mode used              = simple
Number of particles placed         = 1129164
Solution validates
Rate (Mparticles_moved/s): 201.473387
### code=pic lang=c lto=1 scaling=strong style=LINEAR rep=5
Parallel Research Kernels version 2.17
MPI Particle-in-Cell execution on 2D grid
Number of ranks                    = 20
Load balancing                     = None
Grid size                          = 1000
Tiles in x/y-direction             = 4/5
Number of particles requested      = 1228800
Number of time steps               = 100
Initialization mode                = LINEAR
  Negative slope                   = 1.000000
  Offset                           = 3.000000
Particle charge semi-increment (k) = 1
Vertical velocity              (m) = 0
Rank search mode used              = simple
Number of particles placed         = 1129164
Solution validates
Rate (Mparticles_moved/s): 208.730667
### code=pic lang=rust lto=0 scaling=strong style=LINEAR rep=5
Parallel Research Kernels
MPI Particle-in-Cell execution on 2D grid
Number of ranks                    = 20
Load balancing                     = None
Grid size                          = 1000
Tiles in x/y-direction             = 4/5
Number of particles requested      = 1228800
Number of time steps               = 100
Initialization mode            = LINEAR
  Negative slope               = 1.000000
  Offset                       = 3.000000
Particle charge semi-increment (k) = 1
Vertical velocity              (m) = 0
Rank search mode used              = simple
Number of particles placed         = 1129164
total time: 0.840555148
Solution validates
Rate (Mparticles_moved/s): 146.189099
### code=pic lang=rust lto=1 scaling=strong style=LINEAR rep=5
Parallel Research Kernels
MPI Particle-in-Cell execution on 2D grid
Number of ranks                    = 20
Load balancing                     = None
Grid size                          = 1000
Tiles in x/y-direction             = 4/5
Number of particles requested      = 1228800
Number of time steps               = 100
Initialization mode            = LINEAR
  Negative slope               = 1.000000
  Offset                       = 3.000000
Particle charge semi-increment (k) = 1
Vertical velocity              (m) = 0
Rank search mode used              = simple
Number of particles placed         = 1129164
total time: 0.902418986
Solution validates
Rate (Mparticles_moved/s): 136.167348
### code=pic lang=c lto=0 scaling=strong style=PATCH rep=5
Parallel Research Kernels version 2.17
MPI Particle-in-Cell execution on 2D grid
Number of ranks                    = 20
Load balancing                     = None
Grid size                          = 1000
Tiles in x/y-direction             = 4/5
Number of particles requested      = 1228800
Number of time steps               = 100
Initialization mode                = PATCH
  Bounding box                     = 0, 200, 100, 200
Particle charge semi-increment (k) = 1
Vertical velocity              (m) = 0
Rank search mode used              = simple
Number of particles placed         = 1227313
Solution validates
Rate (Mparticles_moved/s): 14.166203
### code=pic lang=c lto=1 scaling=strong style=PATCH rep=5
Parallel Research Kernels version 2.17
MPI Particle-in-Cell execution on 2D grid
Number of ranks                    = 20
Load balancing                     = None
Grid size                          = 1000
Tiles in x/y-direction             = 4/5
Number of particles requested      = 1228800
Number of time steps               = 100
Initialization mode                = PATCH
  Bounding box                     = 0, 200, 100, 200
Particle charge semi-increment (k) = 1
Vertical velocity              (m) = 0
Rank search mode used              = simple
Number of particles placed         = 1227313
Solution validates
Rate (Mparticles_moved/s): 14.785455
### code=pic lang=rust lto=0 scaling=strong style=PATCH rep=5
Parallel Research Kernels
MPI Particle-in-Cell execution on 2D grid
Number of ranks                    = 20
Load balancing                     = None
Grid size                          = 1000
Tiles in x/y-direction             = 4/5
Number of particles requested      = 1228800
Number of time steps               = 100
Initialization mode            = PATCH
  Bounding box                 = 0, 200, 100, 200
Particle charge semi-increment (k) = 1
Vertical velocity              (m) = 0
Rank search mode used              = simple
Number of particles placed         = 1227313
total time: 7.887100924
Solution validates
Rate (Mparticles_moved/s): 15.579869
### code=pic lang=rust lto=1 scaling=strong style=PATCH rep=5
Parallel Research Kernels
MPI Particle-in-Cell execution on 2D grid
Number of ranks                    = 20
Load balancing                     = None
Grid size                          = 1000
Tiles in x/y-direction             = 4/5
Number of particles requested      = 1228800
Number of time steps               = 100
Initialization mode            = PATCH
  Bounding box                 = 0, 200, 100, 200
Particle charge semi-increment (k) = 1
Vertical velocity              (m) = 0
Rank search mode used              = simple
Number of particles placed         = 1227313
total time: 7.885450647
Solution validates
Rate (Mparticles_moved/s): 15.583130
### code=pic lang=c lto=0 scaling=strong style=GEOMETRIC rep=6
Parallel Research Kernels version 2.17
MPI Particle-in-Cell execution on 2D grid
Number of ranks                    = 20
Load balancing                     = None
Grid size                          = 1000
Tiles in x/y-direction             = 4/5
Number of particles requested      = 1228800
Number of time steps               = 100
Initialization mode                = GEOMETRIC
  Attenuation factor               = 0.990000
Particle charge semi-increment (k) = 1
Vertical velocity              (m) = 2
Rank search mode used              = simple
Number of particles placed         = 1226576
Solution validates
Rate (Mparticles_moved/s): 72.544809
### code=pic lang=c lto=1 scaling=strong style=GEOMETRIC rep=6
Parallel Research Kernels version 2.17
MPI Particle-in-Cell execution on 2D grid
Number of ranks                    = 20
Load balancing                     = None
Grid size                          = 1000
Tiles in x/y-direction             = 4/5
Number of particles requested      = 1228800
Number of time steps               = 100
Initialization mode                = GEOMETRIC
  Attenuation factor               = 0.990000
Particle charge semi-increment (k) = 1
Vertical velocity              (m) = 2
Rank search mode used              = simple
Number of particles placed         = 1226576
Solution validates
Rate (Mparticles_moved/s): 75.199228
### code=pic lang=rust lto=0 scaling=strong style=GEOMETRIC rep=6
Parallel Research Kernels
MPI Particle-in-Cell execution on 2D grid
Number of ranks                    = 20
Load balancing                     = None
Grid size                          = 1000
Tiles in x/y-direction             = 4/5
Number of particles requested      = 1228800
Number of time steps               = 100
Initialization mode            = GEOMETRIC
  Attenuation factor           = 0.990000
Particle charge semi-increment (k) = 1
Vertical velocity              (m) = 2
Rank search mode used              = simple
Number of particles placed         = 1226576
total time: 1.762639011
Solution validates
Rate (Mparticles_moved/s): 69.713651
### code=pic lang=rust lto=1 scaling=strong style=GEOMETRIC rep=6
Parallel Research Kernels
MPI Particle-in-Cell execution on 2D grid
Number of ranks                    = 20
Load balancing                     = None
Grid size                          = 1000
Tiles in x/y-direction             = 4/5
Number of particles requested      = 1228800
Number of time steps               = 100
Initialization mode            = GEOMETRIC
  Attenuation factor           = 0.990000
Particle charge semi-increment (k) = 1
Vertical velocity              (m) = 2
Rank search mode used              = simple
Number of particles placed         = 1226576
total time: 1.779469691
Solution validates
Rate (Mparticles_moved/s): 69.054281
### code=pic lang=c lto=0 scaling=strong style=SINUSOIDAL rep=6
Parallel Research Kernels version 2.17
MPI Particle-in-Cell execution on 2D grid
Number of ranks                    = 20
Load balancing                     = None
Grid size                          = 1000
Tiles in x/y-direction             = 4/5
Number of particles requested      = 1228800
Number of time steps               = 100
Initialization mode                = SINUSOIDAL
Particle charge semi-increment (k) = 0
Vertical velocity              (m) = 1
Rank search mode used              = simple
Number of particles placed         = 1218658
Solution validates
Rate (Mparticles_moved/s): 125.710791
### code=pic lang=c lto=1 scaling=strong style=SINUSOIDAL rep=6
Parallel Research Kernels version 2.17
MPI Particle-in-Cell execution on 2D grid
Number of ranks                    = 20
Load balancing                     = None
Grid size                          = 1000
Tiles in x/y-direction             = 4/5
Number of particles requested      = 1228800
Number of time steps               = 100
Initialization mode                = SINUSOIDAL
Particle charge semi-increment (k) = 0
Vertical velocity              (m) = 1
Rank search mode used              = simple
Number of particles placed         = 1218658
Solution validates
Rate (Mparticles_moved/s): 127.696676
### code=pic lang=rust lto=0 scaling=strong style=SINUSOIDAL rep=6
Parallel Research Kernels
MPI Particle-in-Cell execution on 2D grid
Number of ranks                    = 20
Load balancing                     = None
Grid size                          = 1000
Tiles in x/y-direction             = 4/5
Number of particles requested      = 1228800
Number of time steps               = 100
Initialization mode                = SINUSOIDAL
Particle charge semi-increment (k) = 0
Vertical velocity              (m) = 1
Rank search mode used              = simple
Number of particles placed         = 1218658
total time: 1.209919788
Solution validates
Rate (Mparticles_moved/s): 101.560452
### code=pic lang=rust lto=1 scaling=strong style=SINUSOIDAL rep=6
Parallel Research Kernels
MPI Particle-in-Cell execution on 2D grid
Number of ranks                    = 20
Load balancing                     = None
Grid size                          = 1000
Tiles in x/y-direction             = 4/5
Number of particles requested      = 1228800
Number of time steps               = 100
Initialization mode                = SINUSOIDAL
Particle charge semi-increment (k) = 0
Vertical velocity              (m) = 1
Rank search mode used              = simple
Number of particles placed         = 1218658
total time: 1.206235141
Solution validates
Rate (Mparticles_moved/s): 101.870685
### code=pic lang=c lto=0 scaling=strong style=LINEAR rep=6
Parallel Research Kernels version 2.17
MPI Particle-in-Cell execution on 2D grid
Number of ranks                    = 20
Load balancing                     = None
Grid size                          = 1000
Tiles in x/y-direction             = 4/5
Number of particles requested      = 1228800
Number of time steps               = 100
Initialization mode                = LINEAR
  Negative slope                   = 1.000000
  Offset                           = 3.000000
Particle charge semi-increment (k) = 1
Vertical velocity              (m) = 0
Rank search mode used              = simple
Number of particles placed         = 1129164
Solution validates
Rate (Mparticles_moved/s): 201.353725
### code=pic lang=c lto=1 scaling=strong style=LINEAR rep=6
Parallel Research Kernels version 2.17
MPI Particle-in-Cell execution on 2D grid
Number of ranks                    = 20
Load balancing                     = None
Grid size                          = 1000
Tiles in x/y-direction             = 4/5
Number of particles requested      = 1228800
Number of time steps               = 100
Initialization mode                = LINEAR
  Negative slope                   = 1.000000
  Offset                           = 3.000000
Particle charge semi-increment (k) = 1
Vertical velocity              (m) = 0
Rank search mode used              = simple
Number of particles placed         = 1129164
Solution validates
Rate (Mparticles_moved/s): 188.675055
### code=pic lang=rust lto=0 scaling=strong style=LINEAR rep=6
Parallel Research Kernels
MPI Particle-in-Cell execution on 2D grid
Number of ranks                    = 20
Load balancing                     = None
Grid size                          = 1000
Tiles in x/y-direction             = 4/5
Number of particles requested      = 1228800
Number of time steps               = 100
Initialization mode            = LINEAR
  Negative slope               = 1.000000
  Offset                       = 3.000000
Particle charge semi-increment (k) = 1
Vertical velocity              (m) = 0
Rank search mode used              = simple
Number of particles placed         = 1129164
total time: 0.896022745
Solution validates
Rate (Mparticles_moved/s): 137.139376
### code=pic lang=rust lto=1 scaling=strong style=LINEAR rep=6
Parallel Research Kernels
MPI Particle-in-Cell execution on 2D grid
Number of ranks                    = 20
Load balancing                     = None
Grid size                          = 1000
Tiles in x/y-direction             = 4/5
Number of particles requested      = 1228800
Number of time steps               = 100
Initialization mode            = LINEAR
  Negative slope               = 1.000000
  Offset                       = 3.000000
Particle charge semi-increment (k) = 1
Vertical velocity              (m) = 0
Rank search mode used              = simple
Number of particles placed         = 1129164
total time: 1.180003747
Solution validates
Rate (Mparticles_moved/s): 104.135263
### code=pic lang=c lto=0 scaling=strong style=PATCH rep=6
Parallel Research Kernels version 2.17
MPI Particle-in-Cell execution on 2D grid
Number of ranks                    = 20
Load balancing                     = None
Grid size                          = 1000
Tiles in x/y-direction             = 4/5
Number of particles requested      = 1228800
Number of time steps               = 100
Initialization mode                = PATCH
  Bounding box                     = 0, 200, 100, 200
Particle charge semi-increment (k) = 1
Vertical velocity              (m) = 0
Rank search mode used              = simple
Number of particles placed         = 1227313
Solution validates
Rate (Mparticles_moved/s): 14.211614
### code=pic lang=c lto=1 scaling=strong style=PATCH rep=6
Parallel Research Kernels version 2.17
MPI Particle-in-Cell execution on 2D grid
Number of ranks                    = 20
Load balancing                     = None
Grid size                          = 1000
Tiles in x/y-direction             = 4/5
Number of particles requested      = 1228800
Number of time steps               = 100
Initialization mode                = PATCH
  Bounding box                     = 0, 200, 100, 200
Particle charge semi-increment (k) = 1
Vertical velocity              (m) = 0
Rank search mode used              = simple
Number of particles placed         = 1227313
Solution validates
Rate (Mparticles_moved/s): 14.814456
### code=pic lang=rust lto=0 scaling=strong style=PATCH rep=6
Parallel Research Kernels
MPI Particle-in-Cell execution on 2D grid
Number of ranks                    = 20
Load balancing                     = None
Grid size                          = 1000
Tiles in x/y-direction             = 4/5
Number of particles requested      = 1228800
Number of time steps               = 100
Initialization mode            = PATCH
  Bounding box                 = 0, 200, 100, 200
Particle charge semi-increment (k) = 1
Vertical velocity              (m) = 0
Rank search mode used              = simple
Number of particles placed         = 1227313
total time: 8.056888796
Solution validates
Rate (Mparticles_moved/s): 15.251545
### code=pic lang=rust lto=1 scaling=strong style=PATCH rep=6
Parallel Research Kernels
MPI Particle-in-Cell execution on 2D grid
Number of ranks                    = 20
Load balancing                     = None
Grid size                          = 1000
Tiles in x/y-direction             = 4/5
Number of particles requested      = 1228800
Number of time steps               = 100
Initialization mode            = PATCH
  Bounding box                 = 0, 200, 100, 200
Particle charge semi-increment (k) = 1
Vertical velocity              (m) = 0
Rank search mode used              = simple
Number of particles placed         = 1227313
total time: 7.805620098
Solution validates
Rate (Mparticles_moved/s): 15.742503
### code=pic lang=c lto=0 scaling=strong style=GEOMETRIC rep=7
Parallel Research Kernels version 2.17
MPI Particle-in-Cell execution on 2D grid
Number of ranks                    = 20
Load balancing                     = None
Grid size                          = 1000
Tiles in x/y-direction             = 4/5
Number of particles requested      = 1228800
Number of time steps               = 100
Initialization mode                = GEOMETRIC
  Attenuation factor               = 0.990000
Particle charge semi-increment (k) = 1
Vertical velocity              (m) = 2
Rank search mode used              = simple
Number of particles placed         = 1226576
Solution validates
Rate (Mparticles_moved/s): 72.271941
### code=pic lang=c lto=1 scaling=strong style=GEOMETRIC rep=7
Parallel Research Kernels version 2.17
MPI Particle-in-Cell execution on 2D grid
Number of ranks                    = 20
Load balancing                     = None
Grid size                          = 1000
Tiles in x/y-direction             = 4/5
Number of particles requested      = 1228800
Number of time steps               = 100
Initialization mode                = GEOMETRIC
  Attenuation factor               = 0.990000
Particle charge semi-increment (k) = 1
Vertical velocity              (m) = 2
Rank search mode used              = simple
Number of particles placed         = 1226576
Solution validates
Rate (Mparticles_moved/s): 75.224892
### code=pic lang=rust lto=0 scaling=strong style=GEOMETRIC rep=7
Parallel Research Kernels
MPI Particle-in-Cell execution on 2D grid
Number of ranks                    = 20
Load balancing                     = None
Grid size                          = 1000
Tiles in x/y-direction             = 4/5
Number of particles requested      = 1228800
Number of time steps               = 100
Initialization mode            = GEOMETRIC
  Attenuation factor           = 0.990000
Particle charge semi-increment (k) = 1
Vertical velocity              (m) = 2
Rank search mode used              = simple
Number of particles placed         = 1226576
total time: 1.7608228719999999
Solution validates
Rate (Mparticles_moved/s): 69.785554
### code=pic lang=rust lto=1 scaling=strong style=GEOMETRIC rep=7
Parallel Research Kernels
MPI Particle-in-Cell execution on 2D grid
Number of ranks                    = 20
Load balancing                     = None
Grid size                          = 1000
Tiles in x/y-direction             = 4/5
Number of particles requested      = 1228800
Number of time steps               = 100
Initialization mode            = GEOMETRIC
  Attenuation factor           = 0.990000
Particle charge semi-increment (k) = 1
Vertical velocity              (m) = 2
Rank search mode used              = simple
Number of particles placed         = 1226576
total time: 1.73976439
Solution validates
Rate (Mparticles_moved/s): 70.630254
### code=pic lang=c lto=0 scaling=strong style=SINUSOIDAL rep=7
Parallel Research Kernels version 2.17
MPI Particle-in-Cell execution on 2D grid
Number of ranks                    = 20
Load balancing                     = None
Grid size                          = 1000
Tiles in x/y-direction             = 4/5
Number of particles requested      = 1228800
Number of time steps               = 100
Initialization mode                = SINUSOIDAL
Particle charge semi-increment (k) = 0
Vertical velocity              (m) = 1
Rank search mode used              = simple
Number of particles placed         = 1218658
Solution validates
Rate (Mparticles_moved/s): 119.190016
### code=pic lang=c lto=1 scaling=strong style=SINUSOIDAL rep=7
Parallel Research Kernels version 2.17
MPI Particle-in-Cell execution on 2D grid
Number of ranks                    = 20
Load balancing                     = None
Grid size                          = 1000
Tiles in x/y-direction             = 4/5
Number of particles requested      = 1228800
Number of time steps               = 100
Initialization mode                = SINUSOIDAL
Particle charge semi-increment (k) = 0
Vertical velocity              (m) = 1
Rank search mode used              = simple
Number of particles placed         = 1218658
Solution validates
Rate (Mparticles_moved/s): 130.294438
### code=pic lang=rust lto=0 scaling=strong style=SINUSOIDAL rep=7
Parallel Research Kernels
MPI Particle-in-Cell execution on 2D grid
Number of ranks                    = 20
Load balancing                     = None
Grid size                          = 1000
Tiles in x/y-direction             = 4/5
Number of particles requested      = 1228800
Number of time steps               = 100
Initialization mode                = SINUSOIDAL
Particle charge semi-increment (k) = 0
Vertical velocity              (m) = 1
Rank search mode used              = simple
Number of particles placed         = 1218658
total time: 1.2285238569999999
Solution validates
Rate (Mparticles_moved/s): 100.022478
### code=pic lang=rust lto=1 scaling=strong style=SINUSOIDAL rep=7
Parallel Research Kernels
MPI Particle-in-Cell execution on 2D grid
Number of ranks                    = 20
Load balancing                     = None
Grid size                          = 1000
Tiles in x/y-direction             = 4/5
Number of particles requested      = 1228800
Number of time steps               = 100
Initialization mode                = SINUSOIDAL
Particle charge semi-increment (k) = 0
Vertical velocity              (m) = 1
Rank search mode used              = simple
Number of particles placed         = 1218658
total time: 1.241314152
Solution validates
Rate (Mparticles_moved/s): 98.991863
### code=pic lang=c lto=0 scaling=strong style=LINEAR rep=7
Parallel Research Kernels version 2.17
MPI Particle-in-Cell execution on 2D grid
Number of ranks                    = 20
Load balancing                     = None
Grid size                          = 1000
Tiles in x/y-direction             = 4/5
Number of particles requested      = 1228800
Number of time steps               = 100
Initialization mode                = LINEAR
  Negative slope                   = 1.000000
  Offset                           = 3.000000
Particle charge semi-increment (k) = 1
Vertical velocity              (m) = 0
Rank search mode used              = simple
Number of particles placed         = 1129164
Solution validates
Rate (Mparticles_moved/s): 200.541281
### code=pic lang=c lto=1 scaling=strong style=LINEAR rep=7
Parallel Research Kernels version 2.17
MPI Particle-in-Cell execution on 2D grid
Number of ranks                    = 20
Load balancing                     = None
Grid size                          = 1000
Tiles in x/y-direction             = 4/5
Number of particles requested      = 1228800
Number of time steps               = 100
Initialization mode                = LINEAR
  Negative slope                   = 1.000000
  Offset                           = 3.000000
Particle charge semi-increment (k) = 1
Vertical velocity              (m) = 0
Rank search mode used              = simple
Number of particles placed         = 1129164
Solution validates
Rate (Mparticles_moved/s): 208.293513
### code=pic lang=rust lto=0 scaling=strong style=LINEAR rep=7
Parallel Research Kernels
MPI Particle-in-Cell execution on 2D grid
Number of ranks                    = 20
Load balancing                     = None
Grid size                          = 1000
Tiles in x/y-direction             = 4/5
Number of particles requested      = 1228800
Number of time steps               = 100
Initialization mode            = LINEAR
  Negative slope               = 1.000000
  Offset                       = 3.000000
Particle charge semi-increment (k) = 1
Vertical velocity              (m) = 0
Rank search mode used              = simple
Number of particles placed         = 1129164
total time: 0.863932793
Solution validates
Rate (Mparticles_moved/s): 142.233286
### code=pic lang=rust lto=1 scaling=strong style=LINEAR rep=7
Parallel Research Kernels
MPI Particle-in-Cell execution on 2D grid
Number of ranks                    = 20
Load balancing                     = None
Grid size                          = 1000
Tiles in x/y-direction             = 4/5
Number of particles requested      = 1228800
Number of time steps               = 100
Initialization mode            = LINEAR
  Negative slope               = 1.000000
  Offset                       = 3.000000
Particle charge semi-increment (k) = 1
Vertical velocity              (m) = 0
Rank search mode used              = simple
Number of particles placed         = 1129164
total time: 0.874641697
Solution validates
Rate (Mparticles_moved/s): 140.491816
### code=pic lang=c lto=0 scaling=strong style=PATCH rep=7
Parallel Research Kernels version 2.17
MPI Particle-in-Cell execution on 2D grid
Number of ranks                    = 20
Load balancing                     = None
Grid size                          = 1000
Tiles in x/y-direction             = 4/5
Number of particles requested      = 1228800
Number of time steps               = 100
Initialization mode                = PATCH
  Bounding box                     = 0, 200, 100, 200
Particle charge semi-increment (k) = 1
Vertical velocity              (m) = 0
Rank search mode used              = simple
Number of particles placed         = 1227313
Solution validates
Rate (Mparticles_moved/s): 14.172976
### code=pic lang=c lto=1 scaling=strong style=PATCH rep=7
Parallel Research Kernels version 2.17
MPI Particle-in-Cell execution on 2D grid
Number of ranks                    = 20
Load balancing                     = None
Grid size                          = 1000
Tiles in x/y-direction             = 4/5
Number of particles requested      = 1228800
Number of time steps               = 100
Initialization mode                = PATCH
  Bounding box                     = 0, 200, 100, 200
Particle charge semi-increment (k) = 1
Vertical velocity              (m) = 0
Rank search mode used              = simple
Number of particles placed         = 1227313
Solution validates
Rate (Mparticles_moved/s): 14.819256
### code=pic lang=rust lto=0 scaling=strong style=PATCH rep=7
Parallel Research Kernels
MPI Particle-in-Cell execution on 2D grid
Number of ranks                    = 20
Load balancing                     = None
Grid size                          = 1000
Tiles in x/y-direction             = 4/5
Number of particles requested      = 1228800
Number of time steps               = 100
Initialization mode            = PATCH
  Bounding box                 = 0, 200, 100, 200
Particle charge semi-increment (k) = 1
Vertical velocity              (m) = 0
Rank search mode used              = simple
Number of particles placed         = 1227313
total time: 7.9866391310000004
Solution validates
Rate (Mparticles_moved/s): 15.385696
### code=pic lang=rust lto=1 scaling=strong style=PATCH rep=7
Parallel Research Kernels
MPI Particle-in-Cell execution on 2D grid
Number of ranks                    = 20
Load balancing                     = None
Grid size                          = 1000
Tiles in x/y-direction             = 4/5
Number of particles requested      = 1228800
Number of time steps               = 100
Initialization mode            = PATCH
  Bounding box                 = 0, 200, 100, 200
Particle charge semi-increment (k) = 1
Vertical velocity              (m) = 0
Rank search mode used              = simple
Number of particles placed         = 1227313
total time: 7.87341673
Solution validates
Rate (Mparticles_moved/s): 15.606947
### code=pic lang=c lto=0 scaling=strong style=GEOMETRIC rep=8
Parallel Research Kernels version 2.17
MPI Particle-in-Cell execution on 2D grid
Number of ranks                    = 20
Load balancing                     = None
Grid size                          = 1000
Tiles in x/y-direction             = 4/5
Number of particles requested      = 1228800
Number of time steps               = 100
Initialization mode                = GEOMETRIC
  Attenuation factor               = 0.990000
Particle charge semi-increment (k) = 1
Vertical velocity              (m) = 2
Rank search mode used              = simple
Number of particles placed         = 1226576
Solution validates
Rate (Mparticles_moved/s): 72.686663
### code=pic lang=c lto=1 scaling=strong style=GEOMETRIC rep=8
Parallel Research Kernels version 2.17
MPI Particle-in-Cell execution on 2D grid
Number of ranks                    = 20
Load balancing                     = None
Grid size                          = 1000
Tiles in x/y-direction             = 4/5
Number of particles requested      = 1228800
Number of time steps               = 100
Initialization mode                = GEOMETRIC
  Attenuation factor               = 0.990000
Particle charge semi-increment (k) = 1
Vertical velocity              (m) = 2
Rank search mode used              = simple
Number of particles placed         = 1226576
Solution validates
Rate (Mparticles_moved/s): 72.850070
### code=pic lang=rust lto=0 scaling=strong style=GEOMETRIC rep=8
Parallel Research Kernels
MPI Particle-in-Cell execution on 2D grid
Number of ranks                    = 20
Load balancing                     = None
Grid size                          = 1000
Tiles in x/y-direction             = 4/5
Number of particles requested      = 1228800
Number of time steps               = 100
Initialization mode            = GEOMETRIC
  Attenuation factor           = 0.990000
Particle charge semi-increment (k) = 1
Vertical velocity              (m) = 2
Rank search mode used              = simple
Number of particles placed         = 1226576
total time: 1.7637065029999999
Solution validates
Rate (Mparticles_moved/s): 69.671456
### code=pic lang=rust lto=1 scaling=strong style=GEOMETRIC rep=8
Parallel Research Kernels
MPI Particle-in-Cell execution on 2D grid
Number of ranks                    = 20
Load balancing                     = None
Grid size                          = 1000
Tiles in x/y-direction             = 4/5
Number of particles requested      = 1228800
Number of time steps               = 100
Initialization mode            = GEOMETRIC
  Attenuation factor           = 0.990000
Particle charge semi-increment (k) = 1
Vertical velocity              (m) = 2
Rank search mode used              = simple
Number of particles placed         = 1226576
total time: 1.735080081
Solution validates
Rate (Mparticles_moved/s): 70.820939
### code=pic lang=c lto=0 scaling=strong style=SINUSOIDAL rep=8
Parallel Research Kernels version 2.17
MPI Particle-in-Cell execution on 2D grid
Number of ranks                    = 20
Load balancing                     = None
Grid size                          = 1000
Tiles in x/y-direction             = 4/5
Number of particles requested      = 1228800
Number of time steps               = 100
Initialization mode                = SINUSOIDAL
Particle charge semi-increment (k) = 0
Vertical velocity              (m) = 1
Rank search mode used              = simple
Number of particles placed         = 1218658
Solution validates
Rate (Mparticles_moved/s): 125.981591
### code=pic lang=c lto=1 scaling=strong style=SINUSOIDAL rep=8
Parallel Research Kernels version 2.17
MPI Particle-in-Cell execution on 2D grid
Number of ranks                    = 20
Load balancing                     = None
Grid size                          = 1000
Tiles in x/y-direction             = 4/5
Number of particles requested      = 1228800
Number of time steps               = 100
Initialization mode                = SINUSOIDAL
Particle charge semi-increment (k) = 0
Vertical velocity              (m) = 1
Rank search mode used              = simple
Number of particles placed         = 1218658
Solution validates
Rate (Mparticles_moved/s): 130.147105
### code=pic lang=rust lto=0 scaling=strong style=SINUSOIDAL rep=8
Parallel Research Kernels
MPI Particle-in-Cell execution on 2D grid
Number of ranks                    = 20
Load balancing                     = None
Grid size                          = 1000
Tiles in x/y-direction             = 4/5
Number of particles requested      = 1228800
Number of time steps               = 100
Initialization mode                = SINUSOIDAL
Particle charge semi-increment (k) = 0
Vertical velocity              (m) = 1
Rank search mode used              = simple
Number of particles placed         = 1218658
total time: 1.234164394
Solution validates
Rate (Mparticles_moved/s): 99.565342
### code=pic lang=rust lto=1 scaling=strong style=SINUSOIDAL rep=8
Parallel Research Kernels
MPI Particle-in-Cell execution on 2D grid
Number of ranks                    = 20
Load balancing                     = None
Grid size                          = 1000
Tiles in x/y-direction             = 4/5
Number of particles requested      = 1228800
Number of time steps               = 100
Initialization mode                = SINUSOIDAL
Particle charge semi-increment (k) = 0
Vertical velocity              (m) = 1
Rank search mode used              = simple
Number of particles placed         = 1218658
total time: 1.242202275
Solution validates
Rate (Mparticles_moved/s): 98.921088
### code=pic lang=c lto=0 scaling=strong style=LINEAR rep=8
Parallel Research Kernels version 2.17
MPI Particle-in-Cell execution on 2D grid
Number of ranks                    = 20
Load balancing                     = None
Grid size                          = 1000
Tiles in x/y-direction             = 4/5
Number of particles requested      = 1228800
Number of time steps               = 100
Initialization mode                = LINEAR
  Negative slope                   = 1.000000
  Offset                           = 3.000000
Particle charge semi-increment (k) = 1
Vertical velocity              (m) = 0
Rank search mode used              = simple
Number of particles placed         = 1129164
Solution validates
Rate (Mparticles_moved/s): 186.764160
### code=pic lang=c lto=1 scaling=strong style=LINEAR rep=8
Parallel Research Kernels version 2.17
MPI Particle-in-Cell execution on 2D grid
Number of ranks                    = 20
Load balancing                     = None
Grid size                          = 1000
Tiles in x/y-direction             = 4/5
Number of particles requested      = 1228800
Number of time steps               = 100
Initialization mode                = LINEAR
  Negative slope                   = 1.000000
  Offset                           = 3.000000
Particle charge semi-increment (k) = 1
Vertical velocity              (m) = 0
Rank search mode used              = simple
Number of particles placed         = 1129164
Solution validates
Rate (Mparticles_moved/s): 205.818433
### code=pic lang=rust lto=0 scaling=strong style=LINEAR rep=8
Parallel Research Kernels
MPI Particle-in-Cell execution on 2D grid
Number of ranks                    = 20
Load balancing                     = None
Grid size                          = 1000
Tiles in x/y-direction             = 4/5
Number of particles requested      = 1228800
Number of time steps               = 100
Initialization mode            = LINEAR
  Negative slope               = 1.000000
  Offset                       = 3.000000
Particle charge semi-increment (k) = 1
Vertical velocity              (m) = 0
Rank search mode used              = simple
Number of particles placed         = 1129164
total time: 0.880270683
Solution validates
Rate (Mparticles_moved/s): 139.593425
### code=pic lang=rust lto=1 scaling=strong style=LINEAR rep=8
Parallel Research Kernels
MPI Particle-in-Cell execution on 2D grid
Number of ranks                    = 20
Load balancing                     = None
Grid size                          = 1000
Tiles in x/y-direction             = 4/5
Number of particles requested      = 1228800
Number of time steps               = 100
Initialization mode            = LINEAR
  Negative slope               = 1.000000
  Offset                       = 3.000000
Particle charge semi-increment (k) = 1
Vertical velocity              (m) = 0
Rank search mode used              = simple
Number of particles placed         = 1129164
total time: 0.843759636
Solution validates
Rate (Mparticles_moved/s): 145.633892
### code=pic lang=c lto=0 scaling=strong style=PATCH rep=8
Parallel Research Kernels version 2.17
MPI Particle-in-Cell execution on 2D grid
Number of ranks                    = 20
Load balancing                     = None
Grid size                          = 1000
Tiles in x/y-direction             = 4/5
Number of particles requested      = 1228800
Number of time steps               = 100
Initialization mode                = PATCH
  Bounding box                     = 0, 200, 100, 200
Particle charge semi-increment (k) = 1
Vertical velocity              (m) = 0
Rank search mode used              = simple
Number of particles placed         = 1227313
Solution validates
Rate (Mparticles_moved/s): 14.208749
### code=pic lang=c lto=1 scaling=strong style=PATCH rep=8
Parallel Research Kernels version 2.17
MPI Particle-in-Cell execution on 2D grid
Number of ranks                    = 20
Load balancing                     = None
Grid size                          = 1000
Tiles in x/y-direction             = 4/5
Number of particles requested      = 1228800
Number of time steps               = 100
Initialization mode                = PATCH
  Bounding box                     = 0, 200, 100, 200
Particle charge semi-increment (k) = 1
Vertical velocity              (m) = 0
Rank search mode used              = simple
Number of particles placed         = 1227313
Solution validates
Rate (Mparticles_moved/s): 14.791733
### code=pic lang=rust lto=0 scaling=strong style=PATCH rep=8
Parallel Research Kernels
MPI Particle-in-Cell execution on 2D grid
Number of ranks                    = 20
Load balancing                     = None
Grid size                          = 1000
Tiles in x/y-direction             = 4/5
Number of particles requested      = 1228800
Number of time steps               = 100
Initialization mode            = PATCH
  Bounding box                 = 0, 200, 100, 200
Particle charge semi-increment (k) = 1
Vertical velocity              (m) = 0
Rank search mode used              = simple
Number of particles placed         = 1227313
total time: 7.899644425
Solution validates
Rate (Mparticles_moved/s): 15.555131
### code=pic lang=rust lto=1 scaling=strong style=PATCH rep=8
Parallel Research Kernels
MPI Particle-in-Cell execution on 2D grid
Number of ranks                    = 20
Load balancing                     = None
Grid size                          = 1000
Tiles in x/y-direction             = 4/5
Number of particles requested      = 1228800
Number of time steps               = 100
Initialization mode            = PATCH
  Bounding box                 = 0, 200, 100, 200
Particle charge semi-increment (k) = 1
Vertical velocity              (m) = 0
Rank search mode used              = simple
Number of particles placed         = 1227313
total time: 7.869435288
Solution validates
Rate (Mparticles_moved/s): 15.614843
### code=pic lang=c lto=0 scaling=strong style=GEOMETRIC rep=9
Parallel Research Kernels version 2.17
MPI Particle-in-Cell execution on 2D grid
Number of ranks                    = 20
Load balancing                     = None
Grid size                          = 1000
Tiles in x/y-direction             = 4/5
Number of particles requested      = 1228800
Number of time steps               = 100
Initialization mode                = GEOMETRIC
  Attenuation factor               = 0.990000
Particle charge semi-increment (k) = 1
Vertical velocity              (m) = 2
Rank search mode used              = simple
Number of particles placed         = 1226576
Solution validates
Rate (Mparticles_moved/s): 71.251806
### code=pic lang=c lto=1 scaling=strong style=GEOMETRIC rep=9
Parallel Research Kernels version 2.17
MPI Particle-in-Cell execution on 2D grid
Number of ranks                    = 20
Load balancing                     = None
Grid size                          = 1000
Tiles in x/y-direction             = 4/5
Number of particles requested      = 1228800
Number of time steps               = 100
Initialization mode                = GEOMETRIC
  Attenuation factor               = 0.990000
Particle charge semi-increment (k) = 1
Vertical velocity              (m) = 2
Rank search mode used              = simple
Number of particles placed         = 1226576
Solution validates
Rate (Mparticles_moved/s): 75.221031
### code=pic lang=rust lto=0 scaling=strong style=GEOMETRIC rep=9
Parallel Research Kernels
MPI Particle-in-Cell execution on 2D grid
Number of ranks                    = 20
Load balancing                     = None
Grid size                          = 1000
Tiles in x/y-direction             = 4/5
Number of particles requested      = 1228800
Number of time steps               = 100
Initialization mode            = GEOMETRIC
  Attenuation factor           = 0.990000
Particle charge semi-increment (k) = 1
Vertical velocity              (m) = 2
Rank search mode used              = simple
Number of particles placed         = 1226576
total time: 1.746568704
Solution validates
Rate (Mparticles_moved/s): 70.355091
### code=pic lang=rust lto=1 scaling=strong style=GEOMETRIC rep=9
Parallel Research Kernels
MPI Particle-in-Cell execution on 2D grid
Number of ranks                    = 20
Load balancing                     = None
Grid size                          = 1000
Tiles in x/y-direction             = 4/5
Number of particles requested      = 1228800
Number of time steps               = 100
Initialization mode            = GEOMETRIC
  Attenuation factor           = 0.990000
Particle charge semi-increment (k) = 1
Vertical velocity              (m) = 2
Rank search mode used              = simple
Number of particles placed         = 1226576
total time: 1.807002365
Solution validates
Rate (Mparticles_moved/s): 68.002125
### code=pic lang=c lto=0 scaling=strong style=SINUSOIDAL rep=9
Parallel Research Kernels version 2.17
MPI Particle-in-Cell execution on 2D grid
Number of ranks                    = 20
Load balancing                     = None
Grid size                          = 1000
Tiles in x/y-direction             = 4/5
Number of particles requested      = 1228800
Number of time steps               = 100
Initialization mode                = SINUSOIDAL
Particle charge semi-increment (k) = 0
Vertical velocity              (m) = 1
Rank search mode used              = simple
Number of particles placed         = 1218658
Solution validates
Rate (Mparticles_moved/s): 123.525230
### code=pic lang=c lto=1 scaling=strong style=SINUSOIDAL rep=9
Parallel Research Kernels version 2.17
MPI Particle-in-Cell execution on 2D grid
Number of ranks                    = 20
Load balancing                     = None
Grid size                          = 1000
Tiles in x/y-direction             = 4/5
Number of particles requested      = 1228800
Number of time steps               = 100
Initialization mode                = SINUSOIDAL
Particle charge semi-increment (k) = 0
Vertical velocity              (m) = 1
Rank search mode used              = simple
Number of particles placed         = 1218658
Solution validates
Rate (Mparticles_moved/s): 125.979821
### code=pic lang=rust lto=0 scaling=strong style=SINUSOIDAL rep=9
Parallel Research Kernels
MPI Particle-in-Cell execution on 2D grid
Number of ranks                    = 20
Load balancing                     = None
Grid size                          = 1000
Tiles in x/y-direction             = 4/5
Number of particles requested      = 1228800
Number of time steps               = 100
Initialization mode                = SINUSOIDAL
Particle charge semi-increment (k) = 0
Vertical velocity              (m) = 1
Rank search mode used              = simple
Number of particles placed         = 1218658
total time: 1.1973934609999999
Solution validates
Rate (Mparticles_moved/s): 102.622909
### code=pic lang=rust lto=1 scaling=strong style=SINUSOIDAL rep=9
Parallel Research Kernels
MPI Particle-in-Cell execution on 2D grid
Number of ranks                    = 20
Load balancing                     = None
Grid size                          = 1000
Tiles in x/y-direction             = 4/5
Number of particles requested      = 1228800
Number of time steps               = 100
Initialization mode                = SINUSOIDAL
Particle charge semi-increment (k) = 0
Vertical velocity              (m) = 1
Rank search mode used              = simple
Number of particles placed         = 1218658
total time: 1.2270217589999999
Solution validates
Rate (Mparticles_moved/s): 100.144923
### code=pic lang=c lto=0 scaling=strong style=LINEAR rep=9
Parallel Research Kernels version 2.17
MPI Particle-in-Cell execution on 2D grid
Number of ranks                    = 20
Load balancing                     = None
Grid size                          = 1000
Tiles in x/y-direction             = 4/5
Number of particles requested      = 1228800
Number of time steps               = 100
Initialization mode                = LINEAR
  Negative slope                   = 1.000000
  Offset                           = 3.000000
Particle charge semi-increment (k) = 1
Vertical velocity              (m) = 0
Rank search mode used              = simple
Number of particles placed         = 1129164
Solution validates
Rate (Mparticles_moved/s): 201.212831
### code=pic lang=c lto=1 scaling=strong style=LINEAR rep=9
Parallel Research Kernels version 2.17
MPI Particle-in-Cell execution on 2D grid
Number of ranks                    = 20
Load balancing                     = None
Grid size                          = 1000
Tiles in x/y-direction             = 4/5
Number of particles requested      = 1228800
Number of time steps               = 100
Initialization mode                = LINEAR
  Negative slope                   = 1.000000
  Offset                           = 3.000000
Particle charge semi-increment (k) = 1
Vertical velocity              (m) = 0
Rank search mode used              = simple
Number of particles placed         = 1129164
Solution validates
Rate (Mparticles_moved/s): 187.127442
### code=pic lang=rust lto=0 scaling=strong style=LINEAR rep=9
Parallel Research Kernels
MPI Particle-in-Cell execution on 2D grid
Number of ranks                    = 20
Load balancing                     = None
Grid size                          = 1000
Tiles in x/y-direction             = 4/5
Number of particles requested      = 1228800
Number of time steps               = 100
Initialization mode            = LINEAR
  Negative slope               = 1.000000
  Offset                       = 3.000000
Particle charge semi-increment (k) = 1
Vertical velocity              (m) = 0
Rank search mode used              = simple
Number of particles placed         = 1129164
total time: 0.842209938
Solution validates
Rate (Mparticles_moved/s): 145.901864
### code=pic lang=rust lto=1 scaling=strong style=LINEAR rep=9
Parallel Research Kernels
MPI Particle-in-Cell execution on 2D grid
Number of ranks                    = 20
Load balancing                     = None
Grid size                          = 1000
Tiles in x/y-direction             = 4/5
Number of particles requested      = 1228800
Number of time steps               = 100
Initialization mode            = LINEAR
  Negative slope               = 1.000000
  Offset                       = 3.000000
Particle charge semi-increment (k) = 1
Vertical velocity              (m) = 0
Rank search mode used              = simple
Number of particles placed         = 1129164
total time: 0.872999477
Solution validates
Rate (Mparticles_moved/s): 140.756098
### code=pic lang=c lto=0 scaling=strong style=PATCH rep=9
Parallel Research Kernels version 2.17
MPI Particle-in-Cell execution on 2D grid
Number of ranks                    = 20
Load balancing                     = None
Grid size                          = 1000
Tiles in x/y-direction             = 4/5
Number of particles requested      = 1228800
Number of time steps               = 100
Initialization mode                = PATCH
  Bounding box                     = 0, 200, 100, 200
Particle charge semi-increment (k) = 1
Vertical velocity              (m) = 0
Rank search mode used              = simple
Number of particles placed         = 1227313
Solution validates
Rate (Mparticles_moved/s): 14.187421
### code=pic lang=c lto=1 scaling=strong style=PATCH rep=9
Parallel Research Kernels version 2.17
MPI Particle-in-Cell execution on 2D grid
Number of ranks                    = 20
Load balancing                     = None
Grid size                          = 1000
Tiles in x/y-direction             = 4/5
Number of particles requested      = 1228800
Number of time steps               = 100
Initialization mode                = PATCH
  Bounding box                     = 0, 200, 100, 200
Particle charge semi-increment (k) = 1
Vertical velocity              (m) = 0
Rank search mode used              = simple
Number of particles placed         = 1227313
Solution validates
Rate (Mparticles_moved/s): 14.795260
### code=pic lang=rust lto=0 scaling=strong style=PATCH rep=9
Parallel Research Kernels
MPI Particle-in-Cell execution on 2D grid
Number of ranks                    = 20
Load balancing                     = None
Grid size                          = 1000
Tiles in x/y-direction             = 4/5
Number of particles requested      = 1228800
Number of time steps               = 100
Initialization mode            = PATCH
  Bounding box                 = 0, 200, 100, 200
Particle charge semi-increment (k) = 1
Vertical velocity              (m) = 0
Rank search mode used              = simple
Number of particles placed         = 1227313
total time: 7.862674633
Solution validates
Rate (Mparticles_moved/s): 15.628270
### code=pic lang=rust lto=1 scaling=strong style=PATCH rep=9
Parallel Research Kernels
MPI Particle-in-Cell execution on 2D grid
Number of ranks                    = 20
Load balancing                     = None
Grid size                          = 1000
Tiles in x/y-direction             = 4/5
Number of particles requested      = 1228800
Number of time steps               = 100
Initialization mode            = PATCH
  Bounding box                 = 0, 200, 100, 200
Particle charge semi-increment (k) = 1
Vertical velocity              (m) = 0
Rank search mode used              = simple
Number of particles placed         = 1227313
total time: 7.896203904
Solution validates
Rate (Mparticles_moved/s): 15.561908
### code=pic lang=c lto=0 scaling=weak style=GEOMETRIC rep=0
Parallel Research Kernels version 2.17
MPI Particle-in-Cell execution on 2D grid
Number of ranks                    = 20
Load balancing                     = None
Grid size                          = 1000
Tiles in x/y-direction             = 4/5
Number of particles requested      = 2048000
Number of time steps               = 100
Initialization mode                = GEOMETRIC
  Attenuation factor               = 0.990000
Particle charge semi-increment (k) = 1
Vertical velocity              (m) = 2
Rank search mode used              = simple
Number of particles placed         = 2045637
Solution validates
Rate (Mparticles_moved/s): 72.693372
### code=pic lang=c lto=1 scaling=weak style=GEOMETRIC rep=0
Parallel Research Kernels version 2.17
MPI Particle-in-Cell execution on 2D grid
Number of ranks                    = 20
Load balancing                     = None
Grid size                          = 1000
Tiles in x/y-direction             = 4/5
Number of particles requested      = 2048000
Number of time steps               = 100
Initialization mode                = GEOMETRIC
  Attenuation factor               = 0.990000
Particle charge semi-increment (k) = 1
Vertical velocity              (m) = 2
Rank search mode used              = simple
Number of particles placed         = 2045637
Solution validates
Rate (Mparticles_moved/s): 75.370138
### code=pic lang=rust lto=0 scaling=weak style=GEOMETRIC rep=0
Parallel Research Kernels
MPI Particle-in-Cell execution on 2D grid
Number of ranks                    = 20
Load balancing                     = None
Grid size                          = 1000
Tiles in x/y-direction             = 4/5
Number of particles requested      = 2048000
Number of time steps               = 100
Initialization mode            = GEOMETRIC
  Attenuation factor           = 0.990000
Particle charge semi-increment (k) = 1
Vertical velocity              (m) = 2
Rank search mode used              = simple
Number of particles placed         = 2045637
total time: 2.895570851
Solution validates
Rate (Mparticles_moved/s): 70.728713
### code=pic lang=rust lto=1 scaling=weak style=GEOMETRIC rep=0
Parallel Research Kernels
MPI Particle-in-Cell execution on 2D grid
Number of ranks                    = 20
Load balancing                     = None
Grid size                          = 1000
Tiles in x/y-direction             = 4/5
Number of particles requested      = 2048000
Number of time steps               = 100
Initialization mode            = GEOMETRIC
  Attenuation factor           = 0.990000
Particle charge semi-increment (k) = 1
Vertical velocity              (m) = 2
Rank search mode used              = simple
Number of particles placed         = 2045637
total time: 2.926302852
Solution validates
Rate (Mparticles_moved/s): 69.985921
### code=pic lang=c lto=0 scaling=weak style=SINUSOIDAL rep=0
Parallel Research Kernels version 2.17
MPI Particle-in-Cell execution on 2D grid
Number of ranks                    = 20
Load balancing                     = None
Grid size                          = 1000
Tiles in x/y-direction             = 4/5
Number of particles requested      = 2048000
Number of time steps               = 100
Initialization mode                = SINUSOIDAL
Particle charge semi-increment (k) = 0
Vertical velocity              (m) = 1
Rank search mode used              = simple
Number of particles placed         = 2042831
Solution validates
Rate (Mparticles_moved/s): 126.925366
### code=pic lang=c lto=1 scaling=weak style=SINUSOIDAL rep=0
Parallel Research Kernels version 2.17
MPI Particle-in-Cell execution on 2D grid
Number of ranks                    = 20
Load balancing                     = None
Grid size                          = 1000
Tiles in x/y-direction             = 4/5
Number of particles requested      = 2048000
Number of time steps               = 100
Initialization mode                = SINUSOIDAL
Particle charge semi-increment (k) = 0
Vertical velocity              (m) = 1
Rank search mode used              = simple
Number of particles placed         = 2042831
Solution validates
Rate (Mparticles_moved/s): 128.486803
### code=pic lang=rust lto=0 scaling=weak style=SINUSOIDAL rep=0
Parallel Research Kernels
MPI Particle-in-Cell execution on 2D grid
Number of ranks                    = 20
Load balancing                     = None
Grid size                          = 1000
Tiles in x/y-direction             = 4/5
Number of particles requested      = 2048000
Number of time steps               = 100
Initialization mode                = SINUSOIDAL
Particle charge semi-increment (k) = 0
Vertical velocity              (m) = 1
Rank search mode used              = simple
Number of particles placed         = 2042831
total time: 2.077672558
Solution validates
Rate (Mparticles_moved/s): 98.571837
### code=pic lang=rust lto=1 scaling=weak style=SINUSOIDAL rep=0
Parallel Research Kernels
MPI Particle-in-Cell execution on 2D grid
Number of ranks                    = 20
Load balancing                     = None
Grid size                          = 1000
Tiles in x/y-direction             = 4/5
Number of particles requested      = 2048000
Number of time steps               = 100
Initialization mode                = SINUSOIDAL
Particle charge semi-increment (k) = 0
Vertical velocity              (m) = 1
Rank search mode used              = simple
Number of particles placed         = 2042831
total time: 1.990804903
Solution validates
Rate (Mparticles_moved/s): 102.872963
### code=pic lang=c lto=0 scaling=weak style=LINEAR rep=0
Parallel Research Kernels version 2.17
MPI Particle-in-Cell execution on 2D grid
Number of ranks                    = 20
Load balancing                     = None
Grid size                          = 1000
Tiles in x/y-direction             = 4/5
Number of particles requested      = 2048000
Number of time steps               = 100
Initialization mode                = LINEAR
  Negative slope                   = 1.000000
  Offset                           = 3.000000
Particle charge semi-increment (k) = 1
Vertical velocity              (m) = 0
Rank search mode used              = simple
Number of particles placed         = 2058693
Solution validates
Rate (Mparticles_moved/s): 212.016212
### code=pic lang=c lto=1 scaling=weak style=LINEAR rep=0
Parallel Research Kernels version 2.17
MPI Particle-in-Cell execution on 2D grid
Number of ranks                    = 20
Load balancing                     = None
Grid size                          = 1000
Tiles in x/y-direction             = 4/5
Number of particles requested      = 2048000
Number of time steps               = 100
Initialization mode                = LINEAR
  Negative slope                   = 1.000000
  Offset                           = 3.000000
Particle charge semi-increment (k) = 1
Vertical velocity              (m) = 0
Rank search mode used              = simple
Number of particles placed         = 2058693
Solution validates
Rate (Mparticles_moved/s): 219.528656
### code=pic lang=rust lto=0 scaling=weak style=LINEAR rep=0
Parallel Research Kernels
MPI Particle-in-Cell execution on 2D grid
Number of ranks                    = 20
Load balancing                     = None
Grid size                          = 1000
Tiles in x/y-direction             = 4/5
Number of particles requested      = 2048000
Number of time steps               = 100
Initialization mode            = LINEAR
  Negative slope               = 1.000000
  Offset                       = 3.000000
Particle charge semi-increment (k) = 1
Vertical velocity              (m) = 0
Rank search mode used              = simple
Number of particles placed         = 2058693
total time: 1.598926531
Solution validates
Rate (Mparticles_moved/s): 128.085935
### code=pic lang=rust lto=1 scaling=weak style=LINEAR rep=0
Parallel Research Kernels
MPI Particle-in-Cell execution on 2D grid
Number of ranks                    = 20
Load balancing                     = None
Grid size                          = 1000
Tiles in x/y-direction             = 4/5
Number of particles requested      = 2048000
Number of time steps               = 100
Initialization mode            = LINEAR
  Negative slope               = 1.000000
  Offset                       = 3.000000
Particle charge semi-increment (k) = 1
Vertical velocity              (m) = 0
Rank search mode used              = simple
Number of particles placed         = 2058693
total time: 1.563601329
Solution validates
Rate (Mparticles_moved/s): 130.979679
### code=pic lang=c lto=0 scaling=weak style=PATCH rep=0
Parallel Research Kernels version 2.17
MPI Particle-in-Cell execution on 2D grid
Number of ranks                    = 20
Load balancing                     = None
Grid size                          = 1000
Tiles in x/y-direction             = 4/5
Number of particles requested      = 2048000
Number of time steps               = 100
Initialization mode                = PATCH
  Bounding box                     = 0, 200, 100, 200
Particle charge semi-increment (k) = 1
Vertical velocity              (m) = 0
Rank search mode used              = simple
Number of particles placed         = 2045421
Solution validates
Rate (Mparticles_moved/s): 14.196718
### code=pic lang=c lto=1 scaling=weak style=PATCH rep=0
Parallel Research Kernels version 2.17
MPI Particle-in-Cell execution on 2D grid
Number of ranks                    = 20
Load balancing                     = None
Grid size                          = 1000
Tiles in x/y-direction             = 4/5
Number of particles requested      = 2048000
Number of time steps               = 100
Initialization mode                = PATCH
  Bounding box                     = 0, 200, 100, 200
Particle charge semi-increment (k) = 1
Vertical velocity              (m) = 0
Rank search mode used              = simple
Number of particles placed         = 2045421
Solution validates
Rate (Mparticles_moved/s): 14.794924
### code=pic lang=rust lto=0 scaling=weak style=PATCH rep=0
Parallel Research Kernels
MPI Particle-in-Cell execution on 2D grid
Number of ranks                    = 20
Load balancing                     = None
Grid size                          = 1000
Tiles in x/y-direction             = 4/5
Number of particles requested      = 2048000
Number of time steps               = 100
Initialization mode            = PATCH
  Bounding box                 = 0, 200, 100, 200
Particle charge semi-increment (k) = 1
Vertical velocity              (m) = 0
Rank search mode used              = simple
Number of particles placed         = 2045421
total time: 13.265081378
Solution validates
Rate (Mparticles_moved/s): 15.439031
### code=pic lang=rust lto=1 scaling=weak style=PATCH rep=0
Parallel Research Kernels
MPI Particle-in-Cell execution on 2D grid
Number of ranks                    = 20
Load balancing                     = None
Grid size                          = 1000
Tiles in x/y-direction             = 4/5
Number of particles requested      = 2048000
Number of time steps               = 100
Initialization mode            = PATCH
  Bounding box                 = 0, 200, 100, 200
Particle charge semi-increment (k) = 1
Vertical velocity              (m) = 0
Rank search mode used              = simple
Number of particles placed         = 2045421
total time: 12.907608107
Solution validates
Rate (Mparticles_moved/s): 15.866611
### code=pic lang=c lto=0 scaling=weak style=GEOMETRIC rep=1
Parallel Research Kernels version 2.17
MPI Particle-in-Cell execution on 2D grid
Number of ranks                    = 20
Load balancing                     = None
Grid size                          = 1000
Tiles in x/y-direction             = 4/5
Number of particles requested      = 2048000
Number of time steps               = 100
Initialization mode                = GEOMETRIC
  Attenuation factor               = 0.990000
Particle charge semi-increment (k) = 1
Vertical velocity              (m) = 2
Rank search mode used              = simple
Number of particles placed         = 2045637
Solution validates
Rate (Mparticles_moved/s): 71.727176
### code=pic lang=c lto=1 scaling=weak style=GEOMETRIC rep=1
Parallel Research Kernels version 2.17
MPI Particle-in-Cell execution on 2D grid
Number of ranks                    = 20
Load balancing                     = None
Grid size                          = 1000
Tiles in x/y-direction             = 4/5
Number of particles requested      = 2048000
Number of time steps               = 100
Initialization mode                = GEOMETRIC
  Attenuation factor               = 0.990000
Particle charge semi-increment (k) = 1
Vertical velocity              (m) = 2
Rank search mode used              = simple
Number of particles placed         = 2045637
Solution validates
Rate (Mparticles_moved/s): 75.304464
### code=pic lang=rust lto=0 scaling=weak style=GEOMETRIC rep=1
Parallel Research Kernels
MPI Particle-in-Cell execution on 2D grid
Number of ranks                    = 20
Load balancing                     = None
Grid size                          = 1000
Tiles in x/y-direction             = 4/5
Number of particles requested      = 2048000
Number of time steps               = 100
Initialization mode            = GEOMETRIC
  Attenuation factor           = 0.990000
Particle charge semi-increment (k) = 1
Vertical velocity              (m) = 2
Rank search mode used              = simple
Number of particles placed         = 2045637
total time: 2.930498096
Solution validates
Rate (Mparticles_moved/s): 69.885730
### code=pic lang=rust lto=1 scaling=weak style=GEOMETRIC rep=1
Parallel Research Kernels
MPI Particle-in-Cell execution on 2D grid
Number of ranks                    = 20
Load balancing                     = None
Grid size                          = 1000
Tiles in x/y-direction             = 4/5
Number of particles requested      = 2048000
Number of time steps               = 100
Initialization mode            = GEOMETRIC
  Attenuation factor           = 0.990000
Particle charge semi-increment (k) = 1
Vertical velocity              (m) = 2
Rank search mode used              = simple
Number of particles placed         = 2045637
total time: 2.908083741
Solution validates
Rate (Mparticles_moved/s): 70.424382
### code=pic lang=c lto=0 scaling=weak style=SINUSOIDAL rep=1
Parallel Research Kernels version 2.17
MPI Particle-in-Cell execution on 2D grid
Number of ranks                    = 20
Load balancing                     = None
Grid size                          = 1000
Tiles in x/y-direction             = 4/5
Number of particles requested      = 2048000
Number of time steps               = 100
Initialization mode                = SINUSOIDAL
Particle charge semi-increment (k) = 0
Vertical velocity              (m) = 1
Rank search mode used              = simple
Number of particles placed         = 2042831
Solution validates
Rate (Mparticles_moved/s): 123.967625
### code=pic lang=c lto=1 scaling=weak style=SINUSOIDAL rep=1
Parallel Research Kernels version 2.17
MPI Particle-in-Cell execution on 2D grid
Number of ranks                    = 20
Load balancing                     = None
Grid size                          = 1000
Tiles in x/y-direction             = 4/5
Number of particles requested      = 2048000
Number of time steps               = 100
Initialization mode                = SINUSOIDAL
Particle charge semi-increment (k) = 0
Vertical velocity              (m) = 1
Rank search mode used              = simple
Number of particles placed         = 2042831
Solution validates
Rate (Mparticles_moved/s): 130.748027
### code=pic lang=rust lto=0 scaling=weak style=SINUSOIDAL rep=1
Parallel Research Kernels
MPI Particle-in-Cell execution on 2D grid
Number of ranks                    = 20
Load balancing                     = None
Grid size                          = 1000
Tiles in x/y-direction             = 4/5
Number of particles requested      = 2048000
Number of time steps               = 100
Initialization mode                = SINUSOIDAL
Particle charge semi-increment (k) = 0
Vertical velocity              (m) = 1
Rank search mode used              = simple
Number of particles placed         = 2042831
total time: 1.9849740790000001
Solution validates
Rate (Mparticles_moved/s): 103.175151
### code=pic lang=rust lto=1 scaling=weak style=SINUSOIDAL rep=1
Parallel Research Kernels
MPI Particle-in-Cell execution on 2D grid
Number of ranks                    = 20
Load balancing                     = None
Grid size                          = 1000
Tiles in x/y-direction             = 4/5
Number of particles requested      = 2048000
Number of time steps               = 100
Initialization mode                = SINUSOIDAL
Particle charge semi-increment (k) = 0
Vertical velocity              (m) = 1
Rank search mode used              = simple
Number of particles placed         = 2042831
total time: 2.076322517
Solution validates
Rate (Mparticles_moved/s): 98.635929
### code=pic lang=c lto=0 scaling=weak style=LINEAR rep=1
Parallel Research Kernels version 2.17
MPI Particle-in-Cell execution on 2D grid
Number of ranks                    = 20
Load balancing                     = None
Grid size                          = 1000
Tiles in x/y-direction             = 4/5
Number of particles requested      = 2048000
Number of time steps               = 100
Initialization mode                = LINEAR
  Negative slope                   = 1.000000
  Offset                           = 3.000000
Particle charge semi-increment (k) = 1
Vertical velocity              (m) = 0
Rank search mode used              = simple
Number of particles placed         = 2058693
Solution validates
Rate (Mparticles_moved/s): 202.525078
### code=pic lang=c lto=1 scaling=weak style=LINEAR rep=1
Parallel Research Kernels version 2.17
MPI Particle-in-Cell execution on 2D grid
Number of ranks                    = 20
Load balancing                     = None
Grid size                          = 1000
Tiles in x/y-direction             = 4/5
Number of particles requested      = 2048000
Number of time steps               = 100
Initialization mode                = LINEAR
  Negative slope                   = 1.000000
  Offset                           = 3.000000
Particle charge semi-increment (k) = 1
Vertical velocity              (m) = 0
Rank search mode used              = simple
Number of particles placed         = 2058693
Solution validates
Rate (Mparticles_moved/s): 221.330551
### code=pic lang=rust lto=0 scaling=weak style=LINEAR rep=1
Parallel Research Kernels
MPI Particle-in-Cell execution on 2D grid
Number of ranks                    = 20
Load balancing                     = None
Grid size                          = 1000
Tiles in x/y-direction             = 4/5
Number of particles requested      = 2048000
Number of time steps               = 100
Initialization mode            = LINEAR
  Negative slope               = 1.000000
  Offset                       = 3.000000
Particle charge semi-increment (k) = 1
Vertical velocity              (m) = 0
Rank search mode used              = simple
Number of particles placed         = 2058693
total time: 1.5521452980000001
Solution validates
Rate (Mparticles_moved/s): 131.946410
### code=pic lang=rust lto=1 scaling=weak style=LINEAR rep=1
Parallel Research Kernels
MPI Particle-in-Cell execution on 2D grid
Number of ranks                    = 20
Load balancing                     = None
Grid size                          = 1000
Tiles in x/y-direction             = 4/5
Number of particles requested      = 2048000
Number of time steps               = 100
Initialization mode            = LINEAR
  Negative slope               = 1.000000
  Offset                       = 3.000000
Particle charge semi-increment (k) = 1
Vertical velocity              (m) = 0
Rank search mode used              = simple
Number of particles placed         = 2058693
total time: 1.569228179
Solution validates
Rate (Mparticles_moved/s): 130.510019
### code=pic lang=c lto=0 scaling=weak style=PATCH rep=1
Parallel Research Kernels version 2.17
MPI Particle-in-Cell execution on 2D grid
Number of ranks                    = 20
Load balancing                     = None
Grid size                          = 1000
Tiles in x/y-direction             = 4/5
Number of particles requested      = 2048000
Number of time steps               = 100
Initialization mode                = PATCH
  Bounding box                     = 0, 200, 100, 200
Particle charge semi-increment (k) = 1
Vertical velocity              (m) = 0
Rank search mode used              = simple
Number of particles placed         = 2045421
Solution validates
Rate (Mparticles_moved/s): 14.188748
### code=pic lang=c lto=1 scaling=weak style=PATCH rep=1
Parallel Research Kernels version 2.17
MPI Particle-in-Cell execution on 2D grid
Number of ranks                    = 20
Load balancing                     = None
Grid size                          = 1000
Tiles in x/y-direction             = 4/5
Number of particles requested      = 2048000
Number of time steps               = 100
Initialization mode                = PATCH
  Bounding box                     = 0, 200, 100, 200
Particle charge semi-increment (k) = 1
Vertical velocity              (m) = 0
Rank search mode used              = simple
Number of particles placed         = 2045421
Solution validates
Rate (Mparticles_moved/s): 14.789225
### code=pic lang=rust lto=0 scaling=weak style=PATCH rep=1
Parallel Research Kernels
MPI Particle-in-Cell execution on 2D grid
Number of ranks                    = 20
Load balancing                     = None
Grid size                          = 1000
Tiles in x/y-direction             = 4/5
Number of particles requested      = 2048000
Number of time steps               = 100
Initialization mode            = PATCH
  Bounding box                 = 0, 200, 100, 200
Particle charge semi-increment (k) = 1
Vertical velocity              (m) = 0
Rank search mode used              = simple
Number of particles placed         = 2045421
total time: 13.059710477
Solution validates
Rate (Mparticles_moved/s): 15.681818
### code=pic lang=rust lto=1 scaling=weak style=PATCH rep=1
Parallel Research Kernels
MPI Particle-in-Cell execution on 2D grid
Number of ranks                    = 20
Load balancing                     = None
Grid size                          = 1000
Tiles in x/y-direction             = 4/5
Number of particles requested      = 2048000
Number of time steps               = 100
Initialization mode            = PATCH
  Bounding box                 = 0, 200, 100, 200
Particle charge semi-increment (k) = 1
Vertical velocity              (m) = 0
Rank search mode used              = simple
Number of particles placed         = 2045421
total time: 12.87989787
Solution validates
Rate (Mparticles_moved/s): 15.900747
### code=pic lang=c lto=0 scaling=weak style=GEOMETRIC rep=2
Parallel Research Kernels version 2.17
MPI Particle-in-Cell execution on 2D grid
Number of ranks                    = 20
Load balancing                     = None
Grid size                          = 1000
Tiles in x/y-direction             = 4/5
Number of particles requested      = 2048000
Number of time steps               = 100
Initialization mode                = GEOMETRIC
  Attenuation factor               = 0.990000
Particle charge semi-increment (k) = 1
Vertical velocity              (m) = 2
Rank search mode used              = simple
Number of particles placed         = 2045637
Solution validates
Rate (Mparticles_moved/s): 72.840652
### code=pic lang=c lto=1 scaling=weak style=GEOMETRIC rep=2
Parallel Research Kernels version 2.17
MPI Particle-in-Cell execution on 2D grid
Number of ranks                    = 20
Load balancing                     = None
Grid size                          = 1000
Tiles in x/y-direction             = 4/5
Number of particles requested      = 2048000
Number of time steps               = 100
Initialization mode                = GEOMETRIC
  Attenuation factor               = 0.990000
Particle charge semi-increment (k) = 1
Vertical velocity              (m) = 2
Rank search mode used              = simple
Number of particles placed         = 2045637
Solution validates
Rate (Mparticles_moved/s): 75.082376
### code=pic lang=rust lto=0 scaling=weak style=GEOMETRIC rep=2
Parallel Research Kernels
MPI Particle-in-Cell execution on 2D grid
Number of ranks                    = 20
Load balancing                     = None
Grid size                          = 1000
Tiles in x/y-direction             = 4/5
Number of particles requested      = 2048000
Number of time steps               = 100
Initialization mode            = GEOMETRIC
  Attenuation factor           = 0.990000
Particle charge semi-increment (k) = 1
Vertical velocity              (m) = 2
Rank search mode used              = simple
Number of particles placed         = 2045637
total time: 2.965746313
Solution validates
Rate (Mparticles_moved/s): 69.055131
### code=pic lang=rust lto=1 scaling=weak style=GEOMETRIC rep=2
Parallel Research Kernels
MPI Particle-in-Cell execution on 2D grid
Number of ranks                    = 20
Load balancing                     = None
Grid size                          = 1000
Tiles in x/y-direction             = 4/5
Number of particles requested      = 2048000
Number of time steps               = 100
Initialization mode            = GEOMETRIC
  Attenuation factor           = 0.990000
Particle charge semi-increment (k) = 1
Vertical velocity              (m) = 2
Rank search mode used              = simple
Number of particles placed         = 2045637
total time: 2.920951294
Solution validates
Rate (Mparticles_moved/s): 70.114144
### code=pic lang=c lto=0 scaling=weak style=SINUSOIDAL rep=2
Parallel Research Kernels version 2.17
MPI Particle-in-Cell execution on 2D grid
Number of ranks                    = 20
Load balancing                     = None
Grid size                          = 1000
Tiles in x/y-direction             = 4/5
Number of particles requested      = 2048000
Number of time steps               = 100
Initialization mode                = SINUSOIDAL
Particle charge semi-increment (k) = 0
Vertical velocity              (m) = 1
Rank search mode used              = simple
Number of particles placed         = 2042831
Solution validates
Rate (Mparticles_moved/s): 126.371853
### code=pic lang=c lto=1 scaling=weak style=SINUSOIDAL rep=2
Parallel Research Kernels version 2.17
MPI Particle-in-Cell execution on 2D grid
Number of ranks                    = 20
Load balancing                     = None
Grid size                          = 1000
Tiles in x/y-direction             = 4/5
Number of particles requested      = 2048000
Number of time steps               = 100
Initialization mode                = SINUSOIDAL
Particle charge semi-increment (k) = 0
Vertical velocity              (m) = 1
Rank search mode used              = simple
Number of particles placed         = 2042831
Solution validates
Rate (Mparticles_moved/s): 129.716688
### code=pic lang=rust lto=0 scaling=weak style=SINUSOIDAL rep=2
Parallel Research Kernels
MPI Particle-in-Cell execution on 2D grid
Number of ranks                    = 20
Load balancing                     = None
Grid size                          = 1000
Tiles in x/y-direction             = 4/5
Number of particles requested      = 2048000
Number of time steps               = 100
Initialization mode                = SINUSOIDAL
Particle charge semi-increment (k) = 0
Vertical velocity              (m) = 1
Rank search mode used              = simple
Number of particles placed         = 2042831
total time: 2.018814539
Solution validates
Rate (Mparticles_moved/s): 101.445673
### code=pic lang=rust lto=1 scaling=weak style=SINUSOIDAL rep=2
Parallel Research Kernels
MPI Particle-in-Cell execution on 2D grid
Number of ranks                    = 20
Load balancing                     = None
Grid size                          = 1000
Tiles in x/y-direction             = 4/5
Number of particles requested      = 2048000
Number of time steps               = 100
Initialization mode                = SINUSOIDAL
Particle charge semi-increment (k) = 0
Vertical velocity              (m) = 1
Rank search mode used              = simple
Number of particles placed         = 2042831
total time: 2.070810138
Solution validates
Rate (Mparticles_moved/s): 98.898492
### code=pic lang=c lto=0 scaling=weak style=LINEAR rep=2
Parallel Research Kernels version 2.17
MPI Particle-in-Cell execution on 2D grid
Number of ranks                    = 20
Load balancing                     = None
Grid size                          = 1000
Tiles in x/y-direction             = 4/5
Number of particles requested      = 2048000
Number of time steps               = 100
Initialization mode                = LINEAR
  Negative slope                   = 1.000000
  Offset                           = 3.000000
Particle charge semi-increment (k) = 1
Vertical velocity              (m) = 0
Rank search mode used              = simple
Number of particles placed         = 2058693
Solution validates
Rate (Mparticles_moved/s): 204.725090
### code=pic lang=c lto=1 scaling=weak style=LINEAR rep=2
Parallel Research Kernels version 2.17
MPI Particle-in-Cell execution on 2D grid
Number of ranks                    = 20
Load balancing                     = None
Grid size                          = 1000
Tiles in x/y-direction             = 4/5
Number of particles requested      = 2048000
Number of time steps               = 100
Initialization mode                = LINEAR
  Negative slope                   = 1.000000
  Offset                           = 3.000000
Particle charge semi-increment (k) = 1
Vertical velocity              (m) = 0
Rank search mode used              = simple
Number of particles placed         = 2058693
Solution validates
Rate (Mparticles_moved/s): 211.965728
### code=pic lang=rust lto=0 scaling=weak style=LINEAR rep=2
Parallel Research Kernels
MPI Particle-in-Cell execution on 2D grid
Number of ranks                    = 20
Load balancing                     = None
Grid size                          = 1000
Tiles in x/y-direction             = 4/5
Number of particles requested      = 2048000
Number of time steps               = 100
Initialization mode            = LINEAR
  Negative slope               = 1.000000
  Offset                       = 3.000000
Particle charge semi-increment (k) = 1
Vertical velocity              (m) = 0
Rank search mode used              = simple
Number of particles placed         = 2058693
total time: 1.562402139
Solution validates
Rate (Mparticles_moved/s): 131.080210
### code=pic lang=rust lto=1 scaling=weak style=LINEAR rep=2
Parallel Research Kernels
MPI Particle-in-Cell execution on 2D grid
Number of ranks                    = 20
Load balancing                     = None
Grid size                          = 1000
Tiles in x/y-direction             = 4/5
Number of particles requested      = 2048000
Number of time steps               = 100
Initialization mode            = LINEAR
  Negative slope               = 1.000000
  Offset                       = 3.000000
Particle charge semi-increment (k) = 1
Vertical velocity              (m) = 0
Rank search mode used              = simple
Number of particles placed         = 2058693
total time: 1.552907818
Solution validates
Rate (Mparticles_moved/s): 131.881621
### code=pic lang=c lto=0 scaling=weak style=PATCH rep=2
Parallel Research Kernels version 2.17
MPI Particle-in-Cell execution on 2D grid
Number of ranks                    = 20
Load balancing                     = None
Grid size                          = 1000
Tiles in x/y-direction             = 4/5
Number of particles requested      = 2048000
Number of time steps               = 100
Initialization mode                = PATCH
  Bounding box                     = 0, 200, 100, 200
Particle charge semi-increment (k) = 1
Vertical velocity              (m) = 0
Rank search mode used              = simple
Number of particles placed         = 2045421
Solution validates
Rate (Mparticles_moved/s): 14.215842
### code=pic lang=c lto=1 scaling=weak style=PATCH rep=2
Parallel Research Kernels version 2.17
MPI Particle-in-Cell execution on 2D grid
Number of ranks                    = 20
Load balancing                     = None
Grid size                          = 1000
Tiles in x/y-direction             = 4/5
Number of particles requested      = 2048000
Number of time steps               = 100
Initialization mode                = PATCH
  Bounding box                     = 0, 200, 100, 200
Particle charge semi-increment (k) = 1
Vertical velocity              (m) = 0
Rank search mode used              = simple
Number of particles placed         = 2045421
Solution validates
Rate (Mparticles_moved/s): 14.788935
### code=pic lang=rust lto=0 scaling=weak style=PATCH rep=2
Parallel Research Kernels
MPI Particle-in-Cell execution on 2D grid
Number of ranks                    = 20
Load balancing                     = None
Grid size                          = 1000
Tiles in x/y-direction             = 4/5
Number of particles requested      = 2048000
Number of time steps               = 100
Initialization mode            = PATCH
  Bounding box                 = 0, 200, 100, 200
Particle charge semi-increment (k) = 1
Vertical velocity              (m) = 0
Rank search mode used              = simple
Number of particles placed         = 2045421
total time: 13.05669434
Solution validates
Rate (Mparticles_moved/s): 15.685440
### code=pic lang=rust lto=1 scaling=weak style=PATCH rep=2
Parallel Research Kernels
MPI Particle-in-Cell execution on 2D grid
Number of ranks                    = 20
Load balancing                     = None
Grid size                          = 1000
Tiles in x/y-direction             = 4/5
Number of particles requested      = 2048000
Number of time steps               = 100
Initialization mode            = PATCH
  Bounding box                 = 0, 200, 100, 200
Particle charge semi-increment (k) = 1
Vertical velocity              (m) = 0
Rank search mode used              = simple
Number of particles placed         = 2045421
total time: 12.962402804
Solution validates
Rate (Mparticles_moved/s): 15.799540
### code=pic lang=c lto=0 scaling=weak style=GEOMETRIC rep=3
Parallel Research Kernels version 2.17
MPI Particle-in-Cell execution on 2D grid
Number of ranks                    = 20
Load balancing                     = None
Grid size                          = 1000
Tiles in x/y-direction             = 4/5
Number of particles requested      = 2048000
Number of time steps               = 100
Initialization mode                = GEOMETRIC
  Attenuation factor               = 0.990000
Particle charge semi-increment (k) = 1
Vertical velocity              (m) = 2
Rank search mode used              = simple
Number of particles placed         = 2045637
Solution validates
Rate (Mparticles_moved/s): 72.086644
### code=pic lang=c lto=1 scaling=weak style=GEOMETRIC rep=3
Parallel Research Kernels version 2.17
MPI Particle-in-Cell execution on 2D grid
Number of ranks                    = 20
Load balancing                     = None
Grid size                          = 1000
Tiles in x/y-direction             = 4/5
Number of particles requested      = 2048000
Number of time steps               = 100
Initialization mode                = GEOMETRIC
  Attenuation factor               = 0.990000
Particle charge semi-increment (k) = 1
Vertical velocity              (m) = 2
Rank search mode used              = simple
Number of particles placed         = 2045637
Solution validates
Rate (Mparticles_moved/s): 75.291895
### code=pic lang=rust lto=0 scaling=weak style=GEOMETRIC rep=3
Parallel Research Kernels
MPI Particle-in-Cell execution on 2D grid
Number of ranks                    = 20
Load balancing                     = None
Grid size                          = 1000
Tiles in x/y-direction             = 4/5
Number of particles requested      = 2048000
Number of time steps               = 100
Initialization mode            = GEOMETRIC
  Attenuation factor           = 0.990000
Particle charge semi-increment (k) = 1
Vertical velocity              (m) = 2
Rank search mode used              = simple
Number of particles placed         = 2045637
total time: 2.951349454
Solution validates
Rate (Mparticles_moved/s): 69.391986
### code=pic lang=rust lto=1 scaling=weak style=GEOMETRIC rep=3
Parallel Research Kernels
MPI Particle-in-Cell execution on 2D grid
Number of ranks                    = 20
Load balancing                     = None
Grid size                          = 1000
Tiles in x/y-direction             = 4/5
Number of particles requested      = 2048000
Number of time steps               = 100
Initialization mode            = GEOMETRIC
  Attenuation factor           = 0.990000
Particle charge semi-increment (k) = 1
Vertical velocity              (m) = 2
Rank search mode used              = simple
Number of particles placed         = 2045637
total time: 2.926587074
Solution validates
Rate (Mparticles_moved/s): 69.979124
### code=pic lang=c lto=0 scaling=weak style=SINUSOIDAL rep=3
Parallel Research Kernels version 2.17
MPI Particle-in-Cell execution on 2D grid
Number of ranks                    = 20
Load balancing                     = None
Grid size                          = 1000
Tiles in x/y-direction             = 4/5
Number of particles requested      = 2048000
Number of time steps               = 100
Initialization mode                = SINUSOIDAL
Particle charge semi-increment (k) = 0
Vertical velocity              (m) = 1
Rank search mode used              = simple
Number of particles placed         = 2042831
Solution validates
Rate (Mparticles_moved/s): 126.541821
### code=pic lang=c lto=1 scaling=weak style=SINUSOIDAL rep=3
Parallel Research Kernels version 2.17
MPI Particle-in-Cell execution on 2D grid
Number of ranks                    = 20
Load balancing                     = None
Grid size                          = 1000
Tiles in x/y-direction             = 4/5
Number of particles requested      = 2048000
Number of time steps               = 100
Initialization mode                = SINUSOIDAL
Particle charge semi-increment (k) = 0
Vertical velocity              (m) = 1
Rank search mode used              = simple
Number of particles placed         = 2042831
Solution validates
Rate (Mparticles_moved/s): 131.041554
### code=pic lang=rust lto=0 scaling=weak style=SINUSOIDAL rep=3
Parallel Research Kernels
MPI Particle-in-Cell execution on 2D grid
Number of ranks                    = 20
Load balancing                     = None
Grid size                          = 1000
Tiles in x/y-direction             = 4/5
Number of particles requested      = 2048000
Number of time steps               = 100
Initialization mode                = SINUSOIDAL
Particle charge semi-increment (k) = 0
Vertical velocity              (m) = 1
Rank search mode used              = simple
Number of particles placed         = 2042831
total time: 2.050240679
Solution validates
Rate (Mparticles_moved/s): 99.890711
### code=pic lang=rust lto=1 scaling=weak style=SINUSOIDAL rep=3
Parallel Research Kernels
MPI Particle-in-Cell execution on 2D grid
Number of ranks                    = 20
Load balancing                     = None
Grid size                          = 1000
Tiles in x/y-direction             = 4/5
Number of particles requested      = 2048000
Number of time steps               = 100
Initialization mode                = SINUSOIDAL
Particle charge semi-increment (k) = 0
Vertical velocity              (m) = 1
Rank search mode used              = simple
Number of particles placed         = 2042831
total time: 2.007086141
Solution validates
Rate (Mparticles_moved/s): 102.038471
### code=pic lang=c lto=0 scaling=weak style=LINEAR rep=3
Parallel Research Kernels version 2.17
MPI Particle-in-Cell execution on 2D grid
Number of ranks                    = 20
Load balancing                     = None
Grid size                          = 1000
Tiles in x/y-direction             = 4/5
Number of particles requested      = 2048000
Number of time steps               = 100
Initialization mode                = LINEAR
  Negative slope                   = 1.000000
  Offset                           = 3.000000
Particle charge semi-increment (k) = 1
Vertical velocity              (m) = 0
Rank search mode used              = simple
Number of particles placed         = 2058693
Solution validates
Rate (Mparticles_moved/s): 202.720354
### code=pic lang=c lto=1 scaling=weak style=LINEAR rep=3
Parallel Research Kernels version 2.17
MPI Particle-in-Cell execution on 2D grid
Number of ranks                    = 20
Load balancing                     = None
Grid size                          = 1000
Tiles in x/y-direction             = 4/5
Number of particles requested      = 2048000
Number of time steps               = 100
Initialization mode                = LINEAR
  Negative slope                   = 1.000000
  Offset                           = 3.000000
Particle charge semi-increment (k) = 1
Vertical velocity              (m) = 0
Rank search mode used              = simple
Number of particles placed         = 2058693
Solution validates
Rate (Mparticles_moved/s): 213.300667
### code=pic lang=rust lto=0 scaling=weak style=LINEAR rep=3
Parallel Research Kernels
MPI Particle-in-Cell execution on 2D grid
Number of ranks                    = 20
Load balancing                     = None
Grid size                          = 1000
Tiles in x/y-direction             = 4/5
Number of particles requested      = 2048000
Number of time steps               = 100
Initialization mode            = LINEAR
  Negative slope               = 1.000000
  Offset                       = 3.000000
Particle charge semi-increment (k) = 1
Vertical velocity              (m) = 0
Rank search mode used              = simple
Number of particles placed         = 2058693
total time: 1.55586557
Solution validates
Rate (Mparticles_moved/s): 131.630909
### code=pic lang=rust lto=1 scaling=weak style=LINEAR rep=3
Parallel Research Kernels
MPI Particle-in-Cell execution on 2D grid
Number of ranks                    = 20
Load balancing                     = None
Grid size                          = 1000
Tiles in x/y-direction             = 4/5
Number of particles requested      = 2048000
Number of time steps               = 100
Initialization mode            = LINEAR
  Negative slope               = 1.000000
  Offset                       = 3.000000
Particle charge semi-increment (k) = 1
Vertical velocity              (m) = 0
Rank search mode used              = simple
Number of particles placed         = 2058693
total time: 1.612104229
Solution validates
Rate (Mparticles_moved/s): 127.038932
### code=pic lang=c lto=0 scaling=weak style=PATCH rep=3
Parallel Research Kernels version 2.17
MPI Particle-in-Cell execution on 2D grid
Number of ranks                    = 20
Load balancing                     = None
Grid size                          = 1000
Tiles in x/y-direction             = 4/5
Number of particles requested      = 2048000
Number of time steps               = 100
Initialization mode                = PATCH
  Bounding box                     = 0, 200, 100, 200
Particle charge semi-increment (k) = 1
Vertical velocity              (m) = 0
Rank search mode used              = simple
Number of particles placed         = 2045421
Solution validates
Rate (Mparticles_moved/s): 14.175436
### code=pic lang=c lto=1 scaling=weak style=PATCH rep=3
Parallel Research Kernels version 2.17
MPI Particle-in-Cell execution on 2D grid
Number of ranks                    = 20
Load balancing                     = None
Grid size                          = 1000
Tiles in x/y-direction             = 4/5
Number of particles requested      = 2048000
Number of time steps               = 100
Initialization mode                = PATCH
  Bounding box                     = 0, 200, 100, 200
Particle charge semi-increment (k) = 1
Vertical velocity              (m) = 0
Rank search mode used              = simple
Number of particles placed         = 2045421
Solution validates
Rate (Mparticles_moved/s): 14.816596
### code=pic lang=rust lto=0 scaling=weak style=PATCH rep=3
Parallel Research Kernels
MPI Particle-in-Cell execution on 2D grid
Number of ranks                    = 20
Load balancing                     = None
Grid size                          = 1000
Tiles in x/y-direction             = 4/5
Number of particles requested      = 2048000
Number of time steps               = 100
Initialization mode            = PATCH
  Bounding box                 = 0, 200, 100, 200
Particle charge semi-increment (k) = 1
Vertical velocity              (m) = 0
Rank search mode used              = simple
Number of particles placed         = 2045421
total time: 13.235249848
Solution validates
Rate (Mparticles_moved/s): 15.473830
### code=pic lang=rust lto=1 scaling=weak style=PATCH rep=3
Parallel Research Kernels
MPI Particle-in-Cell execution on 2D grid
Number of ranks                    = 20
Load balancing                     = None
Grid size                          = 1000
Tiles in x/y-direction             = 4/5
Number of particles requested      = 2048000
Number of time steps               = 100
Initialization mode            = PATCH
  Bounding box                 = 0, 200, 100, 200
Particle charge semi-increment (k) = 1
Vertical velocity              (m) = 0
Rank search mode used              = simple
Number of particles placed         = 2045421
total time: 12.901022334
Solution validates
Rate (Mparticles_moved/s): 15.874711
### code=pic lang=c lto=0 scaling=weak style=GEOMETRIC rep=4
Parallel Research Kernels version 2.17
MPI Particle-in-Cell execution on 2D grid
Number of ranks                    = 20
Load balancing                     = None
Grid size                          = 1000
Tiles in x/y-direction             = 4/5
Number of particles requested      = 2048000
Number of time steps               = 100
Initialization mode                = GEOMETRIC
  Attenuation factor               = 0.990000
Particle charge semi-increment (k) = 1
Vertical velocity              (m) = 2
Rank search mode used              = simple
Number of particles placed         = 2045637
Solution validates
Rate (Mparticles_moved/s): 69.818944
### code=pic lang=c lto=1 scaling=weak style=GEOMETRIC rep=4
Parallel Research Kernels version 2.17
MPI Particle-in-Cell execution on 2D grid
Number of ranks                    = 20
Load balancing                     = None
Grid size                          = 1000
Tiles in x/y-direction             = 4/5
Number of particles requested      = 2048000
Number of time steps               = 100
Initialization mode                = GEOMETRIC
  Attenuation factor               = 0.990000
Particle charge semi-increment (k) = 1
Vertical velocity              (m) = 2
Rank search mode used              = simple
Number of particles placed         = 2045637
Solution validates
Rate (Mparticles_moved/s): 75.094789
### code=pic lang=rust lto=0 scaling=weak style=GEOMETRIC rep=4
Parallel Research Kernels
MPI Particle-in-Cell execution on 2D grid
Number of ranks                    = 20
Load balancing                     = None
Grid size                          = 1000
Tiles in x/y-direction             = 4/5
Number of particles requested      = 2048000
Number of time steps               = 100
Initialization mode            = GEOMETRIC
  Attenuation factor           = 0.990000
Particle charge semi-increment (k) = 1
Vertical velocity              (m) = 2
Rank search mode used              = simple
Number of particles placed         = 2045637
total time: 2.931620354
Solution validates
Rate (Mparticles_moved/s): 69.858977
### code=pic lang=rust lto=1 scaling=weak style=GEOMETRIC rep=4
Parallel Research Kernels
MPI Particle-in-Cell execution on 2D grid
Number of ranks                    = 20
Load balancing                     = None
Grid size                          = 1000
Tiles in x/y-direction             = 4/5
Number of particles requested      = 2048000
Number of time steps               = 100
Initialization mode            = GEOMETRIC
  Attenuation factor           = 0.990000
Particle charge semi-increment (k) = 1
Vertical velocity              (m) = 2
Rank search mode used              = simple
Number of particles placed         = 2045637
total time: 2.907927856
Solution validates
Rate (Mparticles_moved/s): 70.428157
### code=pic lang=c lto=0 scaling=weak style=SINUSOIDAL rep=4
Parallel Research Kernels version 2.17
MPI Particle-in-Cell execution on 2D grid
Number of ranks                    = 20
Load balancing                     = None
Grid size                          = 1000
Tiles in x/y-direction             = 4/5
Number of particles requested      = 2048000
Number of time steps               = 100
Initialization mode                = SINUSOIDAL
Particle charge semi-increment (k) = 0
Vertical velocity              (m) = 1
Rank search mode used              = simple
Number of particles placed         = 2042831
Solution validates
Rate (Mparticles_moved/s): 124.027363
### code=pic lang=c lto=1 scaling=weak style=SINUSOIDAL rep=4
Parallel Research Kernels version 2.17
MPI Particle-in-Cell execution on 2D grid
Number of ranks                    = 20
Load balancing                     = None
Grid size                          = 1000
Tiles in x/y-direction             = 4/5
Number of particles requested      = 2048000
Number of time steps               = 100
Initialization mode                = SINUSOIDAL
Particle charge semi-increment (k) = 0
Vertical velocity              (m) = 1
Rank search mode used              = simple
Number of particles placed         = 2042831
Solution validates
Rate (Mparticles_moved/s): 131.524660
### code=pic lang=rust lto=0 scaling=weak style=SINUSOIDAL rep=4
Parallel Research Kernels
MPI Particle-in-Cell execution on 2D grid
Number of ranks                    = 20
Load balancing                     = None
Grid size                          = 1000
Tiles in x/y-direction             = 4/5
Number of particles requested      = 2048000
Number of time steps               = 100
Initialization mode                = SINUSOIDAL
Particle charge semi-increment (k) = 0
Vertical velocity              (m) = 1
Rank search mode used              = simple
Number of particles placed         = 2042831
total time: 1.997627031
Solution validates
Rate (Mparticles_moved/s): 102.521640
### code=pic lang=rust lto=1 scaling=weak style=SINUSOIDAL rep=4
Parallel Research Kernels
MPI Particle-in-Cell execution on 2D grid
Number of ranks                    = 20
Load balancing                     = None
Grid size                          = 1000
Tiles in x/y-direction             = 4/5
Number of particles requested      = 2048000
Number of time steps               = 100
Initialization mode                = SINUSOIDAL
Particle charge semi-increment (k) = 0
Vertical velocity              (m) = 1
Rank search mode used              = simple
Number of particles placed         = 2042831
total time: 1.9995027319999998
Solution validates
Rate (Mparticles_moved/s): 102.425466
### code=pic lang=c lto=0 scaling=weak style=LINEAR rep=4
Parallel Research Kernels version 2.17
MPI Particle-in-Cell execution on 2D grid
Number of ranks                    = 20
Load balancing                     = None
Grid size                          = 1000
Tiles in x/y-direction             = 4/5
Number of particles requested      = 2048000
Number of time steps               = 100
Initialization mode                = LINEAR
  Negative slope                   = 1.000000
  Offset                           = 3.000000
Particle charge semi-increment (k) = 1
Vertical velocity              (m) = 0
Rank search mode used              = simple
Number of particles placed         = 2058693
Solution validates
Rate (Mparticles_moved/s): 207.045385
### code=pic lang=c lto=1 scaling=weak style=LINEAR rep=4
Parallel Research Kernels version 2.17
MPI Particle-in-Cell execution on 2D grid
Number of ranks                    = 20
Load balancing                     = None
Grid size                          = 1000
Tiles in x/y-direction             = 4/5
Number of particles requested      = 2048000
Number of time steps               = 100
Initialization mode                = LINEAR
  Negative slope                   = 1.000000
  Offset                           = 3.000000
Particle charge semi-increment (k) = 1
Vertical velocity              (m) = 0
Rank search mode used              = simple
Number of particles placed         = 2058693
Solution validates
Rate (Mparticles_moved/s): 217.184769
### code=pic lang=rust lto=0 scaling=weak style=LINEAR rep=4
Parallel Research Kernels
MPI Particle-in-Cell execution on 2D grid
Number of ranks                    = 20
Load balancing                     = None
Grid size                          = 1000
Tiles in x/y-direction             = 4/5
Number of particles requested      = 2048000
Number of time steps               = 100
Initialization mode            = LINEAR
  Negative slope               = 1.000000
  Offset                       = 3.000000
Particle charge semi-increment (k) = 1
Vertical velocity              (m) = 0
Rank search mode used              = simple
Number of particles placed         = 2058693
total time: 1.5600346809999999
Solution validates
Rate (Mparticles_moved/s): 131.279133
### code=pic lang=rust lto=1 scaling=weak style=LINEAR rep=4
Parallel Research Kernels
MPI Particle-in-Cell execution on 2D grid
Number of ranks                    = 20
Load balancing                     = None
Grid size                          = 1000
Tiles in x/y-direction             = 4/5
Number of particles requested      = 2048000
Number of time steps               = 100
Initialization mode            = LINEAR
  Negative slope               = 1.000000
  Offset                       = 3.000000
Particle charge semi-increment (k) = 1
Vertical velocity              (m) = 0
Rank search mode used              = simple
Number of particles placed         = 2058693
total time: 1.565252616
Solution validates
Rate (Mparticles_moved/s): 130.841500
### code=pic lang=c lto=0 scaling=weak style=PATCH rep=4
Parallel Research Kernels version 2.17
MPI Particle-in-Cell execution on 2D grid
Number of ranks                    = 20
Load balancing                     = None
Grid size                          = 1000
Tiles in x/y-direction             = 4/5
Number of particles requested      = 2048000
Number of time steps               = 100
Initialization mode                = PATCH
  Bounding box                     = 0, 200, 100, 200
Particle charge semi-increment (k) = 1
Vertical velocity              (m) = 0
Rank search mode used              = simple
Number of particles placed         = 2045421
Solution validates
Rate (Mparticles_moved/s): 14.204967
### code=pic lang=c lto=1 scaling=weak style=PATCH rep=4
Parallel Research Kernels version 2.17
MPI Particle-in-Cell execution on 2D grid
Number of ranks                    = 20
Load balancing                     = None
Grid size                          = 1000
Tiles in x/y-direction             = 4/5
Number of particles requested      = 2048000
Number of time steps               = 100
Initialization mode                = PATCH
  Bounding box                     = 0, 200, 100, 200
Particle charge semi-increment (k) = 1
Vertical velocity              (m) = 0
Rank search mode used              = simple
Number of particles placed         = 2045421
Solution validates
Rate (Mparticles_moved/s): 14.786792
### code=pic lang=rust lto=0 scaling=weak style=PATCH rep=4
Parallel Research Kernels
MPI Particle-in-Cell execution on 2D grid
Number of ranks                    = 20
Load balancing                     = None
Grid size                          = 1000
Tiles in x/y-direction             = 4/5
Number of particles requested      = 2048000
Number of time steps               = 100
Initialization mode            = PATCH
  Bounding box                 = 0, 200, 100, 200
Particle charge semi-increment (k) = 1
Vertical velocity              (m) = 0
Rank search mode used              = simple
Number of particles placed         = 2045421
total time: 13.137836867
Solution validates
Rate (Mparticles_moved/s): 15.588563
### code=pic lang=rust lto=1 scaling=weak style=PATCH rep=4
Parallel Research Kernels
MPI Particle-in-Cell execution on 2D grid
Number of ranks                    = 20
Load balancing                     = None
Grid size                          = 1000
Tiles in x/y-direction             = 4/5
Number of particles requested      = 2048000
Number of time steps               = 100
Initialization mode            = PATCH
  Bounding box                 = 0, 200, 100, 200
Particle charge semi-increment (k) = 1
Vertical velocity              (m) = 0
Rank search mode used              = simple
Number of particles placed         = 2045421
total time: 12.992611384
Solution validates
Rate (Mparticles_moved/s): 15.762805
### code=pic lang=c lto=0 scaling=weak style=GEOMETRIC rep=5
Parallel Research Kernels version 2.17
MPI Particle-in-Cell execution on 2D grid
Number of ranks                    = 20
Load balancing                     = None
Grid size                          = 1000
Tiles in x/y-direction             = 4/5
Number of particles requested      = 2048000
Number of time steps               = 100
Initialization mode                = GEOMETRIC
  Attenuation factor               = 0.990000
Particle charge semi-increment (k) = 1
Vertical velocity              (m) = 2
Rank search mode used              = simple
Number of particles placed         = 2045637
Solution validates
Rate (Mparticles_moved/s): 72.763861
### code=pic lang=c lto=1 scaling=weak style=GEOMETRIC rep=5
Parallel Research Kernels version 2.17
MPI Particle-in-Cell execution on 2D grid
Number of ranks                    = 20
Load balancing                     = None
Grid size                          = 1000
Tiles in x/y-direction             = 4/5
Number of particles requested      = 2048000
Number of time steps               = 100
Initialization mode                = GEOMETRIC
  Attenuation factor               = 0.990000
Particle charge semi-increment (k) = 1
Vertical velocity              (m) = 2
Rank search mode used              = simple
Number of particles placed         = 2045637
Solution validates
Rate (Mparticles_moved/s): 75.202469
### code=pic lang=rust lto=0 scaling=weak style=GEOMETRIC rep=5
Parallel Research Kernels
MPI Particle-in-Cell execution on 2D grid
Number of ranks                    = 20
Load balancing                     = None
Grid size                          = 1000
Tiles in x/y-direction             = 4/5
Number of particles requested      = 2048000
Number of time steps               = 100
Initialization mode            = GEOMETRIC
  Attenuation factor           = 0.990000
Particle charge semi-increment (k) = 1
Vertical velocity              (m) = 2
Rank search mode used              = simple
Number of particles placed         = 2045637
total time: 2.925991557
Solution validates
Rate (Mparticles_moved/s): 69.993367
### code=pic lang=rust lto=1 scaling=weak style=GEOMETRIC rep=5
Parallel Research Kernels
MPI Particle-in-Cell execution on 2D grid
Number of ranks                    = 20
Load balancing                     = None
Grid size                          = 1000
Tiles in x/y-direction             = 4/5
Number of particles requested      = 2048000
Number of time steps               = 100
Initialization mode            = GEOMETRIC
  Attenuation factor           = 0.990000
Particle charge semi-increment (k) = 1
Vertical velocity              (m) = 2
Rank search mode used              = simple
Number of particles placed         = 2045637
total time: 2.920061376
Solution validates
Rate (Mparticles_moved/s): 70.135512
### code=pic lang=c lto=0 scaling=weak style=SINUSOIDAL rep=5
Parallel Research Kernels version 2.17
MPI Particle-in-Cell execution on 2D grid
Number of ranks                    = 20
Load balancing                     = None
Grid size                          = 1000
Tiles in x/y-direction             = 4/5
Number of particles requested      = 2048000
Number of time steps               = 100
Initialization mode                = SINUSOIDAL
Particle charge semi-increment (k) = 0
Vertical velocity              (m) = 1
Rank search mode used              = simple
Number of particles placed         = 2042831
Solution validates
Rate (Mparticles_moved/s): 123.548913
### code=pic lang=c lto=1 scaling=weak style=SINUSOIDAL rep=5
Parallel Research Kernels version 2.17
MPI Particle-in-Cell execution on 2D grid
Number of ranks                    = 20
Load balancing                     = None
Grid size                          = 1000
Tiles in x/y-direction             = 4/5
Number of particles requested      = 2048000
Number of time steps               = 100
Initialization mode                = SINUSOIDAL
Particle charge semi-increment (k) = 0
Vertical velocity              (m) = 1
Rank search mode used              = simple
Number of particles placed         = 2042831
Solution validates
Rate (Mparticles_moved/s): 131.171229
### code=pic lang=rust lto=0 scaling=weak style=SINUSOIDAL rep=5
Parallel Research Kernels
MPI Particle-in-Cell execution on 2D grid
Number of ranks                    = 20
Load balancing                     = None
Grid size                          = 1000
Tiles in x/y-direction             = 4/5
Number of particles requested      = 2048000
Number of time steps               = 100
Initialization mode                = SINUSOIDAL
Particle charge semi-increment (k) = 0
Vertical velocity              (m) = 1
Rank search mode used              = simple
Number of particles placed         = 2042831
total time: 2.011137899
Solution validates
Rate (Mparticles_moved/s): 101.832898
### code=pic lang=rust lto=1 scaling=weak style=SINUSOIDAL rep=5
Parallel Research Kernels
MPI Particle-in-Cell execution on 2D grid
Number of ranks                    = 20
Load balancing                     = None
Grid size                          = 1000
Tiles in x/y-direction             = 4/5
Number of particles requested      = 2048000
Number of time steps               = 100
Initialization mode                = SINUSOIDAL
Particle charge semi-increment (k) = 0
Vertical velocity              (m) = 1
Rank search mode used              = simple
Number of particles placed         = 2042831
total time: 2.014675336
Solution validates
Rate (Mparticles_moved/s): 101.654096
### code=pic lang=c lto=0 scaling=weak style=LINEAR rep=5
Parallel Research Kernels version 2.17
MPI Particle-in-Cell execution on 2D grid
Number of ranks                    = 20
Load balancing                     = None
Grid size                          = 1000
Tiles in x/y-direction             = 4/5
Number of particles requested      = 2048000
Number of time steps               = 100
Initialization mode                = LINEAR
  Negative slope                   = 1.000000
  Offset                           = 3.000000
Particle charge semi-increment (k) = 1
Vertical velocity              (m) = 0
Rank search mode used              = simple
Number of particles placed         = 2058693
Solution validates
Rate (Mparticles_moved/s): 211.757904
### code=pic lang=c lto=1 scaling=weak style=LINEAR rep=5
Parallel Research Kernels version 2.17
MPI Particle-in-Cell execution on 2D grid
Number of ranks                    = 20
Load balancing                     = None
Grid size                          = 1000
Tiles in x/y-direction             = 4/5
Number of particles requested      = 2048000
Number of time steps               = 100
Initialization mode                = LINEAR
  Negative slope                   = 1.000000
  Offset                           = 3.000000
Particle charge semi-increment (k) = 1
Vertical velocity              (m) = 0
Rank search mode used              = simple
Number of particles placed         = 2058693
Solution validates
Rate (Mparticles_moved/s): 210.587494
### code=pic lang=rust lto=0 scaling=weak style=LINEAR rep=5
Parallel Research Kernels
MPI Particle-in-Cell execution on 2D grid
Number of ranks                    = 20
Load balancing                     = None
Grid size                          = 1000
Tiles in x/y-direction             = 4/5
Number of particles requested      = 2048000
Number of time steps               = 100
Initialization mode            = LINEAR
  Negative slope               = 1.000000
  Offset                       = 3.000000
Particle charge semi-increment (k) = 1
Vertical velocity              (m) = 0
Rank search mode used              = simple
Number of particles placed         = 2058693
total time: 1.573826763
Solution validates
Rate (Mparticles_moved/s): 130.128680
### code=pic lang=rust lto=1 scaling=weak style=LINEAR rep=5
Parallel Research Kernels
MPI Particle-in-Cell execution on 2D grid
Number of ranks                    = 20
Load balancing                     = None
Grid size                          = 1000
Tiles in x/y-direction             = 4/5
Number of particles requested      = 2048000
Number of time steps               = 100
Initialization mode            = LINEAR
  Negative slope               = 1.000000
  Offset                       = 3.000000
Particle charge semi-increment (k) = 1
Vertical velocity              (m) = 0
Rank search mode used              = simple
Number of particles placed         = 2058693
total time: 1.591244109
Solution validates
Rate (Mparticles_moved/s): 128.704326
### code=pic lang=c lto=0 scaling=weak style=PATCH rep=5
Parallel Research Kernels version 2.17
MPI Particle-in-Cell execution on 2D grid
Number of ranks                    = 20
Load balancing                     = None
Grid size                          = 1000
Tiles in x/y-direction             = 4/5
Number of particles requested      = 2048000
Number of time steps               = 100
Initialization mode                = PATCH
  Bounding box                     = 0, 200, 100, 200
Particle charge semi-increment (k) = 1
Vertical velocity              (m) = 0
Rank search mode used              = simple
Number of particles placed         = 2045421
Solution validates
Rate (Mparticles_moved/s): 14.182626
### code=pic lang=c lto=1 scaling=weak style=PATCH rep=5
Parallel Research Kernels version 2.17
MPI Particle-in-Cell execution on 2D grid
Number of ranks                    = 20
Load balancing                     = None
Grid size                          = 1000
Tiles in x/y-direction             = 4/5
Number of particles requested      = 2048000
Number of time steps               = 100
Initialization mode                = PATCH
  Bounding box                     = 0, 200, 100, 200
Particle charge semi-increment (k) = 1
Vertical velocity              (m) = 0
Rank search mode used              = simple
Number of particles placed         = 2045421
Solution validates
Rate (Mparticles_moved/s): 14.806154
### code=pic lang=rust lto=0 scaling=weak style=PATCH rep=5
Parallel Research Kernels
MPI Particle-in-Cell execution on 2D grid
Number of ranks                    = 20
Load balancing                     = None
Grid size                          = 1000
Tiles in x/y-direction             = 4/5
Number of particles requested      = 2048000
Number of time steps               = 100
Initialization mode            = PATCH
  Bounding box                 = 0, 200, 100, 200
Particle charge semi-increment (k) = 1
Vertical velocity              (m) = 0
Rank search mode used              = simple
Number of particles placed         = 2045421
total time: 13.079992294
Solution validates
Rate (Mparticles_moved/s): 15.657502
### code=pic lang=rust lto=1 scaling=weak style=PATCH rep=5
Parallel Research Kernels
MPI Particle-in-Cell execution on 2D grid
Number of ranks                    = 20
Load balancing                     = None
Grid size                          = 1000
Tiles in x/y-direction             = 4/5
Number of particles requested      = 2048000
Number of time steps               = 100
Initialization mode            = PATCH
  Bounding box                 = 0, 200, 100, 200
Particle charge semi-increment (k) = 1
Vertical velocity              (m) = 0
Rank search mode used              = simple
Number of particles placed         = 2045421
total time: 13.037542595
Solution validates
Rate (Mparticles_moved/s): 15.708482
### code=pic lang=c lto=0 scaling=weak style=GEOMETRIC rep=6
Parallel Research Kernels version 2.17
MPI Particle-in-Cell execution on 2D grid
Number of ranks                    = 20
Load balancing                     = None
Grid size                          = 1000
Tiles in x/y-direction             = 4/5
Number of particles requested      = 2048000
Number of time steps               = 100
Initialization mode                = GEOMETRIC
  Attenuation factor               = 0.990000
Particle charge semi-increment (k) = 1
Vertical velocity              (m) = 2
Rank search mode used              = simple
Number of particles placed         = 2045637
Solution validates
Rate (Mparticles_moved/s): 71.808902
### code=pic lang=c lto=1 scaling=weak style=GEOMETRIC rep=6
Parallel Research Kernels version 2.17
MPI Particle-in-Cell execution on 2D grid
Number of ranks                    = 20
Load balancing                     = None
Grid size                          = 1000
Tiles in x/y-direction             = 4/5
Number of particles requested      = 2048000
Number of time steps               = 100
Initialization mode                = GEOMETRIC
  Attenuation factor               = 0.990000
Particle charge semi-increment (k) = 1
Vertical velocity              (m) = 2
Rank search mode used              = simple
Number of particles placed         = 2045637
Solution validates
Rate (Mparticles_moved/s): 75.244480
### code=pic lang=rust lto=0 scaling=weak style=GEOMETRIC rep=6
Parallel Research Kernels
MPI Particle-in-Cell execution on 2D grid
Number of ranks                    = 20
Load balancing                     = None
Grid size                          = 1000
Tiles in x/y-direction             = 4/5
Number of particles requested      = 2048000
Number of time steps               = 100
Initialization mode            = GEOMETRIC
  Attenuation factor           = 0.990000
Particle charge semi-increment (k) = 1
Vertical velocity              (m) = 2
Rank search mode used              = simple
Number of particles placed         = 2045637
total time: 2.964126324
Solution validates
Rate (Mparticles_moved/s): 69.092872
### code=pic lang=rust lto=1 scaling=weak style=GEOMETRIC rep=6
Parallel Research Kernels
MPI Particle-in-Cell execution on 2D grid
Number of ranks                    = 20
Load balancing                     = None
Grid size                          = 1000
Tiles in x/y-direction             = 4/5
Number of particles requested      = 2048000
Number of time steps               = 100
Initialization mode            = GEOMETRIC
  Attenuation factor           = 0.990000
Particle charge semi-increment (k) = 1
Vertical velocity              (m) = 2
Rank search mode used              = simple
Number of particles placed         = 2045637
total time: 2.945464513
Solution validates
Rate (Mparticles_moved/s): 69.530629
### code=pic lang=c lto=0 scaling=weak style=SINUSOIDAL rep=6
Parallel Research Kernels version 2.17
MPI Particle-in-Cell execution on 2D grid
Number of ranks                    = 20
Load balancing                     = None
Grid size                          = 1000
Tiles in x/y-direction             = 4/5
Number of particles requested      = 2048000
Number of time steps               = 100
Initialization mode                = SINUSOIDAL
Particle charge semi-increment (k) = 0
Vertical velocity              (m) = 1
Rank search mode used              = simple
Number of particles placed         = 2042831
Solution validates
Rate (Mparticles_moved/s): 126.441095
### code=pic lang=c lto=1 scaling=weak style=SINUSOIDAL rep=6
Parallel Research Kernels version 2.17
MPI Particle-in-Cell execution on 2D grid
Number of ranks                    = 20
Load balancing                     = None
Grid size                          = 1000
Tiles in x/y-direction             = 4/5
Number of particles requested      = 2048000
Number of time steps               = 100
Initialization mode                = SINUSOIDAL
Particle charge semi-increment (k) = 0
Vertical velocity              (m) = 1
Rank search mode used              = simple
Number of particles placed         = 2042831
Solution validates
Rate (Mparticles_moved/s): 131.515677
### code=pic lang=rust lto=0 scaling=weak style=SINUSOIDAL rep=6
Parallel Research Kernels
MPI Particle-in-Cell execution on 2D grid
Number of ranks                    = 20
Load balancing                     = None
Grid size                          = 1000
Tiles in x/y-direction             = 4/5
Number of particles requested      = 2048000
Number of time steps               = 100
Initialization mode                = SINUSOIDAL
Particle charge semi-increment (k) = 0
Vertical velocity              (m) = 1
Rank search mode used              = simple
Number of particles placed         = 2042831
total time: 2.028321761
Solution validates
Rate (Mparticles_moved/s): 100.970173
### code=pic lang=rust lto=1 scaling=weak style=SINUSOIDAL rep=6
Parallel Research Kernels
MPI Particle-in-Cell execution on 2D grid
Number of ranks                    = 20
Load balancing                     = None
Grid size                          = 1000
Tiles in x/y-direction             = 4/5
Number of particles requested      = 2048000
Number of time steps               = 100
Initialization mode                = SINUSOIDAL
Particle charge semi-increment (k) = 0
Vertical velocity              (m) = 1
Rank search mode used              = simple
Number of particles placed         = 2042831
total time: 2.050887339
Solution validates
Rate (Mparticles_moved/s): 99.859215
### code=pic lang=c lto=0 scaling=weak style=LINEAR rep=6
Parallel Research Kernels version 2.17
MPI Particle-in-Cell execution on 2D grid
Number of ranks                    = 20
Load balancing                     = None
Grid size                          = 1000
Tiles in x/y-direction             = 4/5
Number of particles requested      = 2048000
Number of time steps               = 100
Initialization mode                = LINEAR
  Negative slope                   = 1.000000
  Offset                           = 3.000000
Particle charge semi-increment (k) = 1
Vertical velocity              (m) = 0
Rank search mode used              = simple
Number of particles placed         = 2058693
Solution validates
Rate (Mparticles_moved/s): 201.950663
### code=pic lang=c lto=1 scaling=weak style=LINEAR rep=6
Parallel Research Kernels version 2.17
MPI Particle-in-Cell execution on 2D grid
Number of ranks                    = 20
Load balancing                     = None
Grid size                          = 1000
Tiles in x/y-direction             = 4/5
Number of particles requested      = 2048000
Number of time steps               = 100
Initialization mode                = LINEAR
  Negative slope                   = 1.000000
  Offset                           = 3.000000
Particle charge semi-increment (k) = 1
Vertical velocity              (m) = 0
Rank search mode used              = simple
Number of particles placed         = 2058693
Solution validates
Rate (Mparticles_moved/s): 216.365300
### code=pic lang=rust lto=0 scaling=weak style=LINEAR rep=6
Parallel Research Kernels
MPI Particle-in-Cell execution on 2D grid
Number of ranks                    = 20
Load balancing                     = None
Grid size                          = 1000
Tiles in x/y-direction             = 4/5
Number of particles requested      = 2048000
Number of time steps               = 100
Initialization mode            = LINEAR
  Negative slope               = 1.000000
  Offset                       = 3.000000
Particle charge semi-increment (k) = 1
Vertical velocity              (m) = 0
Rank search mode used              = simple
Number of particles placed         = 2058693
total time: 1.5760530400000001
Solution validates
Rate (Mparticles_moved/s): 129.944865
### code=pic lang=rust lto=1 scaling=weak style=LINEAR rep=6
Parallel Research Kernels
MPI Particle-in-Cell execution on 2D grid
Number of ranks                    = 20
Load balancing                     = None
Grid size                          = 1000
Tiles in x/y-direction             = 4/5
Number of particles requested      = 2048000
Number of time steps               = 100
Initialization mode            = LINEAR
  Negative slope               = 1.000000
  Offset                       = 3.000000
Particle charge semi-increment (k) = 1
Vertical velocity              (m) = 0
Rank search mode used              = simple
Number of particles placed         = 2058693
total time: 1.634430203
Solution validates
Rate (Mparticles_moved/s): 125.303607
### code=pic lang=c lto=0 scaling=weak style=PATCH rep=6
Parallel Research Kernels version 2.17
MPI Particle-in-Cell execution on 2D grid
Number of ranks                    = 20
Load balancing                     = None
Grid size                          = 1000
Tiles in x/y-direction             = 4/5
Number of particles requested      = 2048000
Number of time steps               = 100
Initialization mode                = PATCH
  Bounding box                     = 0, 200, 100, 200
Particle charge semi-increment (k) = 1
Vertical velocity              (m) = 0
Rank search mode used              = simple
Number of particles placed         = 2045421
Solution validates
Rate (Mparticles_moved/s): 14.206424
### code=pic lang=c lto=1 scaling=weak style=PATCH rep=6
Parallel Research Kernels version 2.17
MPI Particle-in-Cell execution on 2D grid
Number of ranks                    = 20
Load balancing                     = None
Grid size                          = 1000
Tiles in x/y-direction             = 4/5
Number of particles requested      = 2048000
Number of time steps               = 100
Initialization mode                = PATCH
  Bounding box                     = 0, 200, 100, 200
Particle charge semi-increment (k) = 1
Vertical velocity              (m) = 0
Rank search mode used              = simple
Number of particles placed         = 2045421
Solution validates
Rate (Mparticles_moved/s): 14.789269
### code=pic lang=rust lto=0 scaling=weak style=PATCH rep=6
Parallel Research Kernels
MPI Particle-in-Cell execution on 2D grid
Number of ranks                    = 20
Load balancing                     = None
Grid size                          = 1000
Tiles in x/y-direction             = 4/5
Number of particles requested      = 2048000
Number of time steps               = 100
Initialization mode            = PATCH
  Bounding box                 = 0, 200, 100, 200
Particle charge semi-increment (k) = 1
Vertical velocity              (m) = 0
Rank search mode used              = simple
Number of particles placed         = 2045421
total time: 13.295639315
Solution validates
Rate (Mparticles_moved/s): 15.403547
### code=pic lang=rust lto=1 scaling=weak style=PATCH rep=6
Parallel Research Kernels
MPI Particle-in-Cell execution on 2D grid
Number of ranks                    = 20
Load balancing                     = None
Grid size                          = 1000
Tiles in x/y-direction             = 4/5
Number of particles requested      = 2048000
Number of time steps               = 100
Initialization mode            = PATCH
  Bounding box                 = 0, 200, 100, 200
Particle charge semi-increment (k) = 1
Vertical velocity              (m) = 0
Rank search mode used              = simple
Number of particles placed         = 2045421
total time: 13.066420372
Solution validates
Rate (Mparticles_moved/s): 15.673765
### code=pic lang=c lto=0 scaling=weak style=GEOMETRIC rep=7
Parallel Research Kernels version 2.17
MPI Particle-in-Cell execution on 2D grid
Number of ranks                    = 20
Load balancing                     = None
Grid size                          = 1000
Tiles in x/y-direction             = 4/5
Number of particles requested      = 2048000
Number of time steps               = 100
Initialization mode                = GEOMETRIC
  Attenuation factor               = 0.990000
Particle charge semi-increment (k) = 1
Vertical velocity              (m) = 2
Rank search mode used              = simple
Number of particles placed         = 2045637
Solution validates
Rate (Mparticles_moved/s): 71.277974
### code=pic lang=c lto=1 scaling=weak style=GEOMETRIC rep=7
Parallel Research Kernels version 2.17
MPI Particle-in-Cell execution on 2D grid
Number of ranks                    = 20
Load balancing                     = None
Grid size                          = 1000
Tiles in x/y-direction             = 4/5
Number of particles requested      = 2048000
Number of time steps               = 100
Initialization mode                = GEOMETRIC
  Attenuation factor               = 0.990000
Particle charge semi-increment (k) = 1
Vertical velocity              (m) = 2
Rank search mode used              = simple
Number of particles placed         = 2045637
Solution validates
Rate (Mparticles_moved/s): 74.686983
### code=pic lang=rust lto=0 scaling=weak style=GEOMETRIC rep=7
Parallel Research Kernels
MPI Particle-in-Cell execution on 2D grid
Number of ranks                    = 20
Load balancing                     = None
Grid size                          = 1000
Tiles in x/y-direction             = 4/5
Number of particles requested      = 2048000
Number of time steps               = 100
Initialization mode            = GEOMETRIC
  Attenuation factor           = 0.990000
Particle charge semi-increment (k) = 1
Vertical velocity              (m) = 2
Rank search mode used              = simple
Number of particles placed         = 2045637
total time: 2.95474652
Solution validates
Rate (Mparticles_moved/s): 69.312206
### code=pic lang=rust lto=1 scaling=weak style=GEOMETRIC rep=7
Parallel Research Kernels
MPI Particle-in-Cell execution on 2D grid
Number of ranks                    = 20
Load balancing                     = None
Grid size                          = 1000
Tiles in x/y-direction             = 4/5
Number of particles requested      = 2048000
Number of time steps               = 100
Initialization mode            = GEOMETRIC
  Attenuation factor           = 0.990000
Particle charge semi-increment (k) = 1
Vertical velocity              (m) = 2
Rank search mode used              = simple
Number of particles placed         = 2045637
total time: 2.925518291
Solution validates
Rate (Mparticles_moved/s): 70.004690
### code=pic lang=c lto=0 scaling=weak style=SINUSOIDAL rep=7
Parallel Research Kernels version 2.17
MPI Particle-in-Cell execution on 2D grid
Number of ranks                    = 20
Load balancing                     = None
Grid size                          = 1000
Tiles in x/y-direction             = 4/5
Number of particles requested      = 2048000
Number of time steps               = 100
Initialization mode                = SINUSOIDAL
Particle charge semi-increment (k) = 0
Vertical velocity              (m) = 1
Rank search mode used              = simple
Number of particles placed         = 2042831
Solution validates
Rate (Mparticles_moved/s): 126.788522
### code=pic lang=c lto=1 scaling=weak style=SINUSOIDAL rep=7
Parallel Research Kernels version 2.17
MPI Particle-in-Cell execution on 2D grid
Number of ranks                    = 20
Load balancing                     = None
Grid size                          = 1000
Tiles in x/y-direction             = 4/5
Number of particles requested      = 2048000
Number of time steps               = 100
Initialization mode                = SINUSOIDAL
Particle charge semi-increment (k) = 0
Vertical velocity              (m) = 1
Rank search mode used              = simple
Number of particles placed         = 2042831
Solution validates
Rate (Mparticles_moved/s): 130.560353
### code=pic lang=rust lto=0 scaling=weak style=SINUSOIDAL rep=7
Parallel Research Kernels
MPI Particle-in-Cell execution on 2D grid
Number of ranks                    = 20
Load balancing                     = None
Grid size                          = 1000
Tiles in x/y-direction             = 4/5
Number of particles requested      = 2048000
Number of time steps               = 100
Initialization mode                = SINUSOIDAL
Particle charge semi-increment (k) = 0
Vertical velocity              (m) = 1
Rank search mode used              = simple
Number of particles placed         = 2042831
total time: 1.996952228
Solution validates
Rate (Mparticles_moved/s): 102.556284
### code=pic lang=rust lto=1 scaling=weak style=SINUSOIDAL rep=7
Parallel Research Kernels
MPI Particle-in-Cell execution on 2D grid
Number of ranks                    = 20
Load balancing                     = None
Grid size                          = 1000
Tiles in x/y-direction             = 4/5
Number of particles requested      = 2048000
Number of time steps               = 100
Initialization mode                = SINUSOIDAL
Particle charge semi-increment (k) = 0
Vertical velocity              (m) = 1
Rank search mode used              = simple
Number of particles placed         = 2042831
total time: 1.979009129
Solution validates
Rate (Mparticles_moved/s): 103.486132
### code=pic lang=c lto=0 scaling=weak style=LINEAR rep=7
Parallel Research Kernels version 2.17
MPI Particle-in-Cell execution on 2D grid
Number of ranks                    = 20
Load balancing                     = None
Grid size                          = 1000
Tiles in x/y-direction             = 4/5
Number of particles requested      = 2048000
Number of time steps               = 100
Initialization mode                = LINEAR
  Negative slope                   = 1.000000
  Offset                           = 3.000000
Particle charge semi-increment (k) = 1
Vertical velocity              (m) = 0
Rank search mode used              = simple
Number of particles placed         = 2058693
Solution validates
Rate (Mparticles_moved/s): 208.089956
### code=pic lang=c lto=1 scaling=weak style=LINEAR rep=7
Parallel Research Kernels version 2.17
MPI Particle-in-Cell execution on 2D grid
Number of ranks                    = 20
Load balancing                     = None
Grid size                          = 1000
Tiles in x/y-direction             = 4/5
Number of particles requested      = 2048000
Number of time steps               = 100
Initialization mode                = LINEAR
  Negative slope                   = 1.000000
  Offset                           = 3.000000
Particle charge semi-increment (k) = 1
Vertical velocity              (m) = 0
Rank search mode used              = simple
Number of particles placed         = 2058693
Solution validates
Rate (Mparticles_moved/s): 217.070495
### code=pic lang=rust lto=0 scaling=weak style=LINEAR rep=7
Parallel Research Kernels
MPI Particle-in-Cell execution on 2D grid
Number of ranks                    = 20
Load balancing                     = None
Grid size                          = 1000
Tiles in x/y-direction             = 4/5
Number of particles requested      = 2048000
Number of time steps               = 100
Initialization mode            = LINEAR
  Negative slope               = 1.000000
  Offset                       = 3.000000
Particle charge semi-increment (k) = 1
Vertical velocity              (m) = 0
Rank search mode used              = simple
Number of particles placed         = 2058693
total time: 1.5700202
Solution validates
Rate (Mparticles_moved/s): 130.444182
### code=pic lang=rust lto=1 scaling=weak style=LINEAR rep=7
Parallel Research Kernels
MPI Particle-in-Cell execution on 2D grid
Number of ranks                    = 20
Load balancing                     = None
Grid size                          = 1000
Tiles in x/y-direction             = 4/5
Number of particles requested      = 2048000
Number of time steps               = 100
Initialization mode            = LINEAR
  Negative slope               = 1.000000
  Offset                       = 3.000000
Particle charge semi-increment (k) = 1
Vertical velocity              (m) = 0
Rank search mode used              = simple
Number of particles placed         = 2058693
total time: 1.604149487
Solution validates
Rate (Mparticles_moved/s): 127.668900
### code=pic lang=c lto=0 scaling=weak style=PATCH rep=7
Parallel Research Kernels version 2.17
MPI Particle-in-Cell execution on 2D grid
Number of ranks                    = 20
Load balancing                     = None
Grid size                          = 1000
Tiles in x/y-direction             = 4/5
Number of particles requested      = 2048000
Number of time steps               = 100
Initialization mode                = PATCH
  Bounding box                     = 0, 200, 100, 200
Particle charge semi-increment (k) = 1
Vertical velocity              (m) = 0
Rank search mode used              = simple
Number of particles placed         = 2045421
Solution validates
Rate (Mparticles_moved/s): 14.209502
### code=pic lang=c lto=1 scaling=weak style=PATCH rep=7
Parallel Research Kernels version 2.17
MPI Particle-in-Cell execution on 2D grid
Number of ranks                    = 20
Load balancing                     = None
Grid size                          = 1000
Tiles in x/y-direction             = 4/5
Number of particles requested      = 2048000
Number of time steps               = 100
Initialization mode                = PATCH
  Bounding box                     = 0, 200, 100, 200
Particle charge semi-increment (k) = 1
Vertical velocity              (m) = 0
Rank search mode used              = simple
Number of particles placed         = 2045421
Solution validates
Rate (Mparticles_moved/s): 14.777857
### code=pic lang=rust lto=0 scaling=weak style=PATCH rep=7
Parallel Research Kernels
MPI Particle-in-Cell execution on 2D grid
Number of ranks                    = 20
Load balancing                     = None
Grid size                          = 1000
Tiles in x/y-direction             = 4/5
Number of particles requested      = 2048000
Number of time steps               = 100
Initialization mode            = PATCH
  Bounding box                 = 0, 200, 100, 200
Particle charge semi-increment (k) = 1
Vertical velocity              (m) = 0
Rank search mode used              = simple
Number of particles placed         = 2045421
total time: 13.062648112
Solution validates
Rate (Mparticles_moved/s): 15.678291
### code=pic lang=rust lto=1 scaling=weak style=PATCH rep=7
Parallel Research Kernels
MPI Particle-in-Cell execution on 2D grid
Number of ranks                    = 20
Load balancing                     = None
Grid size                          = 1000
Tiles in x/y-direction             = 4/5
Number of particles requested      = 2048000
Number of time steps               = 100
Initialization mode            = PATCH
  Bounding box                 = 0, 200, 100, 200
Particle charge semi-increment (k) = 1
Vertical velocity              (m) = 0
Rank search mode used              = simple
Number of particles placed         = 2045421
total time: 12.97859191
Solution validates
Rate (Mparticles_moved/s): 15.779832
### code=pic lang=c lto=0 scaling=weak style=GEOMETRIC rep=8
Parallel Research Kernels version 2.17
MPI Particle-in-Cell execution on 2D grid
Number of ranks                    = 20
Load balancing                     = None
Grid size                          = 1000
Tiles in x/y-direction             = 4/5
Number of particles requested      = 2048000
Number of time steps               = 100
Initialization mode                = GEOMETRIC
  Attenuation factor               = 0.990000
Particle charge semi-increment (k) = 1
Vertical velocity              (m) = 2
Rank search mode used              = simple
Number of particles placed         = 2045637
Solution validates
Rate (Mparticles_moved/s): 72.231686
### code=pic lang=c lto=1 scaling=weak style=GEOMETRIC rep=8
Parallel Research Kernels version 2.17
MPI Particle-in-Cell execution on 2D grid
Number of ranks                    = 20
Load balancing                     = None
Grid size                          = 1000
Tiles in x/y-direction             = 4/5
Number of particles requested      = 2048000
Number of time steps               = 100
Initialization mode                = GEOMETRIC
  Attenuation factor               = 0.990000
Particle charge semi-increment (k) = 1
Vertical velocity              (m) = 2
Rank search mode used              = simple
Number of particles placed         = 2045637
Solution validates
Rate (Mparticles_moved/s): 74.822541
### code=pic lang=rust lto=0 scaling=weak style=GEOMETRIC rep=8
Parallel Research Kernels
MPI Particle-in-Cell execution on 2D grid
Number of ranks                    = 20
Load balancing                     = None
Grid size                          = 1000
Tiles in x/y-direction             = 4/5
Number of particles requested      = 2048000
Number of time steps               = 100
Initialization mode            = GEOMETRIC
  Attenuation factor           = 0.990000
Particle charge semi-increment (k) = 1
Vertical velocity              (m) = 2
Rank search mode used              = simple
Number of particles placed         = 2045637
total time: 2.9594322220000002
Solution validates
Rate (Mparticles_moved/s): 69.202463
### code=pic lang=rust lto=1 scaling=weak style=GEOMETRIC rep=8
Parallel Research Kernels
MPI Particle-in-Cell execution on 2D grid
Number of ranks                    = 20
Load balancing                     = None
Grid size                          = 1000
Tiles in x/y-direction             = 4/5
Number of particles requested      = 2048000
Number of time steps               = 100
Initialization mode            = GEOMETRIC
  Attenuation factor           = 0.990000
Particle charge semi-increment (k) = 1
Vertical velocity              (m) = 2
Rank search mode used              = simple
Number of particles placed         = 2045637
total time: 3.258410699
Solution validates
Rate (Mparticles_moved/s): 62.852728
### code=pic lang=c lto=0 scaling=weak style=SINUSOIDAL rep=8
Parallel Research Kernels version 2.17
MPI Particle-in-Cell execution on 2D grid
Number of ranks                    = 20
Load balancing                     = None
Grid size                          = 1000
Tiles in x/y-direction             = 4/5
Number of particles requested      = 2048000
Number of time steps               = 100
Initialization mode                = SINUSOIDAL
Particle charge semi-increment (k) = 0
Vertical velocity              (m) = 1
Rank search mode used              = simple
Number of particles placed         = 2042831
Solution validates
Rate (Mparticles_moved/s): 126.341777
### code=pic lang=c lto=1 scaling=weak style=SINUSOIDAL rep=8
Parallel Research Kernels version 2.17
MPI Particle-in-Cell execution on 2D grid
Number of ranks                    = 20
Load balancing                     = None
Grid size                          = 1000
Tiles in x/y-direction             = 4/5
Number of particles requested      = 2048000
Number of time steps               = 100
Initialization mode                = SINUSOIDAL
Particle charge semi-increment (k) = 0
Vertical velocity              (m) = 1
Rank search mode used              = simple
Number of particles placed         = 2042831
Solution validates
Rate (Mparticles_moved/s): 129.961900
### code=pic lang=rust lto=0 scaling=weak style=SINUSOIDAL rep=8
Parallel Research Kernels
MPI Particle-in-Cell execution on 2D grid
Number of ranks                    = 20
Load balancing                     = None
Grid size                          = 1000
Tiles in x/y-direction             = 4/5
Number of particles requested      = 2048000
Number of time steps               = 100
Initialization mode                = SINUSOIDAL
Particle charge semi-increment (k) = 0
Vertical velocity              (m) = 1
Rank search mode used              = simple
Number of particles placed         = 2042831
total time: 2.027524729
Solution validates
Rate (Mparticles_moved/s): 101.009865
### code=pic lang=rust lto=1 scaling=weak style=SINUSOIDAL rep=8
Parallel Research Kernels
MPI Particle-in-Cell execution on 2D grid
Number of ranks                    = 20
Load balancing                     = None
Grid size                          = 1000
Tiles in x/y-direction             = 4/5
Number of particles requested      = 2048000
Number of time steps               = 100
Initialization mode                = SINUSOIDAL
Particle charge semi-increment (k) = 0
Vertical velocity              (m) = 1
Rank search mode used              = simple
Number of particles placed         = 2042831
total time: 1.9944682889999998
Solution validates
Rate (Mparticles_moved/s): 102.684009
### code=pic lang=c lto=0 scaling=weak style=LINEAR rep=8
Parallel Research Kernels version 2.17
MPI Particle-in-Cell execution on 2D grid
Number of ranks                    = 20
Load balancing                     = None
Grid size                          = 1000
Tiles in x/y-direction             = 4/5
Number of particles requested      = 2048000
Number of time steps               = 100
Initialization mode                = LINEAR
  Negative slope                   = 1.000000
  Offset                           = 3.000000
Particle charge semi-increment (k) = 1
Vertical velocity              (m) = 0
Rank search mode used              = simple
Number of particles placed         = 2058693
Solution validates
Rate (Mparticles_moved/s): 212.415727
### code=pic lang=c lto=1 scaling=weak style=LINEAR rep=8
Parallel Research Kernels version 2.17
MPI Particle-in-Cell execution on 2D grid
Number of ranks                    = 20
Load balancing                     = None
Grid size                          = 1000
Tiles in x/y-direction             = 4/5
Number of particles requested      = 2048000
Number of time steps               = 100
Initialization mode                = LINEAR
  Negative slope                   = 1.000000
  Offset                           = 3.000000
Particle charge semi-increment (k) = 1
Vertical velocity              (m) = 0
Rank search mode used              = simple
Number of particles placed         = 2058693
Solution validates
Rate (Mparticles_moved/s): 214.153807
### code=pic lang=rust lto=0 scaling=weak style=LINEAR rep=8
Parallel Research Kernels
MPI Particle-in-Cell execution on 2D grid
Number of ranks                    = 20
Load balancing                     = None
Grid size                          = 1000
Tiles in x/y-direction             = 4/5
Number of particles requested      = 2048000
Number of time steps               = 100
Initialization mode            = LINEAR
  Negative slope               = 1.000000
  Offset                       = 3.000000
Particle charge semi-increment (k) = 1
Vertical velocity              (m) = 0
Rank search mode used              = simple
Number of particles placed         = 2058693
total time: 1.5918816599999999
Solution validates
Rate (Mparticles_moved/s): 128.652779
### code=pic lang=rust lto=1 scaling=weak style=LINEAR rep=8
Parallel Research Kernels
MPI Particle-in-Cell execution on 2D grid
Number of ranks                    = 20
Load balancing                     = None
Grid size                          = 1000
Tiles in x/y-direction             = 4/5
Number of particles requested      = 2048000
Number of time steps               = 100
Initialization mode            = LINEAR
  Negative slope               = 1.000000
  Offset                       = 3.000000
Particle charge semi-increment (k) = 1
Vertical velocity              (m) = 0
Rank search mode used              = simple
Number of particles placed         = 2058693
total time: 1.547061215
Solution validates
Rate (Mparticles_moved/s): 132.380024
### code=pic lang=c lto=0 scaling=weak style=PATCH rep=8
Parallel Research Kernels version 2.17
MPI Particle-in-Cell execution on 2D grid
Number of ranks                    = 20
Load balancing                     = None
Grid size                          = 1000
Tiles in x/y-direction             = 4/5
Number of particles requested      = 2048000
Number of time steps               = 100
Initialization mode                = PATCH
  Bounding box                     = 0, 200, 100, 200
Particle charge semi-increment (k) = 1
Vertical velocity              (m) = 0
Rank search mode used              = simple
Number of particles placed         = 2045421
Solution validates
Rate (Mparticles_moved/s): 14.210758
### code=pic lang=c lto=1 scaling=weak style=PATCH rep=8
Parallel Research Kernels version 2.17
MPI Particle-in-Cell execution on 2D grid
Number of ranks                    = 20
Load balancing                     = None
Grid size                          = 1000
Tiles in x/y-direction             = 4/5
Number of particles requested      = 2048000
Number of time steps               = 100
Initialization mode                = PATCH
  Bounding box                     = 0, 200, 100, 200
Particle charge semi-increment (k) = 1
Vertical velocity              (m) = 0
Rank search mode used              = simple
Number of particles placed         = 2045421
Solution validates
Rate (Mparticles_moved/s): 14.794842
### code=pic lang=rust lto=0 scaling=weak style=PATCH rep=8
Parallel Research Kernels
MPI Particle-in-Cell execution on 2D grid
Number of ranks                    = 20
Load balancing                     = None
Grid size                          = 1000
Tiles in x/y-direction             = 4/5
Number of particles requested      = 2048000
Number of time steps               = 100
Initialization mode            = PATCH
  Bounding box                 = 0, 200, 100, 200
Particle charge semi-increment (k) = 1
Vertical velocity              (m) = 0
Rank search mode used              = simple
Number of particles placed         = 2045421
total time: 13.028823402
Solution validates
Rate (Mparticles_moved/s): 15.718994
### code=pic lang=rust lto=1 scaling=weak style=PATCH rep=8
Parallel Research Kernels
MPI Particle-in-Cell execution on 2D grid
Number of ranks                    = 20
Load balancing                     = None
Grid size                          = 1000
Tiles in x/y-direction             = 4/5
Number of particles requested      = 2048000
Number of time steps               = 100
Initialization mode            = PATCH
  Bounding box                 = 0, 200, 100, 200
Particle charge semi-increment (k) = 1
Vertical velocity              (m) = 0
Rank search mode used              = simple
Number of particles placed         = 2045421
total time: 13.152189791
Solution validates
Rate (Mparticles_moved/s): 15.571551
### code=pic lang=c lto=0 scaling=weak style=GEOMETRIC rep=9
Parallel Research Kernels version 2.17
MPI Particle-in-Cell execution on 2D grid
Number of ranks                    = 20
Load balancing                     = None
Grid size                          = 1000
Tiles in x/y-direction             = 4/5
Number of particles requested      = 2048000
Number of time steps               = 100
Initialization mode                = GEOMETRIC
  Attenuation factor               = 0.990000
Particle charge semi-increment (k) = 1
Vertical velocity              (m) = 2
Rank search mode used              = simple
Number of particles placed         = 2045637
Solution validates
Rate (Mparticles_moved/s): 72.813793
### code=pic lang=c lto=1 scaling=weak style=GEOMETRIC rep=9
Parallel Research Kernels version 2.17
MPI Particle-in-Cell execution on 2D grid
Number of ranks                    = 20
Load balancing                     = None
Grid size                          = 1000
Tiles in x/y-direction             = 4/5
Number of particles requested      = 2048000
Number of time steps               = 100
Initialization mode                = GEOMETRIC
  Attenuation factor               = 0.990000
Particle charge semi-increment (k) = 1
Vertical velocity              (m) = 2
Rank search mode used              = simple
Number of particles placed         = 2045637
Solution validates
Rate (Mparticles_moved/s): 74.677590
### code=pic lang=rust lto=0 scaling=weak style=GEOMETRIC rep=9
Parallel Research Kernels
MPI Particle-in-Cell execution on 2D grid
Number of ranks                    = 20
Load balancing                     = None
Grid size                          = 1000
Tiles in x/y-direction             = 4/5
Number of particles requested      = 2048000
Number of time steps               = 100
Initialization mode            = GEOMETRIC
  Attenuation factor           = 0.990000
Particle charge semi-increment (k) = 1
Vertical velocity              (m) = 2
Rank search mode used              = simple
Number of particles placed         = 2045637
total time: 2.930037584
Solution validates
Rate (Mparticles_moved/s): 69.896714
### code=pic lang=rust lto=1 scaling=weak style=GEOMETRIC rep=9
Parallel Research Kernels
MPI Particle-in-Cell execution on 2D grid
Number of ranks                    = 20
Load balancing                     = None
Grid size                          = 1000
Tiles in x/y-direction             = 4/5
Number of particles requested      = 2048000
Number of time steps               = 100
Initialization mode            = GEOMETRIC
  Attenuation factor           = 0.990000
Particle charge semi-increment (k) = 1
Vertical velocity              (m) = 2
Rank search mode used              = simple
Number of particles placed         = 2045637
total time: 2.874965199
Solution validates
Rate (Mparticles_moved/s): 71.235645
### code=pic lang=c lto=0 scaling=weak style=SINUSOIDAL rep=9
Parallel Research Kernels version 2.17
MPI Particle-in-Cell execution on 2D grid
Number of ranks                    = 20
Load balancing                     = None
Grid size                          = 1000
Tiles in x/y-direction             = 4/5
Number of particles requested      = 2048000
Number of time steps               = 100
Initialization mode                = SINUSOIDAL
Particle charge semi-increment (k) = 0
Vertical velocity              (m) = 1
Rank search mode used              = simple
Number of particles placed         = 2042831
Solution validates
Rate (Mparticles_moved/s): 126.212286
### code=pic lang=c lto=1 scaling=weak style=SINUSOIDAL rep=9
Parallel Research Kernels version 2.17
MPI Particle-in-Cell execution on 2D grid
Number of ranks                    = 20
Load balancing                     = None
Grid size                          = 1000
Tiles in x/y-direction             = 4/5
Number of particles requested      = 2048000
Number of time steps               = 100
Initialization mode                = SINUSOIDAL
Particle charge semi-increment (k) = 0
Vertical velocity              (m) = 1
Rank search mode used              = simple
Number of particles placed         = 2042831
Solution validates
Rate (Mparticles_moved/s): 131.325210
### code=pic lang=rust lto=0 scaling=weak style=SINUSOIDAL rep=9
Parallel Research Kernels
MPI Particle-in-Cell execution on 2D grid
Number of ranks                    = 20
Load balancing                     = None
Grid size                          = 1000
Tiles in x/y-direction             = 4/5
Number of particles requested      = 2048000
Number of time steps               = 100
Initialization mode                = SINUSOIDAL
Particle charge semi-increment (k) = 0
Vertical velocity              (m) = 1
Rank search mode used              = simple
Number of particles placed         = 2042831
total time: 1.990291576
Solution validates
Rate (Mparticles_moved/s): 102.899496
### code=pic lang=rust lto=1 scaling=weak style=SINUSOIDAL rep=9
Parallel Research Kernels
MPI Particle-in-Cell execution on 2D grid
Number of ranks                    = 20
Load balancing                     = None
Grid size                          = 1000
Tiles in x/y-direction             = 4/5
Number of particles requested      = 2048000
Number of time steps               = 100
Initialization mode                = SINUSOIDAL
Particle charge semi-increment (k) = 0
Vertical velocity              (m) = 1
Rank search mode used              = simple
Number of particles placed         = 2042831
total time: 1.988041463
Solution validates
Rate (Mparticles_moved/s): 103.015960
### code=pic lang=c lto=0 scaling=weak style=LINEAR rep=9
Parallel Research Kernels version 2.17
MPI Particle-in-Cell execution on 2D grid
Number of ranks                    = 20
Load balancing                     = None
Grid size                          = 1000
Tiles in x/y-direction             = 4/5
Number of particles requested      = 2048000
Number of time steps               = 100
Initialization mode                = LINEAR
  Negative slope                   = 1.000000
  Offset                           = 3.000000
Particle charge semi-increment (k) = 1
Vertical velocity              (m) = 0
Rank search mode used              = simple
Number of particles placed         = 2058693
Solution validates
Rate (Mparticles_moved/s): 212.094797
### code=pic lang=c lto=1 scaling=weak style=LINEAR rep=9
Parallel Research Kernels version 2.17
MPI Particle-in-Cell execution on 2D grid
Number of ranks                    = 20
Load balancing                     = None
Grid size                          = 1000
Tiles in x/y-direction             = 4/5
Number of particles requested      = 2048000
Number of time steps               = 100
Initialization mode                = LINEAR
  Negative slope                   = 1.000000
  Offset                           = 3.000000
Particle charge semi-increment (k) = 1
Vertical velocity              (m) = 0
Rank search mode used              = simple
Number of particles placed         = 2058693
Solution validates
Rate (Mparticles_moved/s): 213.576754
### code=pic lang=rust lto=0 scaling=weak style=LINEAR rep=9
Parallel Research Kernels
MPI Particle-in-Cell execution on 2D grid
Number of ranks                    = 20
Load balancing                     = None
Grid size                          = 1000
Tiles in x/y-direction             = 4/5
Number of particles requested      = 2048000
Number of time steps               = 100
Initialization mode            = LINEAR
  Negative slope               = 1.000000
  Offset                       = 3.000000
Particle charge semi-increment (k) = 1
Vertical velocity              (m) = 0
Rank search mode used              = simple
Number of particles placed         = 2058693
total time: 1.659328935
Solution validates
Rate (Mparticles_moved/s): 123.423389
### code=pic lang=rust lto=1 scaling=weak style=LINEAR rep=9
Parallel Research Kernels
MPI Particle-in-Cell execution on 2D grid
Number of ranks                    = 20
Load balancing                     = None
Grid size                          = 1000
Tiles in x/y-direction             = 4/5
Number of particles requested      = 2048000
Number of time steps               = 100
Initialization mode            = LINEAR
  Negative slope               = 1.000000
  Offset                       = 3.000000
Particle charge semi-increment (k) = 1
Vertical velocity              (m) = 0
Rank search mode used              = simple
Number of particles placed         = 2058693
total time: 1.603721784
Solution validates
Rate (Mparticles_moved/s): 127.702948
### code=pic lang=c lto=0 scaling=weak style=PATCH rep=9
Parallel Research Kernels version 2.17
MPI Particle-in-Cell execution on 2D grid
Number of ranks                    = 20
Load balancing                     = None
Grid size                          = 1000
Tiles in x/y-direction             = 4/5
Number of particles requested      = 2048000
Number of time steps               = 100
Initialization mode                = PATCH
  Bounding box                     = 0, 200, 100, 200
Particle charge semi-increment (k) = 1
Vertical velocity              (m) = 0
Rank search mode used              = simple
Number of particles placed         = 2045421
Solution validates
Rate (Mparticles_moved/s): 14.201709
### code=pic lang=c lto=1 scaling=weak style=PATCH rep=9
Parallel Research Kernels version 2.17
MPI Particle-in-Cell execution on 2D grid
Number of ranks                    = 20
Load balancing                     = None
Grid size                          = 1000
Tiles in x/y-direction             = 4/5
Number of particles requested      = 2048000
Number of time steps               = 100
Initialization mode                = PATCH
  Bounding box                     = 0, 200, 100, 200
Particle charge semi-increment (k) = 1
Vertical velocity              (m) = 0
Rank search mode used              = simple
Number of particles placed         = 2045421
Solution validates
Rate (Mparticles_moved/s): 14.793902
### code=pic lang=rust lto=0 scaling=weak style=PATCH rep=9
Parallel Research Kernels
MPI Particle-in-Cell execution on 2D grid
Number of ranks                    = 20
Load balancing                     = None
Grid size                          = 1000
Tiles in x/y-direction             = 4/5
Number of particles requested      = 2048000
Number of time steps               = 100
Initialization mode            = PATCH
  Bounding box                 = 0, 200, 100, 200
Particle charge semi-increment (k) = 1
Vertical velocity              (m) = 0
Rank search mode used              = simple
Number of particles placed         = 2045421
total time: 13.152334367
Solution validates
Rate (Mparticles_moved/s): 15.571380
### code=pic lang=rust lto=1 scaling=weak style=PATCH rep=9
Parallel Research Kernels
MPI Particle-in-Cell execution on 2D grid
Number of ranks                    = 20
Load balancing                     = None
Grid size                          = 1000
Tiles in x/y-direction             = 4/5
Number of particles requested      = 2048000
Number of time steps               = 100
Initialization mode            = PATCH
  Bounding box                 = 0, 200, 100, 200
Particle charge semi-increment (k) = 1
Vertical velocity              (m) = 0
Rank search mode used              = simple
Number of particles placed         = 2045421
total time: 13.063056703
Solution validates
Rate (Mparticles_moved/s): 15.677801
### code=solctra lang=c lto=0 scaling=strong style=NA rep=0
Communicator Size=[1].
Running with:
Resource Path=[resources/].
JobId=[61203600].
Steps=[1000].
Steps size=[0.001].
Particles=[61440].
Input Current=[-4350] A.
Mode=[1].
Output path=[results_61203600].
Loading input_big.txt with length=61440
Particles initialized
Loading resources//Bobina0m.txt with length=361
Loading resources//Bobina1m.txt with length=361
Loading resources//Bobina2m.txt with length=361
Loading resources//Bobina3m.txt with length=361
Loading resources//Bobina4m.txt with length=361
Loading resources//Bobina5m.txt with length=361
Loading resources//Bobina6m.txt with length=361
Loading resources//Bobina7m.txt with length=361
Loading resources//Bobina8m.txt with length=361
Loading resources//Bobina9m.txt with length=361
Loading resources//Bobina10m.txt with length=361
Loading resources//Bobina11m.txt with length=361
Coil data loaded
Executing simulation
Simulation finished
Total execution time=[481.16].
Timestamp: Mon Sep  7 16:20:23 2026

### code=solctra lang=c lto=1 scaling=strong style=NA rep=0
Communicator Size=[1].
Running with:
Resource Path=[resources/].
JobId=[61203610].
Steps=[1000].
Steps size=[0.001].
Particles=[61440].
Input Current=[-4350] A.
Mode=[1].
Output path=[results_61203610].
Loading input_big.txt with length=61440
Particles initialized
Loading resources//Bobina0m.txt with length=361
Loading resources//Bobina1m.txt with length=361
Loading resources//Bobina2m.txt with length=361
Loading resources//Bobina3m.txt with length=361
Loading resources//Bobina4m.txt with length=361
Loading resources//Bobina5m.txt with length=361
Loading resources//Bobina6m.txt with length=361
Loading resources//Bobina7m.txt with length=361
Loading resources//Bobina8m.txt with length=361
Loading resources//Bobina9m.txt with length=361
Loading resources//Bobina10m.txt with length=361
Loading resources//Bobina11m.txt with length=361
Coil data loaded
Executing simulation
Simulation finished
Total execution time=[479.37].
Timestamp: Mon Sep  7 16:28:23 2026

### code=solctra lang=rust lto=0 scaling=strong style=NA rep=0
### code=solctra lang=rust lto=1 scaling=strong style=NA rep=0
### code=solctra lang=c lto=0 scaling=strong style=NA rep=1
Communicator Size=[1].
Running with:
Resource Path=[resources/].
JobId=[61203601].
Steps=[1000].
Steps size=[0.001].
Particles=[61440].
Input Current=[-4350] A.
Mode=[1].
Output path=[results_61203601].
Loading input_big.txt with length=61440
Particles initialized
Loading resources//Bobina0m.txt with length=361
Loading resources//Bobina1m.txt with length=361
Loading resources//Bobina2m.txt with length=361
Loading resources//Bobina3m.txt with length=361
Loading resources//Bobina4m.txt with length=361
Loading resources//Bobina5m.txt with length=361
Loading resources//Bobina6m.txt with length=361
Loading resources//Bobina7m.txt with length=361
Loading resources//Bobina8m.txt with length=361
Loading resources//Bobina9m.txt with length=361
Loading resources//Bobina10m.txt with length=361
Loading resources//Bobina11m.txt with length=361
Coil data loaded
Executing simulation
Simulation finished
Total execution time=[479.89].
Timestamp: Mon Sep  7 16:52:18 2026

### code=solctra lang=c lto=1 scaling=strong style=NA rep=1
Communicator Size=[1].
Running with:
Resource Path=[resources/].
JobId=[61203611].
Steps=[1000].
Steps size=[0.001].
Particles=[61440].
Input Current=[-4350] A.
Mode=[1].
Output path=[results_61203611].
Loading input_big.txt with length=61440
Particles initialized
Loading resources//Bobina0m.txt with length=361
Loading resources//Bobina1m.txt with length=361
Loading resources//Bobina2m.txt with length=361
Loading resources//Bobina3m.txt with length=361
Loading resources//Bobina4m.txt with length=361
Loading resources//Bobina5m.txt with length=361
Loading resources//Bobina6m.txt with length=361
Loading resources//Bobina7m.txt with length=361
Loading resources//Bobina8m.txt with length=361
Loading resources//Bobina9m.txt with length=361
Loading resources//Bobina10m.txt with length=361
Loading resources//Bobina11m.txt with length=361
Coil data loaded
Executing simulation
Simulation finished
Total execution time=[479.68].
Timestamp: Mon Sep  7 17:00:18 2026

### code=solctra lang=rust lto=0 scaling=strong style=NA rep=1
### code=solctra lang=rust lto=1 scaling=strong style=NA rep=1
### code=solctra lang=c lto=0 scaling=strong style=NA rep=2
Communicator Size=[1].
Running with:
Resource Path=[resources/].
JobId=[61203602].
Steps=[1000].
Steps size=[0.001].
Particles=[61440].
Input Current=[-4350] A.
Mode=[1].
Output path=[results_61203602].
Loading input_big.txt with length=61440
Particles initialized
Loading resources//Bobina0m.txt with length=361
Loading resources//Bobina1m.txt with length=361
Loading resources//Bobina2m.txt with length=361
Loading resources//Bobina3m.txt with length=361
Loading resources//Bobina4m.txt with length=361
Loading resources//Bobina5m.txt with length=361
Loading resources//Bobina6m.txt with length=361
Loading resources//Bobina7m.txt with length=361
Loading resources//Bobina8m.txt with length=361
Loading resources//Bobina9m.txt with length=361
Loading resources//Bobina10m.txt with length=361
Loading resources//Bobina11m.txt with length=361
Coil data loaded
Executing simulation
Simulation finished
Total execution time=[480.13].
Timestamp: Mon Sep  7 17:24:12 2026

### code=solctra lang=c lto=1 scaling=strong style=NA rep=2
Communicator Size=[1].
Running with:
Resource Path=[resources/].
JobId=[61203612].
Steps=[1000].
Steps size=[0.001].
Particles=[61440].
Input Current=[-4350] A.
Mode=[1].
Output path=[results_61203612].
Loading input_big.txt with length=61440
Particles initialized
Loading resources//Bobina0m.txt with length=361
Loading resources//Bobina1m.txt with length=361
Loading resources//Bobina2m.txt with length=361
Loading resources//Bobina3m.txt with length=361
Loading resources//Bobina4m.txt with length=361
Loading resources//Bobina5m.txt with length=361
Loading resources//Bobina6m.txt with length=361
Loading resources//Bobina7m.txt with length=361
Loading resources//Bobina8m.txt with length=361
Loading resources//Bobina9m.txt with length=361
Loading resources//Bobina10m.txt with length=361
Loading resources//Bobina11m.txt with length=361
Coil data loaded
Executing simulation
Simulation finished
Total execution time=[480.57].
Timestamp: Mon Sep  7 17:32:13 2026

### code=solctra lang=rust lto=0 scaling=strong style=NA rep=2
### code=solctra lang=rust lto=1 scaling=strong style=NA rep=2
### code=solctra lang=c lto=0 scaling=strong style=NA rep=3
Communicator Size=[1].
Running with:
Resource Path=[resources/].
JobId=[61203603].
Steps=[1000].
Steps size=[0.001].
Particles=[61440].
Input Current=[-4350] A.
Mode=[1].
Output path=[results_61203603].
Loading input_big.txt with length=61440
Particles initialized
Loading resources//Bobina0m.txt with length=361
Loading resources//Bobina1m.txt with length=361
Loading resources//Bobina2m.txt with length=361
Loading resources//Bobina3m.txt with length=361
Loading resources//Bobina4m.txt with length=361
Loading resources//Bobina5m.txt with length=361
Loading resources//Bobina6m.txt with length=361
Loading resources//Bobina7m.txt with length=361
Loading resources//Bobina8m.txt with length=361
Loading resources//Bobina9m.txt with length=361
Loading resources//Bobina10m.txt with length=361
Loading resources//Bobina11m.txt with length=361
Coil data loaded
Executing simulation
Simulation finished
Total execution time=[480.15].
Timestamp: Mon Sep  7 17:56:07 2026

### code=solctra lang=c lto=1 scaling=strong style=NA rep=3
Communicator Size=[1].
Running with:
Resource Path=[resources/].
JobId=[61203613].
Steps=[1000].
Steps size=[0.001].
Particles=[61440].
Input Current=[-4350] A.
Mode=[1].
Output path=[results_61203613].
Loading input_big.txt with length=61440
Particles initialized
Loading resources//Bobina0m.txt with length=361
Loading resources//Bobina1m.txt with length=361
Loading resources//Bobina2m.txt with length=361
Loading resources//Bobina3m.txt with length=361
Loading resources//Bobina4m.txt with length=361
Loading resources//Bobina5m.txt with length=361
Loading resources//Bobina6m.txt with length=361
Loading resources//Bobina7m.txt with length=361
Loading resources//Bobina8m.txt with length=361
Loading resources//Bobina9m.txt with length=361
Loading resources//Bobina10m.txt with length=361
Loading resources//Bobina11m.txt with length=361
Coil data loaded
Executing simulation
Simulation finished
Total execution time=[479.87].
Timestamp: Mon Sep  7 18:04:07 2026

### code=solctra lang=rust lto=0 scaling=strong style=NA rep=3
### code=solctra lang=rust lto=1 scaling=strong style=NA rep=3
### code=solctra lang=c lto=0 scaling=strong style=NA rep=4
Communicator Size=[1].
Running with:
Resource Path=[resources/].
JobId=[61203604].
Steps=[1000].
Steps size=[0.001].
Particles=[61440].
Input Current=[-4350] A.
Mode=[1].
Output path=[results_61203604].
Loading input_big.txt with length=61440
Particles initialized
Loading resources//Bobina0m.txt with length=361
Loading resources//Bobina1m.txt with length=361
Loading resources//Bobina2m.txt with length=361
Loading resources//Bobina3m.txt with length=361
Loading resources//Bobina4m.txt with length=361
Loading resources//Bobina5m.txt with length=361
Loading resources//Bobina6m.txt with length=361
Loading resources//Bobina7m.txt with length=361
Loading resources//Bobina8m.txt with length=361
Loading resources//Bobina9m.txt with length=361
Loading resources//Bobina10m.txt with length=361
Loading resources//Bobina11m.txt with length=361
Coil data loaded
Executing simulation
Simulation finished
Total execution time=[479.93].
Timestamp: Mon Sep  7 18:28:01 2026

### code=solctra lang=c lto=1 scaling=strong style=NA rep=4
Communicator Size=[1].
Running with:
Resource Path=[resources/].
JobId=[61203614].
Steps=[1000].
Steps size=[0.001].
Particles=[61440].
Input Current=[-4350] A.
Mode=[1].
Output path=[results_61203614].
Loading input_big.txt with length=61440
Particles initialized
Loading resources//Bobina0m.txt with length=361
Loading resources//Bobina1m.txt with length=361
Loading resources//Bobina2m.txt with length=361
Loading resources//Bobina3m.txt with length=361
Loading resources//Bobina4m.txt with length=361
Loading resources//Bobina5m.txt with length=361
Loading resources//Bobina6m.txt with length=361
Loading resources//Bobina7m.txt with length=361
Loading resources//Bobina8m.txt with length=361
Loading resources//Bobina9m.txt with length=361
Loading resources//Bobina10m.txt with length=361
Loading resources//Bobina11m.txt with length=361
Coil data loaded
Executing simulation
Simulation finished
Total execution time=[479.65].
Timestamp: Mon Sep  7 18:36:01 2026

### code=solctra lang=rust lto=0 scaling=strong style=NA rep=4
### code=solctra lang=rust lto=1 scaling=strong style=NA rep=4
### end=2026-09-07T18:51:54-06:00
